category,material_tier,size,labor_hours,complexity_score,quality_score,market_saturation,hourly_wage,material_cost,price
Leatherwork,Standard,Small,10.6,8.83,64.6,0.372,60.1,362.2,2270.0
Leatherwork,Economy,Small,6.1,6.53,63.8,0.643,121.6,252.0,1878.0
Leatherwork,Standard,Medium,6.3,5.24,94.9,0.394,95.6,517.5,2436.0
Leatherwork,Economy,Small,9.7,4.49,51.8,0.266,148.8,252.0,2855.0
BambooCane,Economy,Small,13.5,4.09,75.6,0.331,119.9,84.0,2777.0
Jewelry,Standard,Small,11.5,2.65,32.7,0.875,141.7,483.0,2320.0
Leatherwork,Standard,Medium,18.9,6.24,67.3,0.732,71.0,517.5,3307.0
Textile,Economy,Medium,6.8,0.5,78.8,0.211,147.5,280.0,1988.0
Woodwork,Economy,Medium,4.8,4.76,77.2,0.901,100.3,320.0,1389.0
Leatherwork,Standard,Small,15.7,8.13,57.1,0.172,106.1,362.2,4978.0
Jewelry,Economy,Small,7.3,3.39,85.1,0.709,148.4,336.0,1909.0
Textile,Economy,Large,8.6,0.75,81.3,0.646,74.5,448.0,1324.0
Pottery,Standard,Medium,8.0,2.19,86.4,0.215,113.1,138.0,1881.0
BambooCane,Standard,Medium,10.2,1.18,55.9,0.611,146.7,172.5,2113.0
Textile,Economy,Small,5.4,1.44,67.0,0.122,89.0,196.0,1126.0
Pottery,Premium,Large,20.3,2.8,92.0,0.718,68.5,345.6,2819.0
Leatherwork,Standard,Small,8.8,3.61,43.8,0.269,135.8,362.2,2353.0
Jewelry,Standard,Medium,3.2,0.57,60.1,0.64,74.1,690.0,1201.0
Pottery,Economy,Small,9.4,8.5,75.4,0.409,148.2,67.2,3585.0
Woodwork,Economy,Medium,11.3,4.55,72.9,0.909,117.8,320.0,2425.0
Textile,Premium,Medium,11.4,4.89,79.0,0.411,79.3,630.0,2856.0
Pottery,Standard,Small,7.5,1.91,85.5,0.682,127.6,96.6,1593.0
BambooCane,Standard,Medium,6.3,5.5,77.4,0.212,104.7,172.5,1587.0
Jewelry,Economy,Small,4.5,4.29,100.0,0.836,127.7,336.0,1364.0
Leatherwork,Standard,Small,9.7,4.65,50.4,0.779,137.7,362.2,2322.0
Painting,Premium,Large,5.0,2.45,69.6,0.44,70.7,720.0,1692.0
Textile,Standard,Small,4.6,2.35,43.5,0.46,75.0,281.7,750.0
Textile,Standard,Medium,15.4,6.8,86.6,0.443,112.5,402.5,4001.0
Woodwork,Standard,Small,9.9,8.72,74.1,0.447,148.7,322.0,3975.0
Jewelry,Standard,Medium,7.5,5.89,72.7,0.742,115.6,690.0,2728.0
Woodwork,Economy,Small,6.8,1.0,89.2,0.557,117.3,224.0,1461.0
Leatherwork,Standard,Large,9.0,0.5,77.0,0.155,104.3,828.0,2985.0
BambooCane,Economy,Medium,2.8,0.5,60.7,0.676,80.1,120.0,387.0
Metalware,Economy,Small,7.5,0.82,72.5,0.392,142.9,280.0,1879.0
Textile,Economy,Medium,7.0,5.13,98.7,0.397,62.7,280.0,1608.0
Pottery,Standard,Medium,4.7,3.69,62.2,0.615,67.8,138.0,801.0
BambooCane,Standard,Medium,14.1,5.54,40.8,0.537,67.9,172.5,1419.0
Painting,Economy,Large,8.2,2.6,58.4,0.493,120.2,320.0,1889.0
BambooCane,Standard,Large,12.3,6.31,68.8,0.565,93.2,276.0,2734.0
BambooCane,Economy,Small,5.4,6.33,100.0,0.641,71.2,84.0,986.0
Woodwork,Economy,Large,8.4,3.82,63.4,0.411,121.5,512.0,2681.0
BambooCane,Standard,Medium,1.9,2.79,68.7,0.634,144.6,172.5,562.0
BambooCane,Economy,Large,15.0,2.77,86.6,0.51,127.9,192.0,3245.0
Painting,Premium,Small,16.1,2.02,86.6,0.293,76.3,315.0,2710.0
BambooCane,Standard,Small,12.8,4.0,90.1,0.733,135.4,120.7,2924.0
Textile,Premium,Medium,2.2,7.73,47.2,0.346,100.7,630.0,1654.0
Jewelry,Economy,Medium,2.7,1.69,78.7,0.322,76.6,480.0,1112.0
Leatherwork,Standard,Small,4.7,2.22,55.4,0.234,96.1,362.2,1139.0
Textile,Economy,Small,9.0,5.22,68.1,0.797,113.6,196.0,1784.0
Textile,Standard,Small,3.4,4.09,78.7,0.877,140.7,281.7,1119.0
Woodwork,Standard,Large,3.3,6.34,64.9,0.51,147.7,736.0,2222.0
Woodwork,Economy,Large,13.8,1.7,82.1,0.568,75.5,512.0,1962.0
Textile,Standard,Medium,11.0,3.44,70.5,0.84,98.0,402.5,2187.0
Pottery,Economy,Medium,9.0,3.79,51.7,0.902,144.3,96.0,1560.0
Woodwork,Standard,Small,11.9,6.29,56.3,0.267,67.0,322.0,2642.0
Woodwork,Standard,Small,2.1,7.77,68.6,0.461,122.3,322.0,1178.0
Textile,Standard,Medium,11.5,3.12,53.2,0.782,70.4,402.5,1439.0
Jewelry,Premium,Medium,8.1,3.76,65.1,0.142,88.4,1080.0,3766.0
Textile,Standard,Medium,9.0,2.32,81.6,0.158,95.8,402.5,2194.0
Painting,Standard,Medium,4.4,6.85,56.2,0.449,79.6,287.5,1196.0
BambooCane,Premium,Medium,4.6,4.62,70.1,0.312,106.6,270.0,1579.0
Woodwork,Premium,Small,17.2,3.57,81.5,0.685,139.0,504.0,4308.0
Textile,Economy,Large,6.2,5.06,68.5,0.365,119.6,448.0,2263.0
BambooCane,Standard,Small,9.2,3.82,82.7,0.485,74.3,120.7,1387.0
Painting,Premium,Small,4.6,1.6,81.8,0.138,61.7,315.0,1059.0
Textile,Premium,Small,11.4,4.89,74.9,0.395,115.9,441.0,3199.0
Metalware,Economy,Small,10.0,6.45,70.3,0.118,135.6,280.0,3789.0
Leatherwork,Standard,Medium,7.0,3.41,96.9,0.446,79.2,517.5,2015.0
Woodwork,Standard,Medium,6.9,3.77,96.4,0.075,147.1,460.0,3571.0
Woodwork,Standard,Medium,5.1,6.45,61.8,0.227,66.5,460.0,1622.0
Leatherwork,Standard,Medium,1.0,4.27,67.1,0.634,144.7,517.5,950.0
Textile,Standard,Small,6.8,3.42,56.1,0.291,117.3,281.7,2017.0
BambooCane,Premium,Medium,9.9,1.25,92.3,0.322,118.5,270.0,2294.0
Textile,Premium,Small,10.8,1.35,78.5,0.191,62.8,441.0,1812.0
Painting,Premium,Medium,2.3,5.04,86.3,0.853,113.8,450.0,1110.0
Woodwork,Standard,Small,12.6,2.54,83.7,0.541,147.4,322.0,3540.0
Metalware,Standard,Small,6.7,4.0,52.1,0.409,81.3,402.5,1678.0
Leatherwork,Economy,Small,8.4,3.7,65.6,0.248,126.3,252.0,2290.0
Textile,Standard,Medium,23.1,6.82,65.2,0.167,69.3,402.5,5104.0
Woodwork,Premium,Large,12.4,3.48,40.5,0.719,120.6,1152.0,2978.0
Pottery,Economy,Medium,6.0,2.88,71.6,0.503,131.6,96.0,1390.0
Leatherwork,Standard,Medium,12.3,5.64,71.0,0.498,139.1,517.5,4623.0
Metalware,Standard,Large,13.3,4.07,86.2,0.113,110.7,920.0,5506.0
Textile,Economy,Medium,1.4,5.3,38.3,0.926,90.7,280.0,584.0
Woodwork,Economy,Medium,7.3,0.69,86.7,0.257,145.9,320.0,1980.0
Woodwork,Premium,Medium,18.1,1.06,74.7,0.483,97.2,720.0,3656.0
Textile,Standard,Small,9.7,5.47,79.9,0.355,107.4,281.7,2786.0
Woodwork,Economy,Small,24.9,6.22,83.2,0.411,68.6,224.0,4528.0
Woodwork,Economy,Medium,6.0,4.93,74.2,0.487,116.9,320.0,1962.0
Pottery,Standard,Medium,2.6,2.85,63.3,0.397,66.1,138.0,472.0
Metalware,Economy,Medium,11.5,2.61,69.2,0.134,146.5,400.0,3171.0
Metalware,Standard,Small,4.3,2.46,53.8,0.255,116.1,402.5,1402.0
Pottery,Standard,Large,8.8,7.67,65.9,0.398,134.3,220.8,3031.0
Pottery,Standard,Large,7.5,4.14,76.0,0.659,75.6,220.8,1246.0
Pottery,Economy,Large,12.0,2.91,48.0,0.576,71.0,153.6,1436.0
Leatherwork,Premium,Medium,2.0,2.34,60.1,0.544,130.3,810.0,1401.0
Jewelry,Standard,Medium,7.7,1.89,60.5,0.188,80.9,690.0,2285.0
Woodwork,Economy,Medium,1.0,7.61,68.6,0.745,61.0,320.0,660.0
Painting,Standard,Medium,1.0,6.69,54.1,0.615,118.1,287.5,669.0
Metalware,Premium,Small,3.5,8.03,65.3,0.756,130.8,630.0,2143.0
Woodwork,Economy,Small,3.7,6.39,57.8,0.087,69.5,224.0,1121.0
Woodwork,Standard,Medium,6.3,6.53,57.4,0.426,68.9,460.0,1855.0
BambooCane,Standard,Small,12.1,3.81,59.1,0.32,89.0,120.7,2112.0
Woodwork,Economy,Large,17.5,7.77,77.4,0.765,144.9,512.0,5535.0
BambooCane,Standard,Small,6.5,0.98,100.0,0.847,88.8,120.7,914.0
Painting,Premium,Large,10.1,1.55,72.3,0.66,110.9,720.0,2555.0
Leatherwork,Premium,Medium,10.0,5.66,59.2,0.667,133.4,810.0,3757.0
Jewelry,Economy,Medium,9.4,8.23,55.4,0.694,100.4,480.0,2685.0
Jewelry,Economy,Medium,9.8,3.71,72.4,0.713,64.8,480.0,1617.0
BambooCane,Standard,Large,12.5,3.05,65.2,0.542,73.3,276.0,1676.0
Pottery,Economy,Small,1.9,3.96,71.1,0.688,78.3,67.2,352.0
Woodwork,Economy,Small,5.7,3.78,69.1,0.694,72.0,224.0,957.0
Pottery,Premium,Medium,6.3,4.99,57.7,0.311,136.0,216.0,1985.0
Painting,Economy,Medium,1.0,5.26,79.7,0.604,148.3,200.0,678.0
Pottery,Economy,Small,3.3,1.37,77.6,0.339,109.4,67.2,539.0
Pottery,Economy,Medium,3.3,4.43,100.0,0.303,132.6,96.0,1087.0
Leatherwork,Standard,Small,7.7,5.97,77.4,0.147,109.7,362.2,2852.0
BambooCane,Standard,Large,7.1,8.33,89.2,0.112,117.1,276.0,3003.0
BambooCane,Premium,Medium,16.1,1.49,100.0,0.318,88.2,270.0,2758.0
Painting,Standard,Small,9.0,3.9,71.3,0.218,74.6,201.2,1655.0
Textile,Economy,Large,6.8,4.49,76.2,0.499,107.3,448.0,1994.0
BambooCane,Standard,Large,6.9,1.65,67.2,0.089,148.1,276.0,1998.0
BambooCane,Economy,Small,9.7,1.71,85.0,0.548,96.7,84.0,1501.0
Woodwork,Premium,Large,12.1,4.61,81.8,0.682,109.2,1152.0,4246.0
Painting,Standard,Small,7.7,5.69,84.7,0.418,107.9,201.2,2492.0
Jewelry,Premium,Small,9.9,6.7,67.5,0.104,64.3,756.0,3468.0
Textile,Premium,Medium,19.6,2.07,77.3,0.835,126.4,630.0,3730.0
Textile,Premium,Medium,11.6,5.8,66.7,0.317,113.3,630.0,3579.0
Leatherwork,Economy,Small,12.5,6.66,85.6,0.437,81.5,252.0,2670.0
Pottery,Premium,Small,2.9,3.58,50.1,0.773,86.4,151.2,503.0
Metalware,Economy,Large,11.8,2.94,71.0,0.451,139.4,640.0,3315.0
Metalware,Standard,Medium,13.4,2.67,62.8,0.639,70.9,575.0,2346.0
Textile,Standard,Small,5.8,8.02,72.8,0.766,107.7,281.7,1558.0
Jewelry,Standard,Small,7.8,4.31,73.4,0.067,136.1,483.0,3075.0
Jewelry,Economy,Medium,20.2,1.09,94.4,0.635,107.3,480.0,3744.0
Pottery,Economy,Medium,4.1,5.49,90.2,0.267,92.8,96.0,1246.0
Metalware,Premium,Small,5.9,1.75,69.8,0.778,71.7,630.0,1256.0
Pottery,Economy,Large,11.9,3.38,78.7,0.933,108.8,153.6,2025.0
Jewelry,Economy,Large,10.7,6.22,74.6,0.647,130.4,768.0,3836.0
Jewelry,Premium,Medium,22.0,5.78,63.5,0.462,71.8,1080.0,4740.0
Textile,Standard,Medium,9.5,2.16,70.7,0.459,142.7,402.5,3037.0
Jewelry,Standard,Large,7.7,3.59,73.3,0.722,139.5,1104.0,3382.0
Painting,Economy,Medium,8.4,6.48,87.2,0.33,60.5,200.0,1433.0
BambooCane,Standard,Medium,11.2,6.01,71.6,0.387,132.7,172.5,3351.0
BambooCane,Standard,Small,11.4,6.51,55.5,0.885,84.0,120.7,1487.0
Painting,Economy,Medium,11.5,0.86,52.4,0.335,116.2,200.0,2034.0
Painting,Standard,Small,5.8,7.73,61.6,0.867,69.2,201.2,1069.0
Textile,Standard,Small,13.7,3.05,88.9,0.362,131.0,281.7,3741.0
Textile,Economy,Large,13.6,4.97,65.8,0.493,120.8,448.0,3402.0
Textile,Economy,Small,11.4,5.85,81.0,0.226,64.7,196.0,2016.0
Metalware,Standard,Medium,17.4,3.67,82.1,0.441,112.1,575.0,4392.0
Metalware,Economy,Medium,2.1,6.77,55.0,0.67,107.8,400.0,1051.0
Jewelry,Premium,Small,8.1,1.8,60.6,0.757,89.9,756.0,1700.0
Textile,Standard,Medium,3.3,1.19,72.8,0.499,87.3,402.5,950.0
Leatherwork,Economy,Medium,2.3,6.43,61.9,0.467,88.4,360.0,1093.0
Jewelry,Economy,Large,3.2,5.47,68.4,0.677,73.3,768.0,1521.0
Pottery,Economy,Medium,7.3,4.72,69.4,0.232,120.7,96.0,2086.0
Textile,Premium,Medium,6.1,7.57,78.9,0.325,77.1,630.0,2659.0
Leatherwork,Economy,Large,8.1,2.83,76.6,0.765,132.4,576.0,2528.0
Metalware,Economy,Small,10.5,5.12,64.7,0.564,149.4,280.0,2800.0
Metalware,Economy,Small,2.4,7.55,44.4,0.665,146.1,280.0,1105.0
Painting,Premium,Small,8.5,2.88,73.6,0.687,97.8,315.0,1632.0
Leatherwork,Standard,Small,17.9,7.8,50.9,0.493,64.3,362.2,2846.0
Woodwork,Standard,Medium,4.2,5.53,47.0,0.66,107.0,460.0,1282.0
Metalware,Standard,Large,4.0,4.23,94.2,0.586,90.3,920.0,2164.0
Leatherwork,Premium,Large,5.4,6.03,59.9,0.696,63.8,1296.0,2813.0
Woodwork,Standard,Small,2.7,3.78,53.9,0.55,64.7,322.0,784.0
Textile,Economy,Small,14.4,8.99,70.9,0.475,135.5,196.0,4823.0
Woodwork,Standard,Medium,10.4,4.82,56.4,0.414,120.9,460.0,2868.0
Woodwork,Economy,Large,14.4,3.34,75.9,0.645,91.8,512.0,2468.0
Textile,Premium,Medium,14.8,2.9,74.5,0.607,130.7,630.0,3956.0
Metalware,Economy,Small,5.8,2.29,73.2,0.653,98.0,280.0,1075.0
Jewelry,Standard,Medium,2.3,2.73,54.2,0.586,101.2,690.0,1174.0
Jewelry,Standard,Small,12.7,3.22,58.2,0.407,121.2,483.0,3082.0
Woodwork,Premium,Medium,7.8,6.57,81.7,0.427,67.6,720.0,2922.0
Textile,Standard,Small,19.4,1.53,91.4,0.351,126.5,281.7,4280.0
BambooCane,Premium,Medium,4.4,6.97,83.5,0.838,95.8,270.0,1243.0
Painting,Standard,Medium,4.8,2.62,100.0,0.687,100.9,287.5,1102.0
Woodwork,Premium,Medium,11.9,5.3,79.0,0.929,62.5,720.0,2499.0
Woodwork,Economy,Medium,20.0,1.54,56.4,0.436,87.9,320.0,2808.0
Leatherwork,Economy,Medium,2.3,3.87,80.5,0.835,141.3,360.0,946.0
Painting,Standard,Medium,9.9,2.75,81.1,0.219,122.5,287.5,2671.0
Textile,Standard,Large,6.6,1.7,95.6,0.327,70.7,644.0,1794.0
Pottery,Standard,Small,7.3,2.62,78.7,0.602,123.2,96.6,1504.0
Jewelry,Standard,Medium,3.2,3.66,77.3,0.437,129.6,690.0,1858.0
Leatherwork,Standard,Small,28.9,1.61,98.4,0.504,131.2,362.2,5982.0
Pottery,Standard,Medium,7.0,8.01,51.9,0.454,100.5,138.0,1816.0
Metalware,Premium,Medium,3.8,2.81,62.7,0.443,79.6,900.0,1799.0
Woodwork,Standard,Small,23.4,4.97,39.5,0.438,119.6,322.0,4471.0
Leatherwork,Premium,Medium,9.0,4.13,86.1,0.743,78.2,810.0,2230.0
Jewelry,Premium,Large,4.7,2.61,44.7,0.95,127.3,1728.0,2449.0
BambooCane,Economy,Medium,2.6,0.89,82.7,0.585,98.9,120.0,489.0
Textile,Standard,Small,13.5,2.99,79.1,0.808,120.0,281.7,2700.0
Textile,Standard,Small,6.3,4.29,56.7,0.266,88.2,281.7,1401.0
BambooCane,Economy,Small,3.9,8.34,49.1,0.658,72.5,84.0,742.0
Leatherwork,Premium,Large,21.1,2.73,80.2,0.356,121.0,1296.0,6928.0
Metalware,Standard,Small,7.2,5.9,52.2,0.612,100.8,402.5,2111.0
Painting,Standard,Medium,5.9,6.26,98.3,0.849,139.3,287.5,2020.0
BambooCane,Standard,Medium,10.4,3.5,74.9,0.508,115.7,172.5,2200.0
Metalware,Premium,Large,4.5,2.84,46.1,0.505,128.3,1440.0,2665.0
BambooCane,Economy,Small,6.1,5.38,52.5,0.484,84.4,84.0,1077.0
Painting,Economy,Medium,17.8,6.17,70.8,0.591,111.7,200.0,3275.0
Jewelry,Premium,Medium,8.9,1.95,66.7,0.332,70.5,1080.0,2553.0
Leatherwork,Standard,Medium,9.2,6.49,53.5,0.378,111.4,517.5,2644.0
Woodwork,Economy,Large,6.8,3.78,67.4,0.484,82.7,512.0,2111.0
Leatherwork,Economy,Small,25.0,3.2,40.7,0.255,86.2,252.0,3613.0
BambooCane,Premium,Medium,12.2,3.19,73.8,0.849,128.7,270.0,2501.0
Jewelry,Standard,Large,6.2,2.64,90.0,0.465,64.5,1104.0,2472.0
Textile,Standard,Large,13.1,3.9,85.0,0.653,92.9,644.0,3369.0
Jewelry,Standard,Medium,4.6,3.58,70.3,0.776,145.2,690.0,2099.0
Jewelry,Standard,Medium,6.8,8.36,80.7,0.235,136.5,690.0,4257.0
BambooCane,Economy,Large,8.1,1.62,47.3,0.309,112.0,192.0,1590.0
Jewelry,Economy,Small,14.7,4.22,86.3,0.505,125.7,336.0,4056.0
Woodwork,Premium,Small,11.4,0.73,51.5,0.759,91.0,504.0,1473.0
Leatherwork,Economy,Medium,21.4,3.17,61.3,0.593,80.4,360.0,3039.0
BambooCane,Economy,Medium,9.4,4.98,78.8,0.178,82.8,120.0,1634.0
Metalware,Standard,Small,14.2,2.46,76.2,0.417,72.6,402.5,2457.0
Leatherwork,Premium,Medium,1.9,2.89,78.7,0.6,119.1,810.0,1602.0
Painting,Premium,Small,10.4,6.22,53.6,0.735,146.6,315.0,2440.0
Jewelry,Economy,Medium,15.1,6.53,66.8,0.591,110.1,480.0,3939.0
Jewelry,Economy,Small,2.5,4.78,64.5,0.703,119.2,336.0,811.0
Painting,Standard,Large,1.7,1.89,90.3,0.909,84.5,460.0,767.0
Textile,Economy,Large,10.2,2.09,94.3,0.487,87.4,448.0,1975.0
Textile,Economy,Medium,5.0,2.34,66.9,0.525,69.0,280.0,821.0
Jewelry,Economy,Large,9.8,3.01,66.2,0.161,130.3,768.0,3833.0
Jewelry,Economy,Small,17.8,7.09,84.7,0.05,80.2,336.0,4531.0
BambooCane,Economy,Small,8.7,1.75,53.2,0.482,109.7,84.0,1292.0
Metalware,Standard,Small,5.3,4.48,95.5,0.621,140.6,402.5,2234.0
Woodwork,Economy,Small,13.0,6.06,73.7,0.279,149.1,224.0,4606.0
Leatherwork,Premium,Large,5.9,3.1,100.0,0.803,136.6,1296.0,3061.0
Painting,Economy,Medium,5.2,6.13,74.4,0.21,131.2,200.0,1998.0
Jewelry,Economy,Large,27.5,2.06,96.3,0.91,80.4,768.0,3800.0
Woodwork,Premium,Small,15.7,6.53,67.9,0.806,62.5,504.0,2687.0
BambooCane,Economy,Medium,10.6,1.43,74.8,0.789,114.1,120.0,1626.0
Painting,Premium,Large,8.7,6.47,85.1,0.427,67.4,720.0,2775.0
Jewelry,Standard,Small,11.0,7.68,60.6,0.401,60.0,483.0,2500.0
Leatherwork,Economy,Medium,16.5,4.95,35.9,0.427,140.2,360.0,3411.0
Metalware,Economy,Medium,6.2,1.04,75.2,0.163,105.0,400.0,1796.0
Painting,Economy,Medium,14.9,6.14,82.6,0.321,85.0,200.0,3399.0
BambooCane,Economy,Medium,15.5,7.11,100.0,0.343,132.9,120.0,4760.0
Jewelry,Economy,Large,5.0,5.32,74.6,0.262,143.8,768.0,2796.0
Woodwork,Premium,Small,14.6,4.5,73.2,0.473,70.4,504.0,2570.0
BambooCane,Premium,Small,17.9,9.15,54.1,0.513,107.3,189.0,4031.0
Woodwork,Economy,Medium,5.8,5.1,44.3,0.794,141.7,320.0,1534.0
Pottery,Economy,Large,14.4,7.72,75.9,0.199,142.4,153.6,4810.0
Leatherwork,Premium,Small,4.0,4.97,100.0,0.252,118.0,567.0,2278.0
Jewelry,Economy,Medium,7.3,5.73,60.5,0.512,61.3,480.0,1730.0
Jewelry,Premium,Medium,3.1,2.98,80.3,0.824,74.7,1080.0,1740.0
Leatherwork,Standard,Medium,5.6,3.13,72.7,0.519,130.0,517.5,1921.0
Pottery,Economy,Medium,6.1,4.81,68.7,0.149,121.6,96.0,1856.0
Pottery,Standard,Small,1.5,6.88,66.7,0.416,104.1,96.6,513.0
Metalware,Economy,Small,11.4,7.01,52.3,0.499,96.9,280.0,2410.0
Leatherwork,Economy,Medium,14.5,2.41,76.6,0.461,65.3,360.0,2314.0
Woodwork,Standard,Medium,5.5,4.63,56.2,0.216,111.3,460.0,2070.0
BambooCane,Economy,Medium,4.6,1.11,72.9,0.301,122.5,120.0,988.0
Textile,Standard,Small,4.1,4.52,58.6,0.921,140.7,281.7,1227.0
Woodwork,Economy,Medium,9.2,1.68,90.3,0.589,131.2,320.0,2072.0
Metalware,Standard,Medium,1.6,6.23,90.6,0.229,143.9,575.0,2120.0
BambooCane,Economy,Medium,13.9,7.18,82.1,0.11,60.1,120.0,2355.0
Metalware,Economy,Medium,3.0,1.83,74.8,0.493,95.4,400.0,1042.0
Metalware,Standard,Medium,4.6,2.46,53.3,0.621,134.3,575.0,1550.0
Leatherwork,Standard,Large,6.5,5.31,69.3,0.535,138.8,828.0,3258.0
Jewelry,Standard,Small,6.1,3.32,60.0,0.442,81.2,483.0,1505.0
Jewelry,Premium,Large,12.7,2.15,89.3,0.473,102.8,1728.0,4810.0
Textile,Premium,Medium,14.3,8.71,60.5,0.419,89.3,630.0,4068.0
Pottery,Standard,Small,5.5,3.18,78.4,0.792,99.7,96.6,819.0
Metalware,Economy,Small,5.1,2.37,69.9,0.253,84.9,280.0,1277.0
Leatherwork,Standard,Medium,13.2,1.17,81.3,0.727,142.4,517.5,3196.0
Leatherwork,Standard,Medium,11.8,1.51,70.7,0.697,142.6,517.5,2970.0
Painting,Economy,Small,15.8,2.89,100.0,0.24,148.8,140.0,4687.0
Textile,Premium,Medium,12.7,7.34,51.9,0.714,132.7,630.0,3242.0
Jewelry,Economy,Small,3.9,2.35,76.3,0.325,82.2,336.0,1070.0
Metalware,Standard,Small,9.1,2.41,72.8,0.612,123.1,402.5,2467.0
Pottery,Economy,Medium,11.7,6.63,73.5,0.415,145.8,96.0,3616.0
Metalware,Premium,Small,7.4,5.95,37.0,0.507,127.1,630.0,2561.0
Jewelry,Economy,Small,13.2,0.74,65.4,0.789,117.9,336.0,1971.0
BambooCane,Standard,Medium,12.6,8.91,64.2,0.282,111.8,172.5,3887.0
BambooCane,Economy,Medium,12.0,4.22,71.9,0.373,146.9,120.0,3356.0
BambooCane,Standard,Small,2.2,4.48,88.0,0.57,105.2,120.7,719.0
Woodwork,Economy,Small,20.1,6.49,76.5,0.512,128.6,224.0,5370.0
Jewelry,Standard,Large,14.4,3.0,66.5,0.284,115.7,1104.0,4010.0
Woodwork,Economy,Medium,2.9,6.88,70.6,0.926,123.7,320.0,1045.0
Pottery,Standard,Medium,2.4,3.94,78.3,0.371,137.0,138.0,914.0
Painting,Standard,Small,5.5,2.93,63.8,0.915,138.3,201.2,1171.0
Jewelry,Standard,Small,7.3,4.3,74.3,0.092,126.5,483.0,3125.0
Leatherwork,Premium,Medium,8.2,6.16,77.4,0.656,94.2,810.0,2991.0
Metalware,Economy,Small,8.4,4.41,63.8,0.147,83.2,280.0,1804.0
Woodwork,Economy,Medium,4.8,6.05,69.1,0.091,102.7,320.0,1928.0
Pottery,Economy,Medium,6.9,7.63,66.9,0.089,136.1,96.0,2689.0
Pottery,Economy,Medium,4.1,4.33,63.3,0.758,112.0,96.0,681.0
BambooCane,Standard,Large,12.5,2.86,90.0,0.702,75.3,276.0,1774.0
Woodwork,Premium,Small,13.1,5.05,53.5,0.242,146.7,504.0,4941.0
Pottery,Economy,Medium,2.4,3.47,74.0,0.432,136.0,96.0,764.0
BambooCane,Premium,Medium,3.5,7.99,69.8,0.531,148.6,270.0,1584.0
BambooCane,Economy,Large,6.6,1.8,33.7,0.713,76.8,192.0,746.0
Leatherwork,Premium,Medium,11.1,2.36,83.6,0.716,94.9,810.0,2449.0
Woodwork,Premium,Small,3.8,1.78,78.8,0.843,104.0,504.0,1194.0
Leatherwork,Standard,Medium,6.9,1.11,69.9,0.597,97.0,517.5,1495.0
BambooCane,Economy,Medium,8.0,1.43,39.4,0.486,86.5,120.0,1090.0
Painting,Premium,Medium,4.8,4.16,76.8,0.351,86.2,450.0,1765.0
Painting,Standard,Small,7.5,4.54,42.3,0.773,123.5,201.2,1423.0
Metalware,Economy,Medium,4.5,3.42,77.4,0.079,60.9,400.0,1396.0
Metalware,Standard,Large,9.4,5.35,86.6,0.586,123.8,920.0,4328.0
Jewelry,Economy,Small,9.8,0.95,69.6,0.57,83.2,336.0,1544.0
Leatherwork,Standard,Medium,10.2,3.35,69.8,0.443,136.7,517.5,3187.0
Jewelry,Economy,Large,1.5,6.65,74.5,0.785,72.6,768.0,1579.0
Metalware,Economy,Medium,9.1,4.09,48.4,0.742,122.1,400.0,1922.0
Woodwork,Economy,Medium,13.4,6.88,48.4,0.746,87.9,320.0,2323.0
Woodwork,Standard,Medium,24.5,4.6,36.1,0.562,121.8,460.0,4663.0
BambooCane,Economy,Small,16.0,8.12,57.2,0.148,93.0,84.0,3429.0
BambooCane,Premium,Large,2.8,1.34,59.8,0.615,76.5,432.0,841.0
Pottery,Economy,Medium,3.2,4.54,65.0,0.088,142.4,96.0,1020.0
Textile,Economy,Medium,8.7,0.5,77.8,0.581,71.2,280.0,1109.0
BambooCane,Standard,Small,8.8,3.59,80.9,0.444,118.2,120.7,2112.0
Painting,Premium,Small,8.0,6.15,69.0,0.95,142.0,315.0,1980.0
Woodwork,Standard,Small,7.1,4.02,88.8,0.508,117.5,322.0,2031.0
Jewelry,Standard,Medium,10.5,1.78,83.3,0.874,127.7,690.0,2597.0
Woodwork,Economy,Medium,11.0,7.05,34.5,0.114,147.5,320.0,3659.0
Painting,Premium,Medium,1.3,3.42,78.4,0.352,126.3,450.0,1137.0
Pottery,Economy,Medium,9.6,1.29,89.7,0.3,76.8,96.0,1326.0
Painting,Premium,Medium,5.8,1.99,45.3,0.575,135.5,450.0,1575.0
BambooCane,Standard,Medium,5.5,1.18,78.3,0.199,112.1,172.5,1406.0
Pottery,Standard,Large,11.0,4.99,64.9,0.376,79.6,220.8,1907.0
BambooCane,Standard,Large,5.9,5.25,82.1,0.382,100.3,276.0,1803.0
Pottery,Premium,Large,7.8,2.18,79.3,0.084,106.9,345.6,2254.0
Woodwork,Economy,Small,7.2,1.85,58.5,0.889,121.4,224.0,1068.0
Painting,Economy,Medium,12.4,5.25,71.8,0.554,84.8,200.0,2156.0
Textile,Standard,Large,18.0,0.86,60.4,0.463,84.1,644.0,2817.0
Painting,Economy,Small,12.1,1.06,84.3,0.56,81.3,140.0,1480.0
BambooCane,Standard,Medium,5.4,4.47,68.7,0.486,148.8,172.5,1610.0
Metalware,Economy,Medium,12.8,1.84,74.4,0.199,71.5,400.0,2077.0
Painting,Standard,Large,16.6,2.54,75.4,0.545,68.4,460.0,2278.0
Leatherwork,Economy,Medium,5.1,3.78,76.9,0.356,127.5,360.0,1464.0
Woodwork,Standard,Medium,4.4,6.26,61.0,0.258,120.2,460.0,1909.0
Pottery,Economy,Large,1.0,3.43,94.0,0.522,103.8,153.6,467.0
Jewelry,Economy,Medium,11.2,0.87,67.1,0.372,67.6,480.0,1940.0
BambooCane,Premium,Medium,17.1,5.61,44.3,0.702,79.9,270.0,2404.0
Pottery,Economy,Small,8.1,1.74,70.8,0.603,131.1,67.2,1555.0
Textile,Economy,Small,12.5,4.23,54.9,0.66,79.4,196.0,1644.0
Painting,Premium,Large,11.4,6.11,72.6,0.286,108.8,720.0,4332.0
Metalware,Standard,Large,4.6,3.21,63.8,0.35,117.9,920.0,2502.0
Leatherwork,Economy,Large,17.6,3.29,74.1,0.298,137.1,576.0,4962.0
Painting,Premium,Medium,7.5,1.94,73.7,0.329,128.7,450.0,2168.0
Woodwork,Standard,Small,15.7,6.12,92.4,0.391,95.5,322.0,4075.0
Jewelry,Standard,Small,5.5,4.69,74.1,0.675,75.3,483.0,1498.0
Painting,Economy,Small,10.6,0.54,71.1,0.488,78.5,140.0,1415.0
Textile,Standard,Large,6.1,0.68,78.9,0.533,106.7,644.0,1620.0
Woodwork,Economy,Small,11.8,2.33,91.2,0.846,60.4,224.0,1296.0
Leatherwork,Economy,Medium,17.7,4.71,94.6,0.367,70.6,360.0,3286.0
Painting,Standard,Medium,9.1,3.01,85.1,0.707,82.4,287.5,1610.0
Metalware,Premium,Small,2.9,3.97,44.0,0.35,139.4,630.0,1362.0
Leatherwork,Standard,Small,12.5,4.01,78.7,0.513,135.8,362.2,3709.0
Textile,Premium,Medium,2.2,7.7,69.4,0.564,143.8,630.0,1856.0
BambooCane,Economy,Medium,5.8,3.71,76.0,0.167,109.9,120.0,1253.0
Leatherwork,Economy,Large,6.1,3.55,81.8,0.245,76.9,576.0,2164.0
Leatherwork,Economy,Small,8.7,5.86,66.5,0.444,68.8,252.0,1767.0
BambooCane,Premium,Large,15.4,4.04,96.0,0.685,94.6,432.0,2979.0
Textile,Standard,Large,7.2,4.95,62.2,0.289,103.7,644.0,2460.0
Textile,Economy,Medium,6.5,1.99,70.1,0.373,67.6,280.0,1206.0
Metalware,Standard,Medium,14.1,6.87,76.7,0.638,77.1,575.0,2975.0
Woodwork,Premium,Medium,9.6,2.32,74.6,0.704,146.0,720.0,3261.0
Pottery,Premium,Medium,7.7,0.96,53.5,0.767,90.5,216.0,1031.0
BambooCane,Economy,Small,10.9,3.8,75.8,0.554,125.5,84.0,2642.0
Textile,Standard,Large,7.9,0.69,84.5,0.616,89.6,644.0,1813.0
Textile,Standard,Small,1.7,3.68,83.1,0.551,90.3,281.7,719.0
BambooCane,Standard,Small,11.4,1.16,87.6,0.46,107.7,120.7,2182.0
Jewelry,Standard,Medium,25.6,2.69,100.0,0.691,148.4,690.0,7630.0
BambooCane,Standard,Large,12.6,2.01,89.9,0.532,106.5,276.0,2570.0
Metalware,Standard,Medium,4.0,4.68,90.9,0.55,81.4,575.0,1674.0
Textile,Premium,Small,6.8,4.13,71.8,0.487,121.5,441.0,2237.0
Leatherwork,Premium,Medium,10.4,6.73,80.6,0.446,67.2,810.0,3340.0
BambooCane,Premium,Medium,12.6,3.33,78.3,0.32,73.0,270.0,1816.0
Metalware,Standard,Small,5.1,5.52,97.1,0.322,90.7,402.5,1983.0
Pottery,Standard,Small,9.1,1.95,42.7,0.672,64.4,96.6,815.0
BambooCane,Economy,Medium,5.4,2.77,75.0,0.603,102.7,120.0,1078.0
Woodwork,Premium,Small,5.5,1.68,59.3,0.337,96.6,504.0,1495.0
Painting,Standard,Medium,7.0,2.55,91.7,0.895,121.0,287.5,1615.0
Painting,Premium,Small,3.0,4.64,57.5,0.742,72.1,315.0,733.0
Jewelry,Standard,Medium,6.0,4.13,65.0,0.588,111.4,690.0,2229.0
Painting,Standard,Medium,26.5,5.36,81.1,0.146,132.3,287.5,8992.0
BambooCane,Standard,Medium,15.8,1.47,51.0,0.243,90.5,172.5,1734.0
Pottery,Premium,Large,7.6,5.0,67.9,0.739,146.5,345.6,2158.0
Painting,Standard,Small,7.9,4.93,80.4,0.293,117.5,201.2,2390.0
Pottery,Standard,Small,11.7,1.65,90.4,0.627,85.7,96.6,1548.0
Textile,Standard,Medium,26.5,2.89,72.8,0.629,88.1,402.5,3692.0
Textile,Standard,Medium,9.3,4.38,74.5,0.819,102.1,402.5,1754.0
Textile,Economy,Large,6.3,5.77,92.5,0.509,110.8,448.0,2412.0
BambooCane,Standard,Small,6.1,4.37,80.1,0.132,106.0,120.7,1576.0
Jewelry,Standard,Small,3.9,5.45,86.2,0.369,94.7,483.0,1931.0
Painting,Economy,Medium,18.8,3.3,43.6,0.501,105.3,200.0,2699.0
Metalware,Standard,Small,3.4,0.91,70.0,0.667,69.6,402.5,779.0
Jewelry,Standard,Large,15.7,8.06,50.1,0.395,64.7,1104.0,4115.0
Textile,Economy,Large,12.5,3.13,81.0,0.442,133.1,448.0,3564.0
Woodwork,Standard,Medium,9.0,8.01,62.6,0.873,104.8,460.0,2298.0
Painting,Economy,Medium,7.2,4.95,83.3,0.676,97.2,200.0,1459.0
Textile,Standard,Medium,2.8,0.89,93.1,0.192,97.2,402.5,1027.0
Painting,Economy,Small,2.6,0.7,73.1,0.875,132.4,140.0,575.0
Metalware,Economy,Small,6.3,3.14,89.9,0.14,91.6,280.0,1691.0
Metalware,Economy,Large,9.6,2.2,54.9,0.391,137.3,640.0,2613.0
Leatherwork,Economy,Large,18.8,6.17,52.0,0.834,119.7,576.0,3569.0
Woodwork,Standard,Medium,9.2,3.1,55.6,0.853,139.9,460.0,2479.0
Pottery,Premium,Large,2.1,4.69,72.0,0.488,116.1,345.6,959.0
Leatherwork,Economy,Large,9.0,7.14,37.2,0.605,63.4,576.0,1826.0
BambooCane,Standard,Small,9.0,5.32,50.3,0.659,142.6,120.7,2292.0
Pottery,Standard,Small,5.1,6.6,77.1,0.734,128.9,96.6,1366.0
Pottery,Premium,Small,4.8,1.7,76.9,0.598,144.0,151.2,1131.0
Jewelry,Standard,Large,4.6,5.18,57.8,0.204,85.9,1104.0,2837.0
Pottery,Standard,Medium,8.7,1.2,67.9,0.658,129.3,138.0,1451.0
Woodwork,Economy,Small,7.3,0.8,68.0,0.5,83.7,224.0,1068.0
Painting,Premium,Medium,2.6,1.97,63.5,0.215,84.0,450.0,1186.0
BambooCane,Premium,Medium,10.4,3.72,88.9,0.933,85.6,270.0,1616.0
Textile,Standard,Large,12.9,6.35,45.0,0.401,133.1,644.0,4291.0
Metalware,Standard,Large,9.0,3.61,63.8,0.819,100.3,920.0,2614.0
Pottery,Premium,Medium,7.4,5.87,80.7,0.891,109.0,216.0,1715.0
BambooCane,Premium,Medium,9.5,2.4,98.7,0.11,116.7,270.0,2604.0
Textile,Economy,Large,2.8,6.56,43.4,0.528,145.4,448.0,1385.0
Painting,Economy,Medium,3.1,4.99,82.9,0.418,67.3,200.0,891.0
Leatherwork,Standard,Medium,8.2,1.28,70.4,0.213,145.1,517.5,2720.0
BambooCane,Economy,Medium,6.9,6.29,57.4,0.885,86.9,120.0,1071.0
Textile,Economy,Medium,18.3,0.5,81.0,0.768,132.9,280.0,2759.0
Jewelry,Premium,Small,9.5,1.1,79.1,0.05,68.1,756.0,2033.0
Textile,Premium,Medium,4.4,2.86,81.2,0.48,69.1,630.0,1233.0
Jewelry,Economy,Large,4.1,4.51,77.3,0.232,129.5,768.0,2725.0
Woodwork,Standard,Small,11.4,1.36,51.1,0.471,93.6,322.0,1910.0
Leatherwork,Premium,Medium,6.3,2.88,83.9,0.623,64.9,810.0,1902.0
Textile,Standard,Medium,19.3,1.25,78.1,0.325,67.1,402.5,2750.0
Woodwork,Standard,Large,3.7,1.97,74.4,0.671,129.3,736.0,1451.0
Pottery,Premium,Small,12.2,0.8,76.2,0.917,117.6,151.2,1685.0
Jewelry,Premium,Small,7.0,2.84,64.1,0.721,146.5,756.0,2670.0
Textile,Standard,Small,10.9,6.03,100.0,0.25,133.0,281.7,4522.0
BambooCane,Economy,Small,15.6,6.29,94.1,0.877,103.9,84.0,2919.0
Jewelry,Standard,Medium,8.5,1.82,98.2,0.655,70.6,690.0,2098.0
Pottery,Standard,Small,3.4,3.94,78.3,0.788,64.6,96.6,470.0
Metalware,Premium,Medium,9.0,3.04,74.9,0.676,114.3,900.0,2766.0
Painting,Economy,Small,8.6,4.24,59.1,0.381,140.1,140.0,2402.0
Jewelry,Premium,Medium,12.8,6.05,73.6,0.269,117.9,1080.0,5880.0
Leatherwork,Standard,Small,10.1,5.12,76.0,0.254,104.9,362.2,3423.0
Pottery,Standard,Small,13.0,2.29,49.4,0.137,85.0,96.6,1671.0
Woodwork,Standard,Small,16.5,3.21,46.5,0.571,64.9,322.0,1940.0
Woodwork,Premium,Small,10.1,3.34,70.2,0.247,67.9,504.0,2255.0
Jewelry,Standard,Medium,9.2,1.95,57.9,0.099,140.0,690.0,2913.0
Painting,Economy,Medium,11.0,4.4,75.2,0.452,94.0,200.0,2279.0
Painting,Standard,Large,5.6,3.33,74.8,0.853,96.0,460.0,1455.0
Painting,Premium,Small,16.4,5.46,85.0,0.524,148.8,315.0,5070.0
Metalware,Premium,Small,6.4,2.31,29.7,0.085,66.3,630.0,1638.0
Leatherwork,Economy,Medium,18.5,2.92,78.6,0.278,101.0,360.0,4500.0
Textile,Standard,Medium,13.1,2.24,79.3,0.712,106.1,402.5,2641.0
Metalware,Standard,Medium,5.8,5.74,87.3,0.631,135.5,575.0,2594.0
Painting,Economy,Medium,13.8,4.03,100.0,0.735,103.4,200.0,3111.0
Painting,Economy,Medium,6.8,6.21,100.0,0.373,132.3,200.0,2627.0
Leatherwork,Economy,Large,6.3,1.51,67.5,0.844,147.5,576.0,1783.0
Painting,Economy,Large,11.7,2.56,65.9,0.082,105.9,320.0,2364.0
BambooCane,Economy,Medium,14.6,3.53,53.6,0.667,134.4,120.0,2733.0
BambooCane,Standard,Large,6.4,5.78,73.3,0.578,117.3,276.0,1686.0
Textile,Standard,Small,8.3,3.1,69.4,0.155,72.3,281.7,1713.0
Painting,Economy,Small,5.0,2.23,70.6,0.474,111.2,140.0,1142.0
Metalware,Economy,Medium,5.1,4.74,47.8,0.207,82.5,400.0,1337.0
BambooCane,Premium,Medium,5.8,0.7,73.7,0.152,68.9,270.0,1099.0
Pottery,Standard,Small,6.0,5.06,99.5,0.389,118.7,96.6,1666.0
Woodwork,Economy,Small,7.4,1.15,66.9,0.945,125.9,224.0,1310.0
Painting,Standard,Medium,10.7,6.82,94.0,0.058,93.5,287.5,3639.0
Woodwork,Standard,Large,13.3,1.87,50.4,0.181,129.3,736.0,3089.0
Jewelry,Economy,Medium,8.0,1.37,71.4,0.355,106.8,480.0,1901.0
Woodwork,Standard,Large,17.7,1.93,80.0,0.7,145.6,736.0,4456.0
Textile,Economy,Medium,11.0,1.9,83.0,0.502,68.2,280.0,1571.0
Painting,Economy,Medium,3.1,6.85,70.1,0.452,68.5,200.0,781.0
Leatherwork,Economy,Small,5.9,2.16,79.2,0.456,143.8,252.0,1829.0
Metalware,Economy,Medium,5.5,3.62,66.9,0.57,110.7,400.0,1427.0
Pottery,Premium,Large,3.9,4.32,76.2,0.12,141.8,345.6,1731.0
Painting,Standard,Small,13.9,4.15,53.8,0.606,148.1,201.2,3616.0
BambooCane,Economy,Small,6.8,6.45,71.5,0.578,65.6,84.0,1195.0
Pottery,Economy,Small,11.3,9.22,50.8,0.296,99.7,67.2,2751.0
Pottery,Standard,Small,8.1,3.96,100.0,0.05,149.4,96.6,2793.0
BambooCane,Standard,Medium,2.1,6.36,59.7,0.533,122.7,172.5,762.0
Painting,Economy,Medium,2.9,5.19,56.6,0.8,90.2,200.0,626.0
Metalware,Standard,Large,3.2,3.27,80.9,0.847,136.7,920.0,1690.0
Painting,Economy,Large,9.1,2.02,86.7,0.732,102.8,320.0,1922.0
Leatherwork,Economy,Medium,1.9,8.53,98.1,0.777,104.2,360.0,1135.0
Leatherwork,Standard,Large,9.0,0.5,50.4,0.352,136.6,828.0,2736.0
Metalware,Economy,Medium,4.3,1.08,69.9,0.336,111.5,400.0,1194.0
Leatherwork,Standard,Medium,4.9,6.97,90.3,0.296,108.9,517.5,2501.0
Pottery,Economy,Medium,14.7,5.45,77.1,0.63,94.4,96.0,2622.0
Leatherwork,Standard,Medium,9.6,4.43,78.3,0.36,130.4,517.5,3688.0
Leatherwork,Premium,Small,8.7,4.09,74.6,0.476,102.2,567.0,2284.0
Textile,Premium,Medium,9.1,3.48,67.4,0.181,73.4,630.0,2346.0
Metalware,Premium,Large,15.4,3.94,54.6,0.571,117.2,1440.0,5350.0
Textile,Economy,Small,9.5,4.84,46.4,0.588,147.2,196.0,2436.0
Metalware,Economy,Medium,2.2,0.57,79.3,0.58,142.7,400.0,919.0
Textile,Premium,Medium,13.4,1.31,52.9,0.48,61.7,630.0,1789.0
Pottery,Standard,Medium,9.6,5.57,40.1,0.76,137.5,138.0,2279.0
Pottery,Premium,Medium,5.1,6.8,55.3,0.622,128.3,216.0,1769.0
Metalware,Premium,Small,8.9,0.85,88.8,0.706,132.8,630.0,2282.0
Jewelry,Premium,Medium,6.6,2.76,99.5,0.623,118.6,1080.0,2849.0
Textile,Standard,Medium,8.0,1.8,100.0,0.836,145.2,402.5,2040.0
Pottery,Standard,Medium,28.5,2.1,58.4,0.119,62.2,138.0,2956.0
BambooCane,Standard,Medium,7.2,1.93,97.4,0.477,86.1,172.5,1286.0
Pottery,Premium,Medium,15.1,5.03,88.5,0.818,132.6,216.0,3804.0
Textile,Premium,Medium,8.0,5.53,62.5,0.736,71.1,630.0,1890.0
Leatherwork,Standard,Medium,11.3,3.34,52.7,0.814,82.8,517.5,1877.0
Metalware,Standard,Small,2.7,3.92,80.9,0.621,137.2,402.5,1395.0
Pottery,Economy,Medium,6.5,4.28,60.2,0.783,62.1,96.0,491.0
Pottery,Standard,Medium,8.4,4.31,93.7,0.455,136.1,138.0,2432.0
Painting,Standard,Small,8.8,2.6,52.2,0.682,135.8,201.2,1669.0
BambooCane,Standard,Medium,8.6,4.8,73.5,0.297,125.9,172.5,2405.0
Jewelry,Standard,Large,5.7,3.99,71.8,0.283,135.2,1104.0,3658.0
Jewelry,Standard,Medium,10.8,0.81,67.8,0.294,63.1,690.0,1743.0
Painting,Standard,Medium,1.8,1.23,67.6,0.905,90.5,287.5,500.0
Woodwork,Standard,Medium,17.5,5.41,76.9,0.673,99.9,460.0,4133.0
Leatherwork,Premium,Medium,28.3,5.28,96.2,0.475,65.7,810.0,5384.0
BambooCane,Economy,Small,4.7,5.83,78.9,0.632,118.0,84.0,1256.0
Metalware,Economy,Small,5.4,4.63,93.0,0.95,95.5,280.0,1137.0
Woodwork,Economy,Medium,5.7,6.98,68.1,0.406,112.9,320.0,1968.0
Textile,Standard,Medium,22.9,6.33,90.6,0.828,107.9,402.5,4693.0
Metalware,Standard,Small,6.5,3.62,73.5,0.449,106.6,402.5,2022.0
Textile,Standard,Large,4.3,2.8,48.6,0.05,117.1,644.0,1634.0
BambooCane,Standard,Small,2.2,4.73,63.6,0.406,80.6,120.7,530.0
Painting,Economy,Medium,13.1,4.92,69.6,0.303,119.4,200.0,3551.0
Woodwork,Standard,Medium,12.5,7.04,59.2,0.684,103.9,460.0,3530.0
BambooCane,Premium,Small,13.0,3.48,95.3,0.508,132.0,189.0,3382.0
Woodwork,Premium,Medium,1.0,0.88,100.0,0.336,114.1,720.0,1364.0
BambooCane,Premium,Small,21.6,2.83,77.9,0.219,113.6,189.0,4372.0
Painting,Standard,Medium,20.9,1.08,71.1,0.25,141.8,287.5,5369.0
Pottery,Premium,Small,7.9,2.03,66.5,0.418,114.1,151.2,1845.0
BambooCane,Standard,Small,15.0,2.39,86.5,0.535,99.9,120.7,2961.0
Painting,Premium,Medium,3.6,5.57,62.3,0.437,82.2,450.0,1423.0
Pottery,Standard,Medium,15.5,5.75,56.2,0.243,61.7,138.0,2076.0
Jewelry,Economy,Small,6.9,4.38,63.8,0.549,96.2,336.0,1700.0
Metalware,Standard,Small,10.0,5.7,100.0,0.732,86.0,402.5,2217.0
Pottery,Standard,Medium,13.1,5.92,78.4,0.337,147.2,138.0,4158.0
Leatherwork,Standard,Medium,9.2,4.45,45.9,0.741,125.9,517.5,2163.0
BambooCane,Economy,Medium,4.0,3.14,69.7,0.59,101.6,120.0,942.0
Painting,Premium,Medium,5.3,2.19,94.8,0.312,88.0,450.0,1925.0
Metalware,Premium,Medium,6.0,7.35,49.3,0.103,123.5,900.0,3411.0
Textile,Premium,Small,10.4,7.4,66.8,0.369,64.5,441.0,2449.0
Metalware,Standard,Medium,21.7,6.04,73.9,0.421,112.2,575.0,5803.0
BambooCane,Economy,Small,9.4,1.74,45.5,0.693,77.9,84.0,830.0
Textile,Economy,Small,8.1,3.31,79.8,0.348,143.2,196.0,2465.0
Jewelry,Standard,Small,3.9,2.66,51.8,0.16,116.4,483.0,1457.0
Woodwork,Economy,Medium,6.3,5.19,47.0,0.652,88.5,320.0,1401.0
Metalware,Standard,Large,6.4,3.8,49.3,0.406,69.0,920.0,2096.0
BambooCane,Standard,Small,1.2,4.66,100.0,0.26,62.3,120.7,444.0
Textile,Economy,Small,20.0,8.59,79.0,0.277,114.9,196.0,6363.0
Metalware,Economy,Medium,10.4,4.71,65.3,0.373,114.2,400.0,2815.0
BambooCane,Standard,Small,3.2,1.57,64.2,0.417,69.6,120.7,562.0
Metalware,Premium,Large,8.2,7.17,89.7,0.331,78.6,1440.0,4863.0
Woodwork,Economy,Small,13.8,4.81,46.2,0.314,131.2,224.0,3120.0
BambooCane,Standard,Medium,8.1,2.81,38.4,0.463,96.4,172.5,1254.0
Leatherwork,Economy,Large,10.2,5.63,51.9,0.82,113.6,576.0,2263.0
Metalware,Standard,Small,6.3,6.34,80.6,0.73,74.6,402.5,1623.0
Leatherwork,Standard,Medium,3.1,5.89,61.0,0.597,133.6,517.5,1395.0
Jewelry,Economy,Medium,10.1,4.6,79.8,0.918,72.7,480.0,2038.0
Woodwork,Economy,Medium,8.5,0.53,91.5,0.516,147.0,320.0,1860.0
Pottery,Standard,Small,3.5,1.95,72.5,0.201,144.7,96.6,1078.0
Painting,Economy,Medium,9.8,3.61,20.0,0.445,101.6,200.0,1597.0
Painting,Economy,Small,13.3,1.77,64.8,0.389,116.0,140.0,2351.0
Jewelry,Standard,Small,3.6,5.67,80.2,0.743,81.8,483.0,1430.0
Leatherwork,Standard,Medium,8.7,6.42,69.4,0.254,108.0,517.5,2991.0
Pottery,Standard,Large,19.0,1.12,74.5,0.426,61.8,220.8,2016.0
Pottery,Economy,Medium,2.3,2.79,71.5,0.897,113.4,96.0,424.0
Pottery,Standard,Small,5.7,3.96,96.5,0.468,121.1,96.6,1501.0
Woodwork,Premium,Medium,2.9,6.84,63.3,0.497,131.1,720.0,2044.0
Metalware,Premium,Medium,8.5,5.07,73.7,0.303,144.0,900.0,4184.0
Woodwork,Premium,Medium,3.0,6.9,81.6,0.205,97.7,720.0,2576.0
Painting,Standard,Medium,13.0,4.63,87.7,0.212,69.0,287.5,2734.0
Pottery,Standard,Small,10.2,3.94,69.8,0.4,71.5,96.6,1416.0
Pottery,Premium,Small,18.9,4.42,95.9,0.742,135.2,151.2,4336.0
Leatherwork,Economy,Medium,7.4,6.48,81.1,0.651,102.3,360.0,2256.0
Jewelry,Economy,Small,8.6,7.14,79.2,0.05,110.9,336.0,3070.0
Metalware,Standard,Small,3.9,1.59,72.7,0.095,71.2,402.5,1319.0
Painting,Premium,Large,13.1,2.93,43.0,0.423,140.8,720.0,3591.0
Pottery,Standard,Small,14.8,4.72,69.4,0.379,116.2,96.6,3738.0
Metalware,Economy,Small,1.6,3.36,76.5,0.686,69.0,280.0,615.0
Metalware,Premium,Small,13.3,1.46,71.0,0.191,90.7,630.0,3060.0
Jewelry,Economy,Small,5.9,1.06,88.8,0.549,148.5,336.0,1918.0
Leatherwork,Standard,Medium,2.5,3.09,58.4,0.454,69.7,517.5,933.0
BambooCane,Economy,Large,14.5,8.53,74.8,0.715,106.1,192.0,3649.0
Jewelry,Standard,Medium,2.1,3.55,54.3,0.456,73.1,690.0,1198.0
Pottery,Economy,Medium,21.9,5.83,71.5,0.186,130.6,96.0,5711.0
Jewelry,Premium,Large,3.1,1.2,60.0,0.781,132.9,1728.0,2335.0
Painting,Premium,Small,15.4,7.78,72.6,0.33,125.5,315.0,5775.0
Jewelry,Standard,Medium,10.5,5.52,67.2,0.747,126.9,690.0,3443.0
Jewelry,Economy,Small,4.1,3.77,73.2,0.609,141.6,336.0,1422.0
Leatherwork,Standard,Medium,10.8,1.84,66.9,0.147,97.4,517.5,2284.0
BambooCane,Premium,Medium,2.7,5.57,77.3,0.595,147.0,270.0,1187.0
Woodwork,Standard,Small,10.8,5.42,83.0,0.512,106.3,322.0,2946.0
Woodwork,Economy,Medium,9.0,6.41,71.4,0.72,96.9,320.0,2258.0
Leatherwork,Standard,Medium,4.7,4.5,64.7,0.066,109.0,517.5,2000.0
Leatherwork,Premium,Large,5.2,4.3,73.5,0.792,77.2,1296.0,2512.0
Painting,Premium,Small,17.0,4.03,85.8,0.887,63.4,315.0,1934.0
Pottery,Standard,Small,2.5,2.54,45.5,0.907,99.2,96.6,374.0
Jewelry,Standard,Medium,5.5,7.32,56.0,0.482,147.4,690.0,2558.0
Woodwork,Premium,Medium,9.2,5.99,56.8,0.658,147.8,720.0,3405.0
Woodwork,Standard,Small,16.9,4.51,85.8,0.904,114.8,322.0,3866.0
Jewelry,Economy,Small,3.5,1.61,60.2,0.22,97.6,336.0,1107.0
Jewelry,Standard,Small,19.3,2.21,60.3,0.094,99.0,483.0,4277.0
Woodwork,Economy,Medium,11.2,5.86,95.0,0.542,135.1,320.0,3313.0
Metalware,Standard,Small,6.8,3.16,77.0,0.242,121.4,402.5,2057.0
Painting,Standard,Medium,7.1,2.67,56.0,0.427,60.8,287.5,1008.0
Painting,Economy,Medium,6.2,8.2,72.8,0.234,117.6,200.0,2451.0
Leatherwork,Economy,Small,1.8,2.29,70.3,0.477,138.6,252.0,637.0
Pottery,Premium,Medium,2.7,5.37,62.9,0.661,134.3,216.0,965.0
BambooCane,Standard,Medium,7.1,6.62,64.6,0.949,105.9,172.5,1370.0
Metalware,Premium,Medium,6.9,1.92,51.5,0.542,137.1,900.0,2033.0
Painting,Premium,Medium,7.9,5.17,68.7,0.368,96.8,450.0,2427.0
Jewelry,Economy,Small,6.1,5.09,53.3,0.192,87.6,336.0,1626.0
Leatherwork,Standard,Medium,6.3,2.38,68.9,0.474,78.7,517.5,1571.0
Pottery,Standard,Medium,2.4,1.96,74.9,0.289,83.1,138.0,463.0
Painting,Premium,Large,9.3,4.37,42.5,0.471,110.8,720.0,2115.0
Pottery,Standard,Medium,20.9,4.36,70.3,0.187,80.0,138.0,3448.0
Leatherwork,Standard,Small,18.5,4.98,45.3,0.266,146.0,362.2,4907.0
Painting,Premium,Large,5.4,4.83,63.1,0.832,88.5,720.0,1640.0
Textile,Premium,Small,10.1,7.03,77.1,0.756,117.1,441.0,2455.0
Textile,Economy,Medium,9.9,3.77,77.8,0.923,67.1,280.0,1248.0
Metalware,Economy,Medium,10.0,5.84,80.6,0.368,123.5,400.0,3458.0
Metalware,Economy,Small,4.6,4.42,72.8,0.851,99.8,280.0,898.0
Metalware,Premium,Medium,7.7,6.72,69.6,0.84,68.7,900.0,2157.0
Pottery,Standard,Medium,8.6,5.71,59.1,0.207,82.9,138.0,1726.0
Leatherwork,Standard,Small,10.6,2.6,72.9,0.94,92.7,362.2,1656.0
Metalware,Standard,Medium,8.4,2.93,64.9,0.682,120.9,575.0,2189.0
Painting,Standard,Medium,20.9,5.93,80.2,0.521,147.3,287.5,6091.0
Jewelry,Economy,Medium,7.5,1.54,98.2,0.075,118.0,480.0,2352.0
Textile,Premium,Small,6.0,6.21,60.6,0.644,97.1,441.0,1394.0
Metalware,Economy,Small,4.8,1.83,61.4,0.618,121.1,280.0,1301.0
Leatherwork,Economy,Medium,11.0,5.03,63.9,0.264,62.3,360.0,2017.0
Painting,Economy,Large,7.1,5.51,76.9,0.077,95.5,320.0,2220.0
Metalware,Standard,Medium,9.3,1.39,69.9,0.555,126.3,575.0,2783.0
Painting,Standard,Medium,2.9,7.61,48.5,0.545,113.7,287.5,1074.0
Leatherwork,Economy,Large,3.9,4.94,56.3,0.59,106.1,576.0,1585.0
Leatherwork,Standard,Large,8.4,4.17,74.1,0.445,123.6,828.0,3634.0
Woodwork,Economy,Small,18.6,5.21,81.6,0.34,124.1,224.0,5802.0
Woodwork,Standard,Medium,4.4,4.03,75.9,0.65,69.7,460.0,1185.0
Leatherwork,Economy,Large,8.6,0.65,82.9,0.901,71.8,576.0,1223.0
Textile,Economy,Medium,2.6,2.89,85.1,0.62,113.0,280.0,794.0
Metalware,Standard,Large,11.4,3.88,76.4,0.105,78.9,920.0,3687.0
Textile,Economy,Large,6.0,8.01,92.4,0.67,145.4,448.0,2815.0
Metalware,Economy,Large,11.2,1.41,48.1,0.787,76.2,640.0,1703.0
Metalware,Premium,Small,13.1,2.92,44.5,0.655,78.9,630.0,2201.0
Pottery,Standard,Medium,6.8,3.47,92.1,0.142,73.8,138.0,1393.0
Textile,Economy,Medium,3.3,1.65,80.3,0.623,70.8,280.0,710.0
Woodwork,Economy,Small,13.7,6.56,48.6,0.622,128.8,224.0,3227.0
Painting,Economy,Large,12.6,0.75,75.2,0.95,120.4,320.0,1604.0
Painting,Economy,Large,6.7,5.33,66.4,0.344,141.2,320.0,2499.0
Textile,Economy,Large,7.4,0.5,62.4,0.264,128.7,448.0,2078.0
Leatherwork,Economy,Small,3.8,3.07,85.1,0.404,99.6,252.0,1181.0
Metalware,Standard,Small,19.1,3.86,45.7,0.584,145.1,402.5,4722.0
Woodwork,Standard,Small,8.1,3.37,100.0,0.422,64.2,322.0,1596.0
Leatherwork,Economy,Medium,9.8,2.06,72.6,0.068,142.5,360.0,2847.0
Pottery,Economy,Medium,6.5,5.82,67.5,0.881,69.9,96.0,839.0
Painting,Economy,Medium,9.2,6.12,47.9,0.498,99.1,200.0,1664.0
Woodwork,Premium,Medium,6.9,4.48,65.3,0.155,133.6,720.0,3223.0
Jewelry,Standard,Small,8.5,7.98,66.4,0.159,64.8,483.0,2577.0
Leatherwork,Standard,Small,9.0,8.31,69.9,0.249,128.2,362.2,4189.0
Pottery,Economy,Medium,9.4,5.4,59.6,0.109,117.1,96.0,2511.0
BambooCane,Standard,Large,9.1,4.85,49.7,0.453,116.0,276.0,2142.0
BambooCane,Standard,Medium,6.5,8.73,57.7,0.148,118.1,172.5,2330.0
Painting,Premium,Small,20.0,4.2,89.0,0.071,74.9,315.0,3506.0
Pottery,Standard,Large,3.9,2.76,56.9,0.464,92.0,220.8,702.0
Pottery,Premium,Small,3.3,1.98,87.3,0.089,136.9,151.2,1267.0
BambooCane,Economy,Medium,10.2,4.92,91.8,0.362,69.2,120.0,1911.0
Pottery,Standard,Medium,9.7,4.43,88.4,0.839,98.9,138.0,1660.0
Woodwork,Economy,Small,3.3,2.46,74.4,0.092,62.1,224.0,867.0
Pottery,Standard,Medium,4.7,3.58,53.2,0.279,79.4,138.0,940.0
Leatherwork,Premium,Small,6.3,2.86,74.6,0.497,79.6,567.0,1669.0
Leatherwork,Premium,Small,10.4,3.56,39.9,0.354,94.3,567.0,2338.0
Woodwork,Standard,Medium,8.1,6.12,67.9,0.147,105.1,460.0,2738.0
Textile,Premium,Medium,7.5,5.09,90.1,0.631,63.3,630.0,1959.0
Painting,Economy,Small,1.9,4.76,60.5,0.438,100.2,140.0,534.0
Metalware,Standard,Large,11.0,6.86,57.3,0.428,149.7,920.0,4533.0
Leatherwork,Economy,Small,8.1,2.27,52.7,0.719,128.5,252.0,1597.0
Textile,Economy,Medium,16.0,6.97,94.4,0.854,87.7,280.0,2852.0
Jewelry,Premium,Small,18.2,3.6,84.6,0.385,138.2,756.0,5646.0
Jewelry,Economy,Small,22.9,3.95,60.9,0.349,110.5,336.0,5215.0
Woodwork,Standard,Medium,9.3,3.59,50.2,0.549,128.3,460.0,2403.0
Metalware,Economy,Small,5.8,3.59,50.3,0.475,99.3,280.0,1243.0
Leatherwork,Economy,Large,6.3,2.22,62.7,0.536,83.5,576.0,1568.0
Textile,Premium,Medium,4.7,1.84,77.7,0.95,128.2,630.0,1490.0
Metalware,Premium,Medium,5.3,3.85,49.8,0.058,123.0,900.0,2695.0
Woodwork,Economy,Small,5.4,8.05,90.3,0.086,140.6,224.0,2611.0
BambooCane,Standard,Medium,9.9,4.91,67.3,0.379,115.4,172.5,2576.0
Pottery,Premium,Large,9.8,4.53,66.0,0.332,94.9,345.6,2429.0
Pottery,Standard,Large,5.5,3.07,55.5,0.592,121.5,220.8,1196.0
Jewelry,Economy,Medium,9.5,3.21,72.3,0.273,100.8,480.0,2731.0
Textile,Standard,Large,4.6,2.13,86.3,0.922,147.1,644.0,1859.0
Jewelry,Economy,Medium,10.0,3.72,68.9,0.625,100.4,480.0,2414.0
Pottery,Premium,Small,6.5,4.95,87.3,0.675,62.4,151.2,834.0
Leatherwork,Standard,Small,1.4,3.73,87.7,0.345,92.2,362.2,940.0
Jewelry,Standard,Medium,15.4,1.31,86.2,0.95,80.4,690.0,2298.0
Jewelry,Standard,Large,9.9,7.23,65.9,0.056,109.3,1104.0,5162.0
Textile,Standard,Small,16.5,7.14,60.9,0.408,126.6,281.7,4611.0
Jewelry,Premium,Medium,13.3,1.92,65.0,0.776,125.0,1080.0,3548.0
Textile,Economy,Small,5.5,6.22,66.9,0.854,112.1,196.0,1288.0
BambooCane,Standard,Medium,4.2,1.21,61.4,0.566,102.6,172.5,752.0
Textile,Standard,Medium,8.3,5.39,62.0,0.202,96.3,402.5,2490.0
Leatherwork,Standard,Small,15.1,4.01,84.0,0.456,69.5,362.2,2696.0
Jewelry,Standard,Medium,6.5,3.36,84.1,0.771,147.8,690.0,2472.0
Textile,Economy,Large,2.0,5.16,72.1,0.117,69.1,448.0,1202.0
Textile,Standard,Small,7.0,6.99,66.0,0.753,63.0,281.7,1146.0
Woodwork,Standard,Large,14.9,4.42,91.6,0.486,129.9,736.0,4920.0
Woodwork,Economy,Small,11.3,5.65,73.6,0.442,118.1,224.0,3345.0
Painting,Economy,Small,10.6,4.19,71.7,0.704,113.1,140.0,1925.0
Leatherwork,Economy,Medium,4.7,0.81,73.6,0.878,101.4,360.0,906.0
Jewelry,Economy,Large,6.7,4.0,60.7,0.231,119.4,768.0,2820.0
Metalware,Premium,Large,4.6,4.06,49.4,0.05,103.0,1440.0,3383.0
Woodwork,Standard,Small,17.2,4.82,47.4,0.2,124.3,322.0,4500.0
Textile,Standard,Small,6.3,4.76,71.5,0.434,70.8,281.7,1270.0
BambooCane,Economy,Medium,10.0,1.07,48.5,0.428,72.9,120.0,1083.0
Jewelry,Economy,Large,13.9,5.44,79.4,0.051,137.3,768.0,5682.0
Metalware,Premium,Medium,10.9,3.01,82.0,0.421,60.5,900.0,2726.0
Textile,Premium,Small,3.6,0.5,76.9,0.401,147.3,441.0,1481.0
Leatherwork,Economy,Small,11.4,5.69,57.0,0.484,84.5,252.0,2021.0
Leatherwork,Standard,Medium,7.4,3.42,100.0,0.083,68.5,517.5,2411.0
Textile,Standard,Medium,9.1,3.93,54.0,0.538,88.9,402.5,2024.0
Painting,Standard,Small,8.4,4.86,67.5,0.803,145.9,201.2,2002.0
Metalware,Economy,Small,9.3,2.21,68.8,0.63,69.1,280.0,1432.0
BambooCane,Economy,Medium,13.6,1.94,88.6,0.616,97.0,120.0,2009.0
Textile,Premium,Medium,12.1,5.48,72.7,0.077,94.9,630.0,4024.0
Woodwork,Premium,Small,9.4,2.3,35.2,0.471,102.6,504.0,2150.0
BambooCane,Standard,Medium,7.1,1.0,91.5,0.343,85.1,172.5,1265.0
Painting,Premium,Medium,11.9,3.57,59.0,0.166,85.8,450.0,2506.0
Pottery,Economy,Small,20.2,4.97,91.1,0.867,91.1,67.2,2815.0
Pottery,Economy,Large,6.6,3.91,63.5,0.218,143.9,153.6,2163.0
Painting,Premium,Medium,5.1,4.19,73.7,0.195,82.1,450.0,1844.0
Leatherwork,Premium,Small,12.9,3.12,57.9,0.35,82.6,567.0,2700.0
Metalware,Premium,Large,7.8,2.61,78.5,0.694,74.2,1440.0,3015.0
Leatherwork,Economy,Large,4.1,5.03,54.8,0.571,70.9,576.0,1319.0
Textile,Standard,Small,5.1,2.09,46.8,0.601,112.4,281.7,938.0
Textile,Standard,Medium,7.7,4.07,85.0,0.417,92.7,402.5,2312.0
Woodwork,Standard,Medium,16.8,5.17,77.6,0.391,102.1,460.0,3854.0
Metalware,Standard,Small,6.6,5.89,95.5,0.127,147.9,402.5,3261.0
Painting,Standard,Large,11.1,4.76,100.0,0.595,134.2,460.0,3540.0
Painting,Standard,Medium,3.7,4.81,53.8,0.69,136.9,287.5,1206.0
Leatherwork,Economy,Medium,7.7,4.05,55.3,0.872,77.3,360.0,1286.0
Leatherwork,Premium,Large,6.0,4.8,61.9,0.274,110.9,1296.0,3471.0
Textile,Economy,Small,6.4,0.5,56.5,0.221,93.4,196.0,1156.0
Pottery,Premium,Medium,13.1,4.04,43.6,0.527,72.7,216.0,1691.0
Pottery,Economy,Large,4.3,5.47,93.8,0.725,147.1,153.6,1475.0
Pottery,Standard,Medium,11.6,2.75,77.9,0.54,96.0,138.0,2065.0
Painting,Premium,Medium,1.9,4.66,64.0,0.499,107.5,450.0,1187.0
Woodwork,Standard,Small,6.2,5.73,69.7,0.333,147.9,322.0,2311.0
Leatherwork,Standard,Medium,10.0,6.76,67.2,0.433,106.0,517.5,2967.0
Painting,Standard,Large,7.0,1.71,61.4,0.446,131.1,460.0,1834.0
Painting,Standard,Large,10.8,3.73,60.6,0.431,97.3,460.0,2523.0
BambooCane,Standard,Large,10.1,8.51,65.4,0.704,86.9,276.0,1998.0
Jewelry,Standard,Medium,4.5,2.04,68.1,0.65,106.6,690.0,1405.0
Pottery,Premium,Medium,4.5,5.49,62.5,0.297,147.7,216.0,1799.0
Painting,Standard,Large,4.9,6.02,74.1,0.421,84.6,460.0,1826.0
Jewelry,Premium,Large,13.1,2.24,93.7,0.491,79.3,1728.0,4264.0
Woodwork,Economy,Medium,1.8,0.73,64.3,0.401,107.0,320.0,640.0
Textile,Economy,Medium,10.4,4.19,85.2,0.565,136.3,280.0,3288.0
Pottery,Standard,Medium,4.8,3.24,80.6,0.215,91.6,138.0,1078.0
Woodwork,Standard,Medium,7.3,1.85,85.3,0.294,135.0,460.0,2853.0
Metalware,Premium,Small,13.2,6.7,71.0,0.503,81.2,630.0,3196.0
Woodwork,Premium,Small,7.1,1.37,72.1,0.345,141.4,504.0,2289.0
Woodwork,Standard,Small,7.8,3.51,87.4,0.32,124.4,322.0,2409.0
Painting,Standard,Small,5.6,5.68,93.7,0.403,95.9,201.2,1617.0
Metalware,Standard,Small,9.5,4.82,61.4,0.538,63.3,402.5,1741.0
Jewelry,Economy,Small,4.9,7.05,71.4,0.363,114.1,336.0,1882.0
Woodwork,Standard,Large,3.1,5.31,86.4,0.846,60.1,736.0,1382.0
Textile,Economy,Large,5.1,5.56,60.3,0.344,72.7,448.0,1379.0
Woodwork,Standard,Small,8.0,5.89,71.2,0.132,119.3,322.0,2837.0
Textile,Standard,Large,5.2,3.95,56.0,0.759,92.8,644.0,1587.0
Painting,Premium,Small,9.9,6.0,82.7,0.419,115.9,315.0,3119.0
BambooCane,Standard,Medium,6.8,2.62,64.5,0.62,119.2,172.5,1414.0
Pottery,Standard,Medium,13.2,2.22,61.2,0.068,148.9,138.0,3222.0
Leatherwork,Standard,Medium,17.2,4.13,90.2,0.587,102.9,517.5,4666.0
Metalware,Premium,Small,10.7,3.76,62.0,0.41,106.9,630.0,3026.0
Jewelry,Standard,Small,7.5,7.25,89.2,0.482,82.8,483.0,2705.0
Jewelry,Economy,Medium,5.8,1.2,100.0,0.775,82.5,480.0,1276.0
Metalware,Economy,Large,1.6,5.77,75.4,0.789,104.8,640.0,1234.0
Textile,Premium,Small,6.2,0.51,58.7,0.227,143.7,441.0,2037.0
Painting,Economy,Small,9.3,3.59,90.3,0.839,148.6,140.0,2241.0
Painting,Economy,Medium,10.6,5.0,76.9,0.399,91.2,200.0,2508.0
Leatherwork,Premium,Small,8.8,4.66,95.4,0.377,80.7,567.0,2657.0
BambooCane,Premium,Large,8.2,5.45,42.3,0.244,129.0,432.0,2541.0
Painting,Economy,Small,2.7,3.37,86.5,0.698,82.2,140.0,588.0
Jewelry,Standard,Medium,6.5,5.88,76.5,0.131,100.9,690.0,3053.0
BambooCane,Economy,Large,1.0,3.08,100.0,0.834,69.4,192.0,375.0
Painting,Standard,Medium,15.7,3.85,75.2,0.891,129.6,287.5,3096.0
Textile,Economy,Small,8.5,1.21,68.9,0.255,139.7,196.0,2406.0
Pottery,Premium,Medium,7.2,6.54,71.3,0.817,67.7,216.0,1217.0
Painting,Premium,Small,17.0,1.24,47.7,0.654,144.3,315.0,2828.0
Jewelry,Economy,Medium,3.7,3.14,61.7,0.462,90.6,480.0,1298.0
Metalware,Standard,Small,6.2,5.09,68.0,0.317,117.5,402.5,2042.0
Metalware,Standard,Small,1.5,3.22,44.8,0.663,103.4,402.5,635.0
Textile,Economy,Medium,12.0,4.32,94.9,0.359,90.4,280.0,2875.0
Textile,Standard,Large,5.2,2.42,64.8,0.76,116.6,644.0,1708.0
Pottery,Economy,Medium,5.3,1.45,76.4,0.611,87.2,96.0,816.0
Woodwork,Premium,Small,1.0,6.52,100.0,0.58,95.7,504.0,1225.0
BambooCane,Economy,Medium,6.6,3.12,92.2,0.141,127.9,120.0,1941.0
Leatherwork,Economy,Medium,7.7,1.67,82.3,0.407,87.9,360.0,1758.0
Leatherwork,Premium,Large,4.6,1.22,44.5,0.263,141.7,1296.0,2391.0
Jewelry,Standard,Medium,4.1,4.0,88.4,0.564,122.7,690.0,2088.0
Leatherwork,Economy,Small,3.7,2.13,87.9,0.413,123.9,252.0,1066.0
BambooCane,Premium,Medium,9.9,3.83,63.1,0.811,66.3,270.0,1370.0
Painting,Economy,Large,14.9,1.8,83.6,0.892,146.3,320.0,2833.0
BambooCane,Premium,Medium,5.6,2.73,52.4,0.215,143.8,270.0,1832.0
Jewelry,Standard,Small,6.7,6.98,96.6,0.637,109.5,483.0,2804.0
Leatherwork,Economy,Small,15.1,5.37,68.6,0.685,68.1,252.0,2079.0
Pottery,Economy,Small,13.0,3.76,88.3,0.718,99.8,67.2,2319.0
Metalware,Economy,Small,20.1,7.85,69.3,0.369,129.2,280.0,6606.0
Woodwork,Premium,Small,7.8,2.73,79.2,0.546,89.7,504.0,1682.0
Painting,Premium,Medium,9.2,4.31,27.8,0.58,109.1,450.0,1771.0
Woodwork,Premium,Medium,3.4,0.71,58.1,0.806,76.0,720.0,870.0
BambooCane,Standard,Medium,10.9,3.55,87.0,0.726,69.9,172.5,1519.0
Woodwork,Standard,Medium,7.7,2.58,56.2,0.811,128.0,460.0,1481.0
Textile,Standard,Medium,8.9,3.33,91.9,0.162,119.4,402.5,2274.0
Metalware,Premium,Medium,6.1,2.95,76.8,0.532,121.5,900.0,2538.0
Textile,Economy,Large,12.0,6.85,66.5,0.661,88.4,448.0,2654.0
Painting,Economy,Medium,12.4,5.03,55.6,0.349,81.0,200.0,1877.0
Leatherwork,Premium,Medium,9.2,3.29,81.6,0.52,123.1,810.0,3072.0
Woodwork,Premium,Large,13.1,3.01,87.5,0.549,128.6,1152.0,4293.0
Jewelry,Standard,Small,9.4,6.86,65.2,0.717,86.8,483.0,2228.0
Leatherwork,Premium,Medium,4.7,3.42,65.1,0.379,122.3,810.0,2388.0
Painting,Economy,Medium,9.7,4.58,90.5,0.372,82.1,200.0,2133.0
Pottery,Standard,Medium,12.4,4.55,70.8,0.4,133.7,138.0,3553.0
BambooCane,Standard,Medium,28.9,4.24,68.8,0.794,71.9,172.5,3147.0
Leatherwork,Standard,Large,11.1,3.63,71.7,0.472,98.0,828.0,3308.0
Pottery,Standard,Small,12.8,4.98,85.6,0.524,146.6,96.6,3748.0
Leatherwork,Premium,Large,5.7,6.36,26.3,0.313,113.7,1296.0,3429.0
BambooCane,Economy,Large,4.3,1.71,61.6,0.577,115.1,192.0,907.0
Woodwork,Standard,Medium,5.6,4.32,61.7,0.396,85.9,460.0,1905.0
Leatherwork,Standard,Medium,7.4,2.17,68.6,0.317,89.0,517.5,1757.0
Metalware,Economy,Large,6.5,5.87,73.5,0.425,150.0,640.0,3534.0
BambooCane,Standard,Small,3.2,1.62,68.6,0.752,110.6,120.7,554.0
Pottery,Economy,Medium,5.5,6.56,61.8,0.099,117.5,96.0,1773.0
Pottery,Premium,Small,12.8,4.59,74.8,0.682,95.5,151.2,2269.0
Pottery,Economy,Small,4.1,0.5,79.2,0.513,117.7,67.2,775.0
Textile,Standard,Small,15.8,3.26,62.5,0.05,118.9,281.7,4208.0
Woodwork,Premium,Large,2.3,8.11,37.7,0.369,91.3,1152.0,2336.0
Textile,Standard,Small,13.1,5.64,72.2,0.581,101.6,281.7,2549.0
Pottery,Premium,Large,7.5,2.47,88.6,0.431,70.5,345.6,1339.0
BambooCane,Economy,Small,6.4,6.61,75.7,0.656,122.8,84.0,1586.0
Woodwork,Economy,Small,6.6,5.26,55.3,0.601,120.0,224.0,1388.0
Woodwork,Economy,Small,12.1,3.66,81.4,0.587,134.0,224.0,2964.0
Leatherwork,Economy,Large,6.5,7.07,100.0,0.855,78.2,576.0,2145.0
Woodwork,Economy,Medium,6.9,1.6,75.1,0.261,93.4,320.0,1455.0
Jewelry,Economy,Medium,10.0,5.68,66.4,0.795,91.7,480.0,2004.0
Woodwork,Standard,Small,18.6,2.91,55.4,0.332,91.9,322.0,2744.0
BambooCane,Standard,Small,4.6,6.27,74.0,0.227,107.1,120.7,1158.0
BambooCane,Premium,Medium,4.7,4.95,73.9,0.088,114.9,270.0,1706.0
Textile,Standard,Small,7.1,3.97,78.4,0.219,145.0,281.7,2933.0
Textile,Standard,Small,4.5,5.86,75.1,0.539,67.9,281.7,1184.0
Metalware,Economy,Medium,5.0,5.28,68.9,0.808,80.7,400.0,1242.0
BambooCane,Standard,Large,6.1,7.71,42.2,0.577,87.7,276.0,1314.0
Woodwork,Standard,Medium,2.6,4.84,62.9,0.11,110.8,460.0,1516.0
Jewelry,Economy,Medium,10.3,3.45,95.2,0.511,137.6,480.0,3977.0
Textile,Premium,Small,8.2,2.81,74.4,0.867,139.5,441.0,2091.0
BambooCane,Standard,Small,9.0,4.15,51.9,0.691,145.2,120.7,2028.0
Metalware,Economy,Medium,10.9,4.43,69.2,0.82,62.6,400.0,1504.0
Pottery,Standard,Medium,9.6,1.8,68.1,0.828,141.7,138.0,1790.0
Painting,Standard,Small,12.7,3.61,68.7,0.517,121.9,201.2,2863.0
BambooCane,Standard,Medium,6.5,6.54,40.1,0.229,113.2,172.5,1787.0
Jewelry,Premium,Medium,9.7,5.33,53.5,0.575,128.0,1080.0,3476.0
Woodwork,Standard,Medium,16.1,4.44,67.7,0.625,144.5,460.0,4853.0
BambooCane,Standard,Small,8.3,4.56,91.3,0.372,126.9,120.7,2089.0
Painting,Standard,Small,9.7,5.84,58.4,0.474,129.6,201.2,2482.0
Painting,Standard,Small,12.9,0.69,58.6,0.56,65.0,201.2,1345.0
Pottery,Standard,Medium,3.7,5.45,77.1,0.596,72.6,138.0,799.0
Jewelry,Premium,Small,14.6,0.53,87.8,0.534,121.4,756.0,3157.0
Leatherwork,Economy,Small,5.2,7.82,67.1,0.466,90.8,252.0,1555.0
BambooCane,Economy,Small,7.2,5.24,70.9,0.416,102.2,84.0,1545.0
Pottery,Economy,Large,12.0,5.2,73.1,0.188,102.1,153.6,2818.0
Leatherwork,Standard,Large,13.3,7.95,78.8,0.69,65.4,828.0,3600.0
Pottery,Economy,Medium,8.1,3.03,81.2,0.95,86.9,96.0,1068.0
Painting,Economy,Large,3.1,4.03,85.5,0.617,106.9,320.0,1138.0
Pottery,Economy,Medium,10.0,3.13,75.1,0.895,103.9,96.0,1600.0
Metalware,Standard,Large,9.0,1.11,66.5,0.288,83.8,920.0,2524.0
Textile,Premium,Large,14.3,6.32,82.8,0.559,112.0,1008.0,4817.0
Leatherwork,Premium,Large,16.9,4.15,70.1,0.392,112.4,1296.0,6101.0
Painting,Premium,Medium,2.5,3.3,55.1,0.906,81.0,450.0,738.0
Jewelry,Standard,Medium,12.2,4.21,64.8,0.081,67.9,690.0,2848.0
BambooCane,Standard,Large,17.9,3.58,75.1,0.285,80.5,276.0,3540.0
Metalware,Standard,Small,3.5,3.22,45.5,0.818,120.2,402.5,832.0
Pottery,Economy,Large,9.5,1.26,78.6,0.407,135.1,153.6,2010.0
BambooCane,Economy,Small,7.7,3.61,59.2,0.568,116.3,84.0,1507.0
Textile,Economy,Large,7.5,2.18,87.6,0.587,134.7,448.0,2268.0
Woodwork,Premium,Medium,7.2,8.15,74.5,0.354,103.9,720.0,3041.0
Jewelry,Standard,Small,6.3,6.15,86.9,0.813,87.7,483.0,1977.0
Leatherwork,Economy,Medium,12.7,6.69,75.4,0.302,101.5,360.0,3477.0
Textile,Premium,Medium,6.1,6.44,53.6,0.144,99.4,630.0,2767.0
Pottery,Standard,Medium,1.7,2.94,75.5,0.453,127.6,138.0,576.0
Pottery,Premium,Medium,12.0,5.82,74.6,0.608,76.5,216.0,1844.0
Textile,Economy,Small,10.6,4.44,99.5,0.449,77.4,196.0,2288.0
Metalware,Economy,Small,4.0,5.5,80.9,0.227,140.5,280.0,1792.0
Painting,Standard,Small,20.1,3.66,62.2,0.663,78.7,201.2,2873.0
BambooCane,Economy,Medium,26.1,4.17,89.6,0.279,65.6,120.0,4107.0
Metalware,Economy,Medium,5.6,4.15,74.3,0.471,140.6,400.0,2223.0
Jewelry,Economy,Small,3.5,8.71,65.2,0.562,70.0,336.0,1218.0
Jewelry,Economy,Small,7.0,2.2,64.5,0.777,71.7,336.0,991.0
Metalware,Standard,Medium,19.0,5.25,83.3,0.431,125.8,575.0,4977.0
Jewelry,Economy,Medium,6.1,5.82,77.4,0.672,140.9,480.0,2481.0
Woodwork,Standard,Large,4.1,2.91,79.6,0.237,95.6,736.0,1814.0
Jewelry,Standard,Medium,4.3,2.63,82.9,0.242,93.7,690.0,1813.0
Leatherwork,Economy,Medium,6.8,3.84,82.0,0.527,121.4,360.0,1921.0
Jewelry,Standard,Medium,8.3,3.3,82.6,0.364,63.1,690.0,2183.0
Woodwork,Premium,Small,5.1,6.01,62.2,0.301,143.0,504.0,2469.0
Leatherwork,Standard,Small,1.1,3.01,87.4,0.654,79.9,362.2,699.0
Textile,Standard,Large,4.2,2.44,85.0,0.899,76.3,644.0,1393.0
Metalware,Standard,Small,18.1,2.57,81.9,0.465,95.4,402.5,3243.0
BambooCane,Standard,Small,3.4,3.41,69.1,0.517,71.9,120.7,576.0
Pottery,Premium,Small,3.9,7.97,82.6,0.72,85.0,151.2,1077.0
BambooCane,Economy,Large,9.8,5.33,45.3,0.591,71.5,192.0,1393.0
Jewelry,Economy,Medium,16.6,8.16,75.7,0.82,96.1,480.0,3807.0
Pottery,Economy,Large,6.1,3.72,75.4,0.318,138.7,153.6,1642.0
Painting,Standard,Small,3.5,5.41,85.0,0.841,91.4,201.2,807.0
Metalware,Standard,Small,12.3,3.51,88.3,0.867,66.4,402.5,1618.0
Woodwork,Standard,Medium,4.9,5.0,71.3,0.443,62.4,460.0,1211.0
Leatherwork,Standard,Large,9.8,4.69,71.4,0.503,63.5,828.0,2692.0
Jewelry,Economy,Small,6.5,8.64,55.6,0.838,62.2,336.0,1187.0
Painting,Standard,Medium,3.3,1.89,96.2,0.657,83.9,287.5,774.0
Leatherwork,Economy,Small,17.1,7.2,83.3,0.562,136.4,252.0,5331.0
Textile,Premium,Large,10.1,7.04,78.4,0.24,141.4,1008.0,5972.0
Textile,Premium,Small,9.2,5.42,65.7,0.141,81.2,441.0,2571.0
Metalware,Premium,Medium,14.7,5.18,87.5,0.665,137.9,900.0,5743.0
BambooCane,Premium,Medium,2.5,3.89,75.2,0.173,131.7,270.0,1260.0
BambooCane,Premium,Medium,6.7,4.03,70.0,0.397,138.8,270.0,1831.0
Woodwork,Economy,Medium,3.8,7.63,65.4,0.397,138.2,320.0,1507.0
Jewelry,Premium,Medium,10.6,5.94,66.7,0.572,64.2,1080.0,2636.0
BambooCane,Standard,Medium,8.9,2.21,69.2,0.531,141.5,172.5,2193.0
BambooCane,Premium,Medium,4.1,6.93,32.5,0.626,146.8,270.0,1294.0
BambooCane,Economy,Large,10.8,3.63,78.3,0.406,109.9,192.0,2183.0
Woodwork,Economy,Medium,15.1,4.42,74.2,0.317,110.7,320.0,3287.0
Textile,Economy,Medium,9.8,3.61,66.1,0.484,91.4,280.0,2048.0
Pottery,Economy,Large,9.2,7.32,71.9,0.165,124.5,153.6,2757.0
Painting,Premium,Medium,15.5,6.23,70.0,0.634,114.7,450.0,4331.0
Textile,Standard,Small,5.8,6.96,57.6,0.853,122.1,281.7,1398.0
Leatherwork,Standard,Medium,18.0,1.63,59.7,0.562,97.2,517.5,3183.0
Jewelry,Standard,Small,1.7,4.12,64.7,0.31,131.2,483.0,1142.0
Metalware,Standard,Medium,15.2,5.96,78.2,0.518,68.8,575.0,3368.0
Textile,Standard,Medium,3.4,2.22,60.3,0.178,63.3,402.5,904.0
Textile,Standard,Medium,6.9,4.65,58.7,0.788,123.3,402.5,1886.0
Metalware,Standard,Large,8.5,8.33,85.6,0.588,61.4,920.0,2663.0
Metalware,Economy,Medium,8.4,6.25,68.3,0.456,63.0,400.0,1994.0
Jewelry,Economy,Medium,4.9,2.77,47.6,0.19,107.6,480.0,1523.0
Metalware,Standard,Small,3.7,6.45,77.0,0.413,102.8,402.5,1626.0
BambooCane,Standard,Medium,12.8,5.78,71.7,0.105,130.1,172.5,3669.0
Textile,Standard,Medium,17.7,3.91,69.6,0.67,135.3,402.5,5029.0
Metalware,Standard,Medium,3.6,1.04,79.2,0.182,61.9,575.0,1267.0
Woodwork,Standard,Small,9.1,4.39,64.4,0.373,112.3,322.0,2637.0
Painting,Economy,Medium,8.5,6.48,60.0,0.062,98.9,200.0,2224.0
Pottery,Economy,Medium,8.1,1.33,74.0,0.582,76.1,96.0,783.0
Leatherwork,Standard,Medium,7.4,4.76,66.9,0.186,138.5,517.5,2821.0
Painting,Economy,Medium,6.5,2.3,58.1,0.405,142.9,200.0,1799.0
Pottery,Standard,Medium,10.7,8.34,95.6,0.396,64.9,138.0,2500.0
Metalware,Economy,Medium,10.8,6.72,72.8,0.275,63.8,400.0,2324.0
Textile,Premium,Medium,5.5,4.88,87.3,0.642,63.9,630.0,1801.0
Textile,Standard,Large,26.6,6.47,87.4,0.736,79.0,644.0,5104.0
BambooCane,Economy,Medium,3.0,4.96,66.9,0.278,141.3,120.0,1083.0
BambooCane,Standard,Small,13.4,5.56,53.2,0.381,133.1,120.7,3496.0
BambooCane,Economy,Large,12.1,4.63,65.8,0.332,138.4,192.0,3349.0
Pottery,Economy,Medium,14.2,3.13,50.6,0.451,123.2,96.0,2609.0
Textile,Standard,Medium,21.3,1.19,69.5,0.478,109.0,402.5,4276.0
BambooCane,Economy,Small,7.7,3.59,56.8,0.118,114.8,84.0,1319.0
Pottery,Premium,Large,6.1,6.25,71.8,0.422,99.7,345.6,1756.0
Leatherwork,Standard,Large,2.7,2.12,94.3,0.384,76.5,828.0,1517.0
Metalware,Standard,Large,16.1,3.49,74.8,0.372,102.6,920.0,4965.0
Leatherwork,Economy,Small,7.2,9.01,59.6,0.784,93.2,252.0,1768.0
Textile,Standard,Medium,4.3,4.7,54.5,0.234,92.7,402.5,1555.0
Woodwork,Standard,Medium,9.4,2.34,65.8,0.15,118.6,460.0,2727.0
Painting,Premium,Large,11.4,2.37,88.9,0.937,65.6,720.0,2103.0
Painting,Economy,Medium,8.5,2.91,68.1,0.506,113.6,200.0,1825.0
Woodwork,Standard,Small,9.5,3.1,80.9,0.62,122.9,322.0,2336.0
Painting,Premium,Small,8.3,2.83,71.2,0.274,110.2,315.0,2130.0
Leatherwork,Standard,Large,25.7,5.8,59.6,0.472,98.5,828.0,6055.0
Pottery,Premium,Small,10.3,3.16,98.8,0.763,112.7,151.2,2134.0
Metalware,Economy,Medium,7.5,3.78,74.5,0.617,146.2,400.0,2490.0
Pottery,Premium,Medium,14.1,4.75,57.0,0.809,93.2,216.0,2098.0
Pottery,Standard,Medium,3.0,7.49,68.6,0.331,148.0,138.0,1218.0
Textile,Premium,Medium,5.0,6.53,100.0,0.848,113.1,630.0,2254.0
Metalware,Economy,Medium,4.1,4.87,65.1,0.818,147.0,400.0,1346.0
Leatherwork,Premium,Small,10.3,5.05,50.6,0.075,119.7,567.0,3845.0
Pottery,Standard,Large,8.5,1.93,62.6,0.641,102.2,220.8,1519.0
Woodwork,Economy,Small,16.0,3.04,74.6,0.486,108.9,224.0,3330.0
Textile,Standard,Medium,9.9,2.74,72.8,0.793,62.8,402.5,1385.0
BambooCane,Standard,Medium,5.8,3.92,69.2,0.513,64.0,172.5,918.0
Metalware,Economy,Small,9.9,4.18,93.6,0.527,68.1,280.0,1548.0
BambooCane,Standard,Small,17.1,1.8,72.0,0.467,63.5,120.7,1446.0
Jewelry,Standard,Medium,7.5,7.66,52.8,0.182,89.2,690.0,2833.0
Woodwork,Standard,Large,5.4,3.34,77.3,0.481,70.1,736.0,1972.0
Woodwork,Standard,Medium,7.5,2.43,62.3,0.44,109.4,460.0,2032.0
Woodwork,Economy,Large,3.9,2.97,62.4,0.606,119.9,512.0,1452.0
Jewelry,Standard,Large,15.2,1.15,65.6,0.766,73.4,1104.0,2392.0
Pottery,Economy,Large,7.0,3.51,70.2,0.607,94.0,153.6,1351.0
Textile,Standard,Small,4.3,8.43,90.5,0.625,72.3,281.7,1473.0
Leatherwork,Premium,Medium,9.6,3.58,78.4,0.839,96.0,810.0,2373.0
Jewelry,Standard,Small,11.3,7.27,100.0,0.668,132.9,483.0,4578.0
Woodwork,Standard,Medium,12.5,3.27,89.1,0.691,76.4,460.0,2210.0
Leatherwork,Economy,Small,2.6,1.52,41.3,0.799,132.9,252.0,640.0
Metalware,Standard,Small,6.5,3.12,96.9,0.441,91.7,402.5,1833.0
Painting,Economy,Medium,16.9,4.71,98.8,0.315,115.2,200.0,4681.0
BambooCane,Premium,Medium,5.8,7.71,58.2,0.754,61.6,270.0,1127.0
Painting,Standard,Medium,5.1,3.01,63.8,0.617,74.0,287.5,901.0
Pottery,Premium,Medium,2.7,0.72,61.5,0.517,68.2,216.0,545.0
Pottery,Economy,Medium,4.8,4.25,91.7,0.245,139.1,96.0,1545.0
Painting,Economy,Medium,16.7,7.02,78.1,0.8,107.5,200.0,3853.0
Jewelry,Economy,Small,1.1,5.39,71.2,0.607,63.0,336.0,703.0
BambooCane,Standard,Medium,4.5,7.11,42.0,0.562,66.5,172.5,916.0
Leatherwork,Economy,Medium,6.6,3.54,69.6,0.528,101.8,360.0,1477.0
Painting,Economy,Large,21.1,4.28,67.3,0.812,115.5,320.0,4224.0
Leatherwork,Standard,Small,6.2,4.98,46.0,0.135,84.7,362.2,1828.0
BambooCane,Standard,Medium,13.7,0.99,52.3,0.112,64.3,172.5,1391.0
Woodwork,Premium,Small,19.7,2.17,74.0,0.664,72.5,504.0,2732.0
Metalware,Economy,Medium,1.3,7.47,54.6,0.788,61.2,400.0,817.0
Jewelry,Economy,Small,8.6,5.35,73.7,0.587,130.3,336.0,2390.0
Jewelry,Economy,Medium,9.0,1.02,82.8,0.627,113.5,480.0,1946.0
Textile,Standard,Small,5.1,6.31,72.1,0.659,64.1,281.7,1204.0
Metalware,Economy,Medium,5.0,3.44,72.8,0.628,145.7,400.0,1625.0
Leatherwork,Standard,Large,7.9,8.99,40.5,0.768,107.0,828.0,2587.0
Pottery,Economy,Small,6.6,1.84,78.2,0.617,141.7,67.2,1451.0
Metalware,Standard,Medium,6.9,3.17,74.7,0.404,85.3,575.0,2007.0
Pottery,Standard,Small,12.7,3.14,100.0,0.34,119.0,96.6,2846.0
Pottery,Economy,Medium,7.4,4.68,78.4,0.793,90.9,96.0,1237.0
Textile,Premium,Small,6.6,4.52,72.7,0.496,128.0,441.0,1950.0
Woodwork,Standard,Medium,3.9,5.32,65.7,0.719,86.5,460.0,1169.0
Metalware,Economy,Small,1.0,2.24,79.9,0.668,77.2,280.0,502.0
Metalware,Premium,Small,9.8,7.13,67.3,0.616,81.8,630.0,2619.0
Metalware,Standard,Large,7.3,3.81,76.7,0.792,119.0,920.0,2404.0
Metalware,Economy,Small,9.2,7.53,87.4,0.678,98.8,280.0,2576.0
Jewelry,Standard,Small,3.0,2.84,67.2,0.493,111.6,483.0,1408.0
Textile,Premium,Medium,4.9,6.01,60.2,0.38,64.0,630.0,1522.0
Textile,Standard,Small,7.1,1.02,83.2,0.613,89.2,281.7,1260.0
Woodwork,Premium,Medium,4.8,2.25,63.4,0.341,98.5,720.0,1830.0
Metalware,Economy,Small,7.2,3.25,55.6,0.638,136.7,280.0,1633.0
Textile,Standard,Small,13.0,6.11,56.4,0.427,146.8,281.7,4381.0
Metalware,Economy,Medium,10.3,4.23,78.5,0.359,143.2,400.0,3456.0
Pottery,Economy,Small,4.9,8.42,51.3,0.1,126.0,67.2,1548.0
Metalware,Standard,Small,14.8,4.9,62.6,0.249,88.9,402.5,3226.0
Textile,Premium,Small,4.7,3.32,85.8,0.73,138.9,441.0,1359.0
BambooCane,Premium,Medium,6.7,0.52,78.4,0.565,140.7,270.0,1492.0
Jewelry,Standard,Large,6.7,2.47,73.0,0.893,145.5,1104.0,2747.0
Painting,Premium,Medium,2.9,3.7,69.6,0.384,135.6,450.0,1493.0
Leatherwork,Standard,Small,2.9,5.54,83.1,0.489,65.1,362.2,1178.0
Textile,Economy,Small,12.3,4.22,82.2,0.769,136.1,196.0,2789.0
BambooCane,Economy,Small,1.0,1.71,59.0,0.781,67.7,84.0,172.0
Jewelry,Premium,Large,16.8,1.74,88.2,0.434,115.0,1728.0,6026.0
Textile,Standard,Medium,16.0,7.09,76.9,0.282,64.8,402.5,3067.0
Metalware,Standard,Medium,4.6,3.47,80.6,0.16,63.6,575.0,1868.0
Leatherwork,Premium,Medium,17.0,7.31,68.6,0.818,69.7,810.0,3743.0
BambooCane,Standard,Large,9.8,8.52,69.4,0.734,116.9,276.0,2497.0
Painting,Standard,Large,7.0,4.05,93.8,0.281,115.2,460.0,2782.0
Painting,Economy,Small,9.3,3.69,65.2,0.36,131.6,140.0,2114.0
Metalware,Economy,Small,13.2,7.99,67.7,0.363,79.0,280.0,2727.0
Textile,Premium,Medium,5.6,9.2,60.3,0.526,102.5,630.0,2615.0
BambooCane,Standard,Small,2.6,5.24,88.9,0.752,145.7,120.7,869.0
Textile,Standard,Small,15.5,3.09,63.7,0.926,120.2,281.7,2882.0
Woodwork,Economy,Large,9.1,1.79,58.6,0.526,131.7,512.0,2244.0
Woodwork,Standard,Medium,14.3,3.63,62.9,0.375,119.2,460.0,3822.0
Painting,Standard,Medium,5.0,6.05,100.0,0.268,130.1,287.5,2378.0
Metalware,Economy,Medium,6.5,4.45,100.0,0.418,70.2,400.0,1879.0
Jewelry,Economy,Small,10.3,3.33,86.4,0.409,107.2,336.0,2453.0
Metalware,Standard,Medium,10.8,7.45,57.0,0.545,87.7,575.0,3109.0
Jewelry,Economy,Medium,10.8,3.09,64.7,0.423,121.8,480.0,2732.0
Metalware,Standard,Small,3.1,6.63,57.8,0.518,84.3,402.5,1123.0
BambooCane,Economy,Large,12.7,4.11,68.2,0.778,138.4,192.0,2686.0
Jewelry,Premium,Small,5.3,2.15,80.0,0.603,143.7,756.0,2143.0
Metalware,Standard,Medium,8.8,3.57,100.0,0.295,87.5,575.0,2713.0
Metalware,Premium,Medium,17.9,6.6,74.4,0.415,137.4,900.0,6725.0
Leatherwork,Standard,Medium,4.5,2.84,70.7,0.244,80.9,517.5,1457.0
Leatherwork,Standard,Medium,7.0,3.38,82.1,0.408,85.4,517.5,2045.0
Pottery,Standard,Large,26.7,6.28,23.2,0.553,130.2,220.8,5616.0
BambooCane,Standard,Medium,16.7,2.77,68.5,0.398,85.0,172.5,3079.0
Metalware,Economy,Small,8.3,2.25,80.9,0.475,81.3,280.0,1580.0
BambooCane,Standard,Medium,5.3,4.48,65.3,0.642,100.9,172.5,1250.0
Jewelry,Economy,Medium,21.5,3.05,52.7,0.604,146.4,480.0,5715.0
Jewelry,Premium,Medium,6.2,2.79,43.8,0.814,119.2,1080.0,1981.0
Painting,Standard,Medium,8.1,1.1,55.9,0.611,128.3,287.5,1726.0
Leatherwork,Economy,Medium,8.4,8.26,86.9,0.695,87.4,360.0,2084.0
Jewelry,Standard,Large,13.4,4.67,60.4,0.483,102.1,1104.0,3946.0
Leatherwork,Premium,Small,10.3,7.45,76.8,0.843,90.2,567.0,2491.0
Metalware,Premium,Medium,13.1,2.34,70.1,0.349,140.0,900.0,4420.0
Jewelry,Economy,Medium,7.2,7.49,88.4,0.335,70.9,480.0,2242.0
Textile,Economy,Small,9.2,5.3,44.1,0.258,123.1,196.0,2573.0
Jewelry,Economy,Medium,7.1,6.47,77.2,0.74,73.7,480.0,1925.0
BambooCane,Standard,Large,6.8,5.55,72.2,0.901,133.6,276.0,1538.0
Leatherwork,Standard,Medium,6.1,2.73,72.1,0.501,93.4,517.5,1546.0
Textile,Premium,Medium,8.4,4.27,73.4,0.625,145.9,630.0,3069.0
Textile,Economy,Medium,13.9,6.91,91.8,0.765,108.4,280.0,3704.0
Metalware,Standard,Small,10.4,3.17,71.2,0.341,69.4,402.5,2196.0
Pottery,Economy,Medium,3.4,3.42,100.0,0.719,133.9,96.0,1039.0
Painting,Economy,Medium,7.8,4.5,81.1,0.252,91.9,200.0,2025.0
Metalware,Standard,Small,11.4,5.58,76.8,0.316,60.4,402.5,1828.0
Pottery,Economy,Medium,10.5,7.49,70.6,0.599,105.0,96.0,2318.0
Pottery,Standard,Small,5.9,8.17,72.4,0.724,88.3,96.6,1143.0
Painting,Economy,Medium,2.9,1.05,84.8,0.656,137.9,200.0,865.0
Woodwork,Economy,Small,5.7,2.08,71.4,0.56,136.3,224.0,1538.0
Pottery,Economy,Small,1.4,7.08,78.3,0.523,85.9,67.2,387.0
Pottery,Standard,Medium,5.2,3.04,70.4,0.571,119.7,138.0,1143.0
Woodwork,Economy,Small,11.7,2.73,57.1,0.433,78.2,224.0,2146.0
Metalware,Premium,Large,13.5,0.94,79.0,0.689,147.3,1440.0,4423.0
Woodwork,Standard,Small,23.8,1.03,80.2,0.29,134.6,322.0,5484.0
Pottery,Premium,Medium,12.6,5.72,57.3,0.867,96.7,216.0,1998.0
Textile,Economy,Medium,17.7,3.53,35.8,0.818,84.8,280.0,1805.0
Leatherwork,Standard,Small,10.9,6.64,37.6,0.535,106.5,362.2,2933.0
Pottery,Premium,Large,11.0,3.94,63.0,0.126,84.2,345.6,2443.0
Jewelry,Premium,Small,5.6,3.87,61.5,0.421,117.5,756.0,2451.0
Leatherwork,Standard,Small,13.8,2.58,63.9,0.523,77.1,362.2,2158.0
BambooCane,Standard,Medium,12.3,6.41,66.9,0.939,137.0,172.5,2939.0
Jewelry,Premium,Large,11.8,3.45,91.6,0.332,104.5,1728.0,5484.0
Pottery,Standard,Medium,11.8,3.12,66.3,0.267,136.3,138.0,3019.0
Leatherwork,Economy,Large,10.0,1.82,66.1,0.341,75.6,576.0,1856.0
BambooCane,Standard,Small,3.4,4.3,60.6,0.518,89.4,120.7,713.0
Jewelry,Standard,Medium,6.4,3.3,85.7,0.563,73.6,690.0,2007.0
Leatherwork,Standard,Large,13.1,1.28,50.4,0.55,130.5,828.0,2961.0
Painting,Premium,Large,8.3,4.85,72.4,0.539,113.2,720.0,2858.0
Painting,Economy,Medium,6.0,4.22,47.6,0.308,79.3,200.0,1181.0
Leatherwork,Economy,Medium,8.9,3.73,78.8,0.825,65.7,360.0,1200.0
Metalware,Premium,Small,7.6,8.16,75.6,0.297,134.9,630.0,3636.0
Textile,Standard,Large,15.2,5.98,82.1,0.396,111.4,644.0,4607.0
Woodwork,Standard,Medium,8.7,4.82,63.9,0.395,72.3,460.0,2038.0
Jewelry,Economy,Medium,10.1,4.41,45.9,0.108,139.6,480.0,3367.0
BambooCane,Premium,Medium,3.4,6.17,73.5,0.769,91.6,270.0,1044.0
Textile,Economy,Small,20.4,6.83,65.2,0.89,68.8,196.0,2196.0
Pottery,Economy,Small,20.2,0.5,51.3,0.491,119.0,67.2,2810.0
Pottery,Premium,Small,16.6,5.06,57.0,0.836,60.1,151.2,1807.0
Painting,Economy,Medium,4.9,4.47,61.4,0.473,96.9,200.0,1039.0
Woodwork,Standard,Medium,11.5,3.01,84.7,0.179,79.7,460.0,2695.0
Jewelry,Economy,Small,12.3,5.73,81.9,0.594,148.1,336.0,3881.0
Woodwork,Economy,Medium,5.6,2.46,75.3,0.58,129.8,320.0,1582.0
Pottery,Economy,Small,3.1,5.07,57.4,0.826,110.5,67.2,613.0
Jewelry,Economy,Medium,13.5,5.07,68.3,0.745,61.9,480.0,2083.0
Leatherwork,Economy,Small,12.9,4.01,53.5,0.886,77.3,252.0,1571.0
Woodwork,Standard,Small,12.5,4.64,56.7,0.631,122.1,322.0,2879.0
Textile,Standard,Medium,15.3,2.2,88.9,0.227,139.6,402.5,4425.0
Painting,Standard,Small,9.4,2.25,97.3,0.841,145.8,201.2,2140.0
Leatherwork,Standard,Medium,11.9,4.01,69.7,0.579,71.7,517.5,2152.0
BambooCane,Standard,Small,9.2,5.28,71.0,0.404,96.2,120.7,1950.0
Metalware,Economy,Medium,2.8,4.29,93.3,0.575,86.6,400.0,1122.0
Metalware,Standard,Medium,4.5,3.9,76.5,0.537,64.7,575.0,1474.0
BambooCane,Standard,Medium,1.7,7.13,59.0,0.598,104.3,172.5,623.0
Pottery,Economy,Large,11.4,0.5,60.4,0.241,66.5,153.6,1392.0
BambooCane,Standard,Medium,6.6,1.93,82.9,0.194,127.2,172.5,1554.0
Metalware,Standard,Medium,8.2,3.94,80.8,0.793,132.5,575.0,2009.0
Woodwork,Premium,Medium,7.8,4.47,80.4,0.578,131.8,720.0,2671.0
Jewelry,Standard,Medium,10.3,6.6,48.4,0.662,60.7,690.0,2281.0
Pottery,Standard,Large,13.4,3.8,68.2,0.628,79.0,220.8,2120.0
BambooCane,Economy,Medium,4.9,5.09,80.2,0.563,136.6,120.0,1375.0
Textile,Premium,Small,9.5,0.9,78.6,0.383,77.3,441.0,1784.0
BambooCane,Standard,Medium,9.6,3.4,86.3,0.539,65.7,172.5,1429.0
Textile,Standard,Large,8.6,4.1,61.9,0.458,78.9,644.0,2124.0
Metalware,Economy,Medium,4.5,4.9,78.5,0.154,122.1,400.0,2094.0
Painting,Economy,Large,2.3,6.95,57.0,0.21,141.1,320.0,1340.0
Textile,Premium,Medium,6.7,3.41,62.0,0.385,104.3,630.0,2241.0
Metalware,Economy,Small,8.1,3.63,79.5,0.71,116.8,280.0,1768.0
Pottery,Economy,Small,12.2,5.56,50.5,0.812,107.8,67.2,1761.0
Painting,Standard,Small,6.1,2.17,45.3,0.474,105.3,201.2,1080.0
Painting,Standard,Small,6.9,2.17,78.1,0.805,120.2,201.2,1310.0
Metalware,Standard,Small,4.9,2.54,97.4,0.666,86.6,402.5,1251.0
Metalware,Standard,Medium,5.2,6.17,62.0,0.49,111.9,575.0,2445.0
Textile,Premium,Small,2.7,1.57,76.4,0.709,148.1,441.0,1069.0
Woodwork,Standard,Small,4.6,1.67,88.6,0.375,87.9,322.0,1160.0
Textile,Standard,Large,7.2,3.06,78.5,0.172,117.6,644.0,2674.0
Jewelry,Standard,Small,2.9,8.09,80.4,0.645,100.9,483.0,1783.0
Pottery,Standard,Small,17.0,4.69,62.6,0.366,139.9,96.6,4780.0
Jewelry,Economy,Small,6.4,4.76,74.3,0.738,73.2,336.0,1213.0
BambooCane,Standard,Medium,10.5,3.63,63.4,0.783,112.4,172.5,1703.0
BambooCane,Premium,Medium,9.5,0.94,75.9,0.342,85.3,270.0,1526.0
Pottery,Standard,Large,11.7,3.46,57.0,0.573,60.3,220.8,1315.0
Painting,Premium,Small,10.8,2.43,90.7,0.37,70.2,315.0,1896.0
Metalware,Economy,Medium,7.4,3.83,53.6,0.429,96.4,400.0,1829.0
Jewelry,Premium,Large,12.0,6.25,85.2,0.42,136.9,1728.0,6777.0
Leatherwork,Economy,Medium,9.3,4.11,70.4,0.912,92.1,360.0,1687.0
Leatherwork,Economy,Large,10.5,4.93,66.4,0.529,128.9,576.0,3612.0
Textile,Economy,Large,5.6,1.21,78.8,0.625,60.4,448.0,1086.0
Painting,Economy,Medium,11.8,0.65,69.7,0.533,128.4,200.0,2193.0
Woodwork,Economy,Small,12.2,6.51,71.3,0.378,63.7,224.0,2157.0
Leatherwork,Economy,Large,12.5,5.79,69.5,0.39,145.0,576.0,4446.0
Pottery,Standard,Small,19.4,0.89,59.1,0.767,98.1,96.6,2023.0
Pottery,Standard,Large,14.8,7.82,72.3,0.902,114.9,220.8,3516.0
Pottery,Standard,Medium,5.7,6.06,59.0,0.288,130.3,138.0,1721.0
Jewelry,Standard,Medium,14.7,0.5,63.9,0.272,78.0,690.0,2512.0
Painting,Standard,Large,5.3,1.68,67.8,0.255,136.9,460.0,1893.0
Pottery,Economy,Medium,6.4,4.46,30.2,0.503,76.1,96.0,762.0
Painting,Standard,Small,9.9,4.24,68.7,0.527,71.5,201.2,1619.0
Jewelry,Standard,Medium,6.4,1.0,91.5,0.644,141.6,690.0,2229.0
Pottery,Standard,Large,12.7,3.3,57.0,0.33,86.3,220.8,2065.0
Metalware,Economy,Small,4.7,4.52,80.9,0.214,80.2,280.0,1234.0
BambooCane,Standard,Small,5.1,5.06,62.9,0.296,96.8,120.7,1133.0
BambooCane,Premium,Large,8.3,3.45,68.0,0.936,95.8,432.0,1510.0
Metalware,Economy,Medium,5.1,4.08,83.0,0.573,105.3,400.0,1666.0
Pottery,Economy,Medium,7.7,6.29,51.9,0.509,86.9,96.0,1489.0
Metalware,Standard,Medium,15.9,4.18,73.8,0.26,133.4,575.0,4746.0
Jewelry,Premium,Small,10.5,5.0,63.9,0.05,88.5,756.0,3032.0
Textile,Economy,Small,13.3,4.25,73.9,0.629,114.0,196.0,2749.0
Leatherwork,Standard,Medium,3.8,0.9,75.8,0.232,135.8,517.5,1541.0
Woodwork,Economy,Medium,17.3,0.5,94.7,0.166,88.9,320.0,3358.0
Jewelry,Standard,Large,16.2,5.23,45.6,0.824,142.0,1104.0,4564.0
Woodwork,Economy,Small,6.3,5.15,91.3,0.113,148.6,224.0,2780.0
Woodwork,Standard,Medium,3.1,5.87,94.8,0.406,124.9,460.0,2060.0
Woodwork,Standard,Small,9.3,4.33,61.1,0.724,131.0,322.0,2233.0
Painting,Economy,Medium,7.4,1.61,100.0,0.524,123.1,200.0,1939.0
Leatherwork,Standard,Large,3.5,0.97,94.4,0.687,97.0,828.0,1464.0
Pottery,Economy,Medium,12.1,3.5,80.0,0.201,66.3,96.0,1766.0
Metalware,Economy,Large,4.8,8.16,65.9,0.591,93.7,640.0,2194.0
Pottery,Economy,Medium,7.1,6.12,59.5,0.438,124.8,96.0,1799.0
Jewelry,Premium,Medium,7.6,3.53,47.7,0.867,119.8,1080.0,2598.0
BambooCane,Economy,Medium,8.1,5.26,80.0,0.759,147.8,120.0,2101.0
Textile,Economy,Small,3.4,6.65,68.7,0.682,100.9,196.0,911.0
Leatherwork,Premium,Medium,10.3,2.71,67.6,0.527,67.1,810.0,2142.0
Painting,Standard,Medium,11.1,5.11,77.6,0.38,93.8,287.5,2792.0
Woodwork,Economy,Small,11.3,0.79,62.7,0.453,90.7,224.0,1663.0
BambooCane,Economy,Small,6.7,1.59,54.8,0.493,70.2,84.0,717.0
BambooCane,Standard,Medium,9.3,1.52,72.5,0.736,109.6,172.5,1781.0
Woodwork,Standard,Large,4.8,3.27,96.2,0.829,139.7,736.0,2218.0
Painting,Economy,Small,4.4,4.76,79.1,0.476,120.4,140.0,1356.0
Pottery,Economy,Small,9.5,2.36,59.6,0.655,146.6,67.2,2220.0
Textile,Economy,Medium,2.2,5.29,53.2,0.546,136.2,280.0,949.0
Metalware,Economy,Small,6.2,3.43,54.0,0.266,140.5,280.0,1828.0
Painting,Standard,Medium,6.1,4.3,74.9,0.166,116.0,287.5,1969.0
Metalware,Economy,Medium,12.8,3.71,57.6,0.389,139.7,400.0,3831.0
Pottery,Economy,Small,14.2,6.07,69.2,0.227,77.1,67.2,2253.0
Leatherwork,Economy,Medium,8.8,4.44,36.0,0.588,68.8,360.0,1136.0
Metalware,Premium,Medium,8.9,6.91,55.9,0.648,126.6,900.0,4034.0
Leatherwork,Premium,Large,24.0,0.5,79.9,0.699,80.2,1296.0,3517.0
Woodwork,Standard,Small,7.3,0.96,73.3,0.635,95.5,322.0,1239.0
Jewelry,Standard,Small,9.3,2.5,71.5,0.265,92.5,483.0,2394.0
BambooCane,Economy,Small,7.6,5.2,84.7,0.651,133.3,84.0,2057.0
Jewelry,Economy,Small,10.9,4.58,71.6,0.49,78.5,336.0,2207.0
Painting,Economy,Small,3.8,1.1,72.5,0.649,80.9,140.0,574.0
Textile,Standard,Small,23.5,2.84,62.7,0.388,139.8,281.7,5081.0
Metalware,Economy,Small,4.7,1.43,43.2,0.686,109.3,280.0,739.0
Painting,Economy,Small,6.1,2.14,68.4,0.142,69.9,140.0,995.0
Jewelry,Standard,Medium,17.3,4.13,76.8,0.475,125.8,690.0,5351.0
Textile,Premium,Medium,8.4,5.53,60.6,0.658,93.8,630.0,2233.0
Metalware,Standard,Medium,6.0,7.71,57.4,0.247,103.5,575.0,2585.0
Painting,Standard,Large,19.0,5.62,77.6,0.491,93.1,460.0,3760.0
Painting,Premium,Medium,8.2,3.5,93.4,0.541,111.8,450.0,2670.0
Metalware,Economy,Small,6.2,4.18,75.4,0.192,149.5,280.0,2292.0
Woodwork,Economy,Medium,5.6,2.74,82.2,0.168,141.4,320.0,1975.0
Metalware,Standard,Small,6.2,1.89,61.5,0.747,73.2,402.5,1065.0
BambooCane,Economy,Medium,8.9,3.06,91.0,0.377,125.4,120.0,2483.0
BambooCane,Premium,Large,7.8,7.83,88.4,0.351,123.9,432.0,3375.0
Textile,Standard,Small,4.1,5.78,79.4,0.416,64.8,281.7,1125.0
Woodwork,Standard,Medium,9.2,2.27,63.4,0.749,112.0,460.0,1919.0
Woodwork,Premium,Large,10.1,5.05,90.8,0.7,67.9,1152.0,3381.0
Woodwork,Economy,Large,10.2,5.09,53.3,0.583,116.5,512.0,2882.0
BambooCane,Premium,Medium,5.8,4.89,79.1,0.146,148.6,270.0,2446.0
Pottery,Standard,Medium,8.3,5.8,87.8,0.517,85.3,138.0,1892.0
Pottery,Premium,Large,3.8,2.97,87.2,0.69,129.8,345.6,1312.0
Painting,Standard,Medium,6.5,1.55,60.3,0.694,83.3,287.5,1088.0
Metalware,Standard,Large,13.3,3.46,82.7,0.526,137.8,920.0,4479.0
Painting,Economy,Medium,16.5,3.48,100.0,0.554,147.8,200.0,5080.0
Jewelry,Premium,Medium,8.2,6.7,82.4,0.76,83.5,1080.0,2787.0
BambooCane,Premium,Medium,15.9,1.34,73.4,0.638,122.4,270.0,2104.0
Textile,Standard,Medium,11.1,1.46,72.3,0.569,149.7,402.5,2797.0
Jewelry,Standard,Small,8.3,5.63,74.1,0.904,120.0,483.0,2580.0
Jewelry,Standard,Medium,16.0,2.85,61.5,0.132,113.6,690.0,5040.0
Woodwork,Economy,Small,13.5,4.89,98.1,0.352,115.6,224.0,3797.0
Woodwork,Standard,Medium,6.8,0.98,99.0,0.441,115.2,460.0,1973.0
BambooCane,Premium,Large,18.6,1.08,75.2,0.344,96.8,432.0,3546.0
Woodwork,Standard,Small,3.9,5.18,73.6,0.224,99.3,322.0,1541.0
Metalware,Premium,Medium,8.3,3.85,89.2,0.308,100.3,900.0,3281.0
Woodwork,Standard,Medium,5.1,1.35,66.5,0.764,124.7,460.0,1437.0
Jewelry,Standard,Small,5.6,2.09,71.3,0.82,91.1,483.0,1166.0
Painting,Standard,Small,4.4,5.85,76.8,0.862,121.3,201.2,1204.0
BambooCane,Economy,Medium,9.5,2.42,93.5,0.094,136.0,120.0,2814.0
Painting,Standard,Small,12.5,2.58,55.2,0.895,121.8,201.2,1854.0
Pottery,Standard,Medium,13.4,3.65,26.0,0.95,99.0,138.0,1610.0
Pottery,Standard,Medium,14.5,6.81,62.6,0.284,147.1,138.0,5473.0
BambooCane,Standard,Large,3.4,5.61,77.5,0.45,93.2,276.0,1131.0
Jewelry,Premium,Small,5.3,7.32,78.0,0.341,94.1,756.0,3036.0
Pottery,Premium,Medium,3.9,5.33,81.9,0.555,137.5,216.0,1335.0
Pottery,Economy,Large,11.0,8.25,100.0,0.95,98.2,153.6,2514.0
Leatherwork,Premium,Medium,6.1,1.98,54.1,0.48,114.8,810.0,2428.0
BambooCane,Standard,Large,6.6,5.21,73.3,0.4,67.9,276.0,1189.0
Jewelry,Economy,Large,3.4,4.11,90.5,0.129,115.6,768.0,2375.0
Metalware,Standard,Large,17.9,3.69,95.8,0.95,80.5,920.0,3128.0
Metalware,Standard,Large,6.6,6.32,88.3,0.229,141.4,920.0,4272.0
Leatherwork,Standard,Medium,9.2,5.98,59.0,0.282,86.2,517.5,2465.0
Jewelry,Standard,Large,9.0,1.44,60.3,0.347,93.1,1104.0,3029.0
Metalware,Premium,Medium,7.0,5.06,84.4,0.661,84.9,900.0,2758.0
Textile,Standard,Small,9.3,7.37,91.0,0.297,86.0,281.7,3017.0
Woodwork,Standard,Small,1.0,2.52,56.6,0.322,111.5,322.0,620.0
Painting,Standard,Medium,19.5,2.84,80.3,0.523,89.3,287.5,3404.0
Jewelry,Standard,Small,5.9,6.35,93.6,0.482,71.0,483.0,2022.0
Leatherwork,Standard,Medium,8.0,3.62,85.0,0.759,135.0,517.5,2293.0
Painting,Premium,Small,17.3,5.36,47.8,0.148,99.6,315.0,4126.0
BambooCane,Premium,Small,4.7,7.54,100.0,0.199,74.2,189.0,1468.0
Painting,Standard,Medium,5.6,3.25,66.7,0.105,81.9,287.5,1315.0
Jewelry,Standard,Small,5.4,5.9,61.2,0.5,133.3,483.0,2134.0
Leatherwork,Economy,Medium,12.5,5.29,74.8,0.505,62.1,360.0,2429.0
Pottery,Standard,Large,20.0,4.78,78.8,0.592,122.5,220.8,4198.0
Pottery,Economy,Large,10.1,1.45,62.2,0.519,136.7,153.6,1754.0
Painting,Economy,Medium,8.9,3.62,87.9,0.157,147.7,200.0,3133.0
Pottery,Standard,Medium,15.4,1.03,89.8,0.563,120.8,138.0,3018.0
Painting,Standard,Small,11.7,6.03,68.1,0.541,82.9,201.2,1988.0
Pottery,Premium,Large,6.7,2.29,68.3,0.826,66.6,345.6,860.0
Textile,Economy,Small,22.7,5.7,72.2,0.495,124.9,196.0,5633.0
Metalware,Premium,Large,10.1,0.87,72.2,0.877,133.7,1440.0,3551.0
Painting,Standard,Small,7.8,5.17,91.5,0.244,128.4,201.2,2796.0
Woodwork,Standard,Medium,3.4,5.84,78.2,0.19,141.4,460.0,2203.0
Metalware,Economy,Medium,12.7,4.58,69.2,0.312,95.8,400.0,3296.0
Textile,Premium,Small,3.4,5.85,68.8,0.788,65.5,441.0,1092.0
Textile,Standard,Medium,9.7,6.9,38.2,0.492,144.6,402.5,3625.0
Textile,Standard,Medium,10.4,6.19,66.8,0.437,136.5,402.5,3723.0
BambooCane,Premium,Medium,4.8,4.13,94.0,0.806,94.6,270.0,1293.0
Jewelry,Premium,Small,13.2,3.69,53.5,0.468,143.7,756.0,4266.0
BambooCane,Economy,Medium,7.2,4.62,68.0,0.185,63.5,120.0,1139.0
BambooCane,Economy,Small,6.2,2.05,100.0,0.552,86.7,84.0,1009.0
Leatherwork,Standard,Medium,3.7,5.4,45.1,0.562,140.3,517.5,1559.0
Leatherwork,Standard,Large,10.0,4.15,74.9,0.455,99.2,828.0,2647.0
Metalware,Economy,Medium,3.8,7.37,75.7,0.842,120.6,400.0,1376.0
Woodwork,Premium,Medium,5.4,6.52,85.4,0.231,106.6,720.0,3216.0
Metalware,Premium,Small,9.3,4.34,74.4,0.3,102.3,630.0,2731.0
Pottery,Economy,Medium,17.7,3.44,77.5,0.52,119.2,96.0,3728.0
Leatherwork,Standard,Small,6.1,6.36,74.8,0.829,90.6,362.2,1517.0
Woodwork,Economy,Small,2.4,6.72,65.7,0.264,69.7,224.0,947.0
BambooCane,Economy,Medium,9.4,3.15,45.1,0.321,144.1,120.0,1859.0
Painting,Standard,Large,5.0,4.88,76.7,0.8,86.5,460.0,1433.0
Textile,Economy,Small,4.8,3.11,65.5,0.529,84.5,196.0,924.0
Metalware,Premium,Medium,12.5,6.58,54.4,0.768,119.9,900.0,3819.0
Woodwork,Economy,Medium,11.3,2.0,68.1,0.566,90.5,320.0,1802.0
Pottery,Economy,Medium,3.1,7.02,58.1,0.527,130.9,96.0,971.0
Painting,Economy,Medium,15.2,0.85,88.8,0.382,99.0,200.0,2280.0
Metalware,Economy,Small,5.2,5.51,74.5,0.408,128.0,280.0,1880.0
Pottery,Standard,Medium,2.4,5.82,74.1,0.675,147.1,138.0,740.0
Leatherwork,Standard,Medium,11.1,2.91,61.1,0.471,72.8,517.5,1876.0
Jewelry,Standard,Small,4.4,3.68,85.4,0.099,140.4,483.0,2280.0
Painting,Economy,Medium,4.7,7.07,77.1,0.712,66.2,200.0,964.0
BambooCane,Premium,Small,3.6,2.62,77.1,0.854,68.5,189.0,618.0
Jewelry,Standard,Small,3.7,0.55,70.8,0.582,101.4,483.0,967.0
BambooCane,Standard,Small,12.7,4.29,73.9,0.67,103.1,120.7,2404.0
Pottery,Standard,Medium,3.7,4.01,68.1,0.593,72.1,138.0,578.0
Metalware,Standard,Large,9.0,2.94,88.6,0.871,63.5,920.0,1822.0
Painting,Standard,Medium,12.5,6.39,64.4,0.771,144.3,287.5,3654.0
Painting,Standard,Small,9.3,1.91,81.0,0.611,106.7,201.2,1969.0
Metalware,Economy,Small,14.3,2.51,67.5,0.467,91.7,280.0,2544.0
Pottery,Economy,Medium,17.7,5.48,62.7,0.637,71.9,96.0,2165.0
Metalware,Standard,Small,7.4,4.33,70.8,0.685,93.3,402.5,1620.0
Pottery,Premium,Medium,14.1,5.82,79.2,0.152,86.3,216.0,3177.0
Jewelry,Standard,Large,7.5,2.39,65.0,0.648,110.7,1104.0,2545.0
BambooCane,Premium,Small,9.5,1.14,75.5,0.121,70.1,189.0,1502.0
Woodwork,Standard,Large,7.9,6.66,57.7,0.558,98.3,736.0,3170.0
Textile,Standard,Medium,6.4,2.5,71.6,0.607,127.1,402.5,1503.0
Jewelry,Standard,Medium,2.0,1.05,72.2,0.751,64.9,690.0,1052.0
Woodwork,Standard,Medium,8.8,2.78,57.0,0.939,73.2,460.0,1237.0
Woodwork,Standard,Small,9.5,5.93,68.3,0.263,129.0,322.0,3008.0
Woodwork,Economy,Medium,8.8,2.06,62.5,0.542,76.2,320.0,1318.0
Jewelry,Standard,Medium,7.2,1.57,92.0,0.578,73.2,690.0,1922.0
Pottery,Economy,Large,6.8,4.13,51.8,0.566,123.2,153.6,1538.0
Painting,Premium,Medium,20.1,2.11,63.9,0.501,96.6,450.0,3261.0
Pottery,Standard,Small,10.5,4.54,95.1,0.2,84.1,96.6,2194.0
Metalware,Economy,Medium,13.2,2.34,76.8,0.716,100.1,400.0,2703.0
BambooCane,Premium,Large,18.4,4.27,64.2,0.374,107.7,432.0,4038.0
Woodwork,Standard,Medium,1.6,7.78,71.9,0.797,141.0,460.0,1367.0
Leatherwork,Standard,Medium,7.6,4.67,77.6,0.285,108.8,517.5,2383.0
Leatherwork,Standard,Large,3.6,4.55,69.4,0.345,106.0,828.0,2160.0
Leatherwork,Economy,Medium,2.9,4.02,58.8,0.096,101.3,360.0,1241.0
Jewelry,Premium,Large,5.4,1.59,95.5,0.682,90.4,1728.0,3707.0
Painting,Economy,Small,9.6,0.68,76.8,0.428,95.0,140.0,1447.0
Metalware,Standard,Medium,6.4,3.89,57.2,0.774,134.2,575.0,1832.0
Leatherwork,Standard,Small,16.2,5.08,81.2,0.59,135.1,362.2,4648.0
Metalware,Economy,Small,7.3,2.31,76.8,0.662,112.9,280.0,1725.0
Metalware,Standard,Medium,8.3,5.42,84.5,0.431,93.8,575.0,2717.0
Leatherwork,Premium,Medium,2.2,4.57,61.7,0.627,93.5,810.0,1619.0
Metalware,Premium,Small,2.9,5.45,71.1,0.482,99.7,630.0,1883.0
Metalware,Economy,Small,8.8,4.9,82.4,0.699,139.9,280.0,2728.0
Woodwork,Standard,Small,1.9,0.61,77.2,0.376,103.1,322.0,760.0
Jewelry,Economy,Small,15.1,5.63,72.2,0.478,81.2,336.0,2770.0
Leatherwork,Premium,Small,4.8,3.47,73.8,0.216,69.3,567.0,1432.0
Jewelry,Standard,Small,10.8,6.11,100.0,0.22,124.8,483.0,4734.0
Woodwork,Premium,Medium,5.9,4.86,66.2,0.555,126.2,720.0,2320.0
Painting,Standard,Small,7.3,5.41,90.0,0.477,129.7,201.2,2543.0
Metalware,Economy,Small,12.3,5.59,82.8,0.12,74.6,280.0,2619.0
BambooCane,Economy,Small,13.6,4.4,76.0,0.428,86.9,84.0,2266.0
BambooCane,Economy,Medium,3.9,4.55,65.5,0.453,84.8,120.0,907.0
Jewelry,Premium,Small,6.5,3.67,65.2,0.132,114.6,756.0,3017.0
Leatherwork,Standard,Medium,20.8,1.46,75.5,0.411,146.9,517.5,5207.0
BambooCane,Economy,Small,23.8,5.44,68.4,0.376,133.6,84.0,6155.0
Textile,Premium,Small,5.8,1.69,69.1,0.331,119.1,441.0,1763.0
Painting,Standard,Medium,7.4,3.27,72.7,0.148,99.1,287.5,1976.0
Textile,Premium,Medium,6.7,6.05,42.4,0.599,99.5,630.0,1995.0
BambooCane,Economy,Medium,3.2,5.2,55.0,0.556,142.7,120.0,920.0
Jewelry,Economy,Medium,9.8,3.01,55.2,0.798,89.0,480.0,1589.0
BambooCane,Standard,Medium,11.4,4.39,67.9,0.611,103.7,172.5,2156.0
Pottery,Economy,Large,11.0,4.79,92.2,0.3,86.6,153.6,2298.0
Leatherwork,Economy,Medium,14.3,4.79,66.2,0.241,103.0,360.0,3551.0
Woodwork,Standard,Medium,10.0,1.28,75.1,0.226,140.2,460.0,3111.0
Metalware,Standard,Medium,15.3,3.24,64.7,0.308,109.7,575.0,3586.0
Painting,Standard,Small,6.6,6.23,52.8,0.755,130.4,201.2,1667.0
BambooCane,Standard,Medium,35.3,4.3,76.0,0.32,129.8,172.5,7865.0
Leatherwork,Economy,Large,15.2,4.15,83.1,0.381,74.0,576.0,3231.0
Pottery,Premium,Small,8.2,2.56,100.0,0.22,106.7,151.2,2068.0
BambooCane,Premium,Small,5.7,4.24,76.3,0.815,74.4,189.0,1008.0
Jewelry,Premium,Medium,13.9,7.92,73.2,0.278,140.0,1080.0,7500.0
Leatherwork,Economy,Large,3.1,4.41,86.4,0.355,91.0,576.0,1600.0
Leatherwork,Economy,Small,8.1,4.6,35.5,0.236,128.6,252.0,1683.0
BambooCane,Economy,Large,2.6,1.97,76.5,0.396,94.1,192.0,692.0
Metalware,Economy,Medium,17.3,1.79,53.4,0.599,114.7,400.0,2923.0
Jewelry,Standard,Medium,4.8,3.86,63.1,0.642,103.6,690.0,1665.0
Painting,Premium,Small,6.7,3.73,98.1,0.731,91.5,315.0,1489.0
Textile,Standard,Large,8.3,6.54,75.1,0.907,84.9,644.0,2277.0
Painting,Standard,Small,17.6,2.51,57.5,0.445,134.9,201.2,3764.0
Pottery,Standard,Small,2.1,4.99,68.6,0.665,125.1,96.6,577.0
Pottery,Economy,Large,11.1,6.14,87.0,0.729,141.1,153.6,2899.0
Woodwork,Economy,Small,3.9,0.69,66.6,0.228,119.1,224.0,1103.0
BambooCane,Economy,Small,5.0,1.62,73.7,0.253,64.2,84.0,600.0
Jewelry,Economy,Medium,12.2,2.83,63.7,0.58,97.1,480.0,2452.0
Woodwork,Standard,Medium,19.3,4.48,37.0,0.753,121.9,460.0,3584.0
Metalware,Standard,Medium,13.9,1.39,100.0,0.437,135.8,575.0,4080.0
BambooCane,Economy,Small,11.4,4.77,84.8,0.508,92.9,84.0,2194.0
Woodwork,Premium,Medium,2.9,6.15,72.9,0.216,76.6,720.0,2251.0
Painting,Standard,Medium,9.5,5.91,62.1,0.655,131.6,287.5,2432.0
Metalware,Premium,Large,19.7,2.83,94.5,0.517,103.2,1440.0,6152.0
Jewelry,Standard,Large,6.1,3.97,84.3,0.545,95.3,1104.0,2807.0
Pottery,Economy,Medium,8.9,2.83,80.3,0.23,108.2,96.0,1989.0
Jewelry,Standard,Medium,4.6,2.77,74.2,0.259,112.7,690.0,2208.0
Painting,Premium,Medium,7.0,4.75,83.7,0.674,125.8,450.0,2073.0
Jewelry,Economy,Small,3.9,5.94,81.9,0.13,116.2,336.0,1962.0
BambooCane,Premium,Small,13.8,2.15,85.9,0.259,94.8,189.0,2528.0
Metalware,Standard,Medium,10.5,9.26,63.4,0.713,88.3,575.0,3093.0
Leatherwork,Standard,Medium,18.8,4.64,74.3,0.95,146.1,517.5,4788.0
Painting,Standard,Medium,7.8,4.11,56.6,0.622,94.5,287.5,1335.0
Textile,Premium,Small,4.9,6.41,95.3,0.239,95.6,441.0,2233.0
Pottery,Premium,Small,5.7,4.67,64.3,0.285,128.7,151.2,1869.0
Woodwork,Economy,Large,4.7,6.06,67.7,0.421,115.9,512.0,1994.0
Painting,Premium,Small,16.0,1.67,67.7,0.438,119.9,315.0,3373.0
Painting,Economy,Small,14.0,3.55,81.0,0.073,126.0,140.0,4039.0
Textile,Premium,Medium,9.2,8.62,90.8,0.12,91.8,630.0,4235.0
BambooCane,Economy,Medium,4.2,4.57,64.4,0.553,92.7,120.0,767.0
BambooCane,Standard,Large,4.2,0.74,86.7,0.728,117.1,276.0,983.0
Textile,Economy,Small,4.2,4.25,86.1,0.59,80.6,196.0,800.0
Metalware,Economy,Medium,6.5,3.71,66.7,0.439,73.0,400.0,1333.0
BambooCane,Economy,Medium,9.3,3.29,31.3,0.159,139.0,120.0,2299.0
Pottery,Standard,Small,7.7,7.15,97.1,0.31,109.5,96.6,2366.0
Woodwork,Economy,Medium,1.7,4.68,82.1,0.567,131.8,320.0,949.0
Textile,Premium,Medium,7.6,0.71,76.8,0.69,94.9,630.0,1514.0
Leatherwork,Economy,Small,12.1,0.5,69.3,0.359,83.3,252.0,1938.0
Pottery,Economy,Large,5.0,8.3,74.9,0.833,145.7,153.6,1696.0
Jewelry,Premium,Medium,8.5,1.43,87.7,0.458,68.8,1080.0,3034.0
Pottery,Economy,Medium,2.1,2.61,45.5,0.568,79.3,96.0,386.0
Painting,Economy,Medium,5.9,7.19,54.4,0.4,145.8,200.0,1990.0
Jewelry,Premium,Small,4.1,5.37,85.8,0.694,106.4,756.0,2005.0
BambooCane,Premium,Small,5.4,4.2,55.2,0.371,76.8,189.0,991.0
Metalware,Standard,Medium,6.6,5.25,50.0,0.611,114.2,575.0,2062.0
Textile,Premium,Large,6.6,5.34,58.3,0.548,99.4,1008.0,2538.0
Metalware,Premium,Large,14.1,4.8,67.7,0.403,72.9,1440.0,4718.0
Metalware,Premium,Medium,7.8,1.6,77.1,0.557,125.3,900.0,2632.0
Leatherwork,Standard,Medium,4.6,5.44,97.8,0.085,101.9,517.5,2424.0
Woodwork,Standard,Large,4.6,6.42,71.1,0.458,78.7,736.0,2392.0
Metalware,Standard,Medium,8.8,3.29,88.7,0.813,118.2,575.0,2438.0
BambooCane,Standard,Small,14.8,3.81,53.9,0.781,84.2,120.7,2007.0
Jewelry,Premium,Medium,6.8,1.81,59.3,0.34,80.5,1080.0,1945.0
Pottery,Standard,Large,12.8,3.39,76.5,0.632,67.3,220.8,1754.0
BambooCane,Standard,Small,4.2,7.97,91.3,0.084,102.5,120.7,1597.0
Textile,Economy,Small,9.4,2.12,70.0,0.45,110.6,196.0,1805.0
Jewelry,Standard,Large,5.7,4.43,74.1,0.702,106.2,1104.0,2592.0
Jewelry,Economy,Small,6.2,3.41,59.4,0.634,83.4,336.0,1272.0
Leatherwork,Premium,Small,24.0,1.4,82.7,0.529,69.0,567.0,3557.0
Jewelry,Standard,Small,6.0,8.32,63.1,0.501,135.6,483.0,2949.0
Painting,Economy,Large,4.7,3.53,67.7,0.947,103.5,320.0,1137.0
Jewelry,Premium,Small,14.0,4.41,73.4,0.549,147.4,756.0,5014.0
Woodwork,Economy,Small,5.4,7.89,65.7,0.754,111.0,224.0,1319.0
Metalware,Economy,Large,3.4,3.49,83.6,0.634,142.4,640.0,1942.0
Pottery,Standard,Small,7.0,4.46,59.0,0.679,76.1,96.6,898.0
Woodwork,Standard,Medium,9.3,5.32,81.3,0.343,140.0,460.0,3755.0
Woodwork,Economy,Small,3.2,5.29,28.6,0.766,139.2,224.0,964.0
Painting,Standard,Small,9.0,3.22,64.7,0.434,127.3,201.2,2395.0
Leatherwork,Standard,Small,3.9,1.57,45.9,0.928,95.7,362.2,732.0
BambooCane,Standard,Medium,12.3,2.22,85.0,0.105,95.4,172.5,2267.0
Painting,Standard,Small,4.8,4.71,64.8,0.489,126.5,201.2,1528.0
Woodwork,Economy,Large,9.7,2.57,72.1,0.101,86.2,512.0,2480.0
Painting,Economy,Large,11.5,3.95,63.0,0.435,108.0,320.0,2610.0
Leatherwork,Economy,Small,10.3,1.84,70.2,0.399,128.3,252.0,2465.0
Metalware,Standard,Medium,5.3,3.61,82.1,0.568,148.4,575.0,2248.0
Metalware,Economy,Small,6.3,4.43,84.1,0.271,94.7,280.0,1901.0
Textile,Standard,Small,5.8,3.29,80.1,0.95,121.8,281.7,1454.0
BambooCane,Economy,Small,7.7,4.16,56.3,0.347,92.9,84.0,1347.0
Jewelry,Standard,Medium,17.2,4.65,93.0,0.7,90.2,690.0,3736.0
Leatherwork,Standard,Medium,6.8,3.79,82.4,0.397,76.3,517.5,1755.0
Metalware,Standard,Medium,2.8,4.3,52.1,0.612,67.2,575.0,1220.0
Woodwork,Economy,Medium,2.4,2.66,80.8,0.724,142.6,320.0,867.0
Painting,Premium,Small,2.5,1.3,53.6,0.882,82.9,315.0,519.0
Metalware,Economy,Small,3.6,6.04,83.9,0.151,80.2,280.0,1195.0
BambooCane,Standard,Large,9.5,2.24,83.9,0.271,128.0,276.0,2260.0
Painting,Standard,Small,9.9,6.81,69.8,0.403,95.3,201.2,2779.0
Pottery,Standard,Medium,4.0,3.75,73.3,0.449,129.0,138.0,1013.0
BambooCane,Standard,Medium,1.5,3.4,89.0,0.404,60.6,172.5,532.0
Leatherwork,Premium,Medium,11.2,1.35,95.0,0.355,86.6,810.0,2778.0
Leatherwork,Economy,Large,6.3,5.9,57.8,0.515,98.4,576.0,2136.0
Jewelry,Standard,Small,10.8,6.61,78.0,0.328,68.8,483.0,2545.0
Jewelry,Premium,Small,9.3,5.16,69.4,0.417,138.4,756.0,3933.0
Jewelry,Premium,Medium,9.7,2.79,67.6,0.623,90.9,1080.0,3062.0
Leatherwork,Economy,Medium,8.2,3.8,83.7,0.878,75.6,360.0,1569.0
Painting,Standard,Large,11.5,6.62,59.8,0.73,91.9,460.0,2529.0
Leatherwork,Standard,Medium,9.0,2.36,81.5,0.524,99.0,517.5,2035.0
Textile,Economy,Medium,8.1,5.95,73.1,0.806,115.1,280.0,2003.0
Metalware,Economy,Large,14.4,1.01,78.1,0.41,137.3,640.0,3440.0
Painting,Economy,Medium,7.7,4.42,61.3,0.868,145.5,200.0,1843.0
Jewelry,Economy,Medium,10.3,8.04,45.1,0.178,136.8,480.0,4378.0
Painting,Premium,Medium,10.9,4.57,94.7,0.807,95.9,450.0,2351.0
Leatherwork,Economy,Medium,3.7,5.27,75.2,0.753,144.9,360.0,1447.0
Pottery,Economy,Small,3.2,4.39,79.5,0.76,105.1,67.2,686.0
Metalware,Economy,Medium,19.4,4.43,60.2,0.716,75.3,400.0,3050.0
Textile,Economy,Small,11.3,0.84,92.8,0.19,143.3,196.0,2946.0
Textile,Economy,Medium,14.9,6.4,55.6,0.665,133.5,280.0,3955.0
Pottery,Standard,Medium,10.1,3.67,93.6,0.849,127.6,138.0,2039.0
Metalware,Standard,Small,12.8,0.66,77.6,0.646,75.9,402.5,1791.0
BambooCane,Standard,Medium,10.0,1.28,88.9,0.667,147.7,172.5,2514.0
Metalware,Standard,Small,9.4,7.32,79.1,0.401,82.8,402.5,2625.0
Metalware,Economy,Medium,12.4,4.2,46.0,0.801,66.2,400.0,1568.0
Leatherwork,Standard,Medium,4.9,5.93,71.3,0.276,65.7,517.5,1875.0
Textile,Economy,Medium,13.1,7.41,93.0,0.816,137.4,280.0,4713.0
Metalware,Standard,Small,9.1,6.4,80.6,0.636,77.2,402.5,2371.0
Painting,Premium,Small,11.2,2.94,87.9,0.148,86.5,315.0,2233.0
Pottery,Economy,Small,5.3,3.14,93.6,0.619,115.5,67.2,1220.0
BambooCane,Standard,Medium,17.7,4.52,70.6,0.41,95.3,172.5,2605.0
Metalware,Economy,Medium,13.5,3.22,55.5,0.752,105.5,400.0,2229.0
Jewelry,Standard,Medium,6.5,3.94,95.7,0.529,117.4,690.0,2447.0
Leatherwork,Premium,Medium,14.5,0.89,70.5,0.522,95.7,810.0,2412.0
Pottery,Economy,Small,16.0,5.19,33.4,0.375,106.9,67.2,2968.0
Jewelry,Economy,Medium,11.6,3.46,55.7,0.283,92.6,480.0,2319.0
Pottery,Standard,Small,12.5,6.25,71.6,0.63,86.6,96.6,2064.0
Metalware,Economy,Small,3.1,4.18,58.0,0.655,128.5,280.0,895.0
BambooCane,Standard,Medium,7.6,2.81,57.4,0.507,105.2,172.5,1311.0
Textile,Economy,Medium,19.9,3.96,95.5,0.259,73.3,280.0,3753.0
Jewelry,Standard,Medium,4.3,5.92,66.8,0.118,104.9,690.0,2457.0
BambooCane,Premium,Small,15.5,1.3,92.9,0.154,118.8,189.0,3574.0
Jewelry,Premium,Medium,3.1,1.56,70.1,0.745,123.0,1080.0,2005.0
Painting,Economy,Small,8.5,4.64,100.0,0.284,117.7,140.0,2745.0
Leatherwork,Economy,Large,18.2,4.1,31.6,0.349,146.8,576.0,4633.0
BambooCane,Economy,Medium,5.8,7.64,59.0,0.126,114.9,120.0,1872.0
Woodwork,Premium,Small,10.3,4.78,77.4,0.262,114.3,504.0,2807.0
Textile,Standard,Large,10.5,4.48,80.9,0.534,87.4,644.0,2831.0
BambooCane,Economy,Medium,14.3,7.41,55.7,0.49,130.4,120.0,3736.0
Textile,Standard,Small,3.3,8.63,44.7,0.315,125.2,281.7,1612.0
Leatherwork,Economy,Small,11.5,1.48,88.1,0.95,128.0,252.0,2355.0
Painting,Premium,Medium,5.0,4.35,66.0,0.765,143.0,450.0,1749.0
Metalware,Standard,Medium,5.4,6.79,77.1,0.522,91.4,575.0,2023.0
Woodwork,Premium,Medium,8.1,2.03,47.1,0.733,145.7,720.0,2242.0
Metalware,Premium,Medium,7.5,3.08,99.8,0.379,119.5,900.0,3472.0
Textile,Economy,Medium,22.4,7.5,71.4,0.523,60.0,280.0,3435.0
Metalware,Standard,Small,8.2,1.22,62.8,0.737,142.4,402.5,1976.0
Jewelry,Economy,Small,11.2,2.13,41.2,0.429,140.2,336.0,2412.0
Leatherwork,Standard,Medium,5.0,6.78,89.5,0.536,66.9,517.5,1894.0
Pottery,Premium,Small,19.0,9.31,86.3,0.418,140.0,151.2,7063.0
Woodwork,Economy,Medium,14.7,8.15,53.9,0.467,89.8,320.0,3080.0
Painting,Standard,Small,7.5,1.52,90.4,0.76,75.8,201.2,1056.0
Jewelry,Standard,Small,10.6,3.93,72.8,0.378,133.3,483.0,3242.0
Textile,Economy,Medium,21.3,2.31,85.5,0.246,144.4,280.0,5111.0
Leatherwork,Premium,Medium,7.2,3.7,56.8,0.408,78.8,810.0,2482.0
Woodwork,Standard,Medium,12.3,6.42,72.3,0.397,119.5,460.0,4067.0
BambooCane,Premium,Medium,4.9,6.72,80.7,0.351,141.2,270.0,2172.0
BambooCane,Premium,Small,8.6,4.29,48.3,0.261,131.6,189.0,2284.0
Textile,Premium,Small,18.6,4.12,67.6,0.828,127.9,441.0,3929.0
Painting,Economy,Small,6.0,2.28,90.8,0.278,72.4,140.0,980.0
Leatherwork,Economy,Medium,20.4,4.42,28.4,0.69,99.3,360.0,3031.0
Woodwork,Economy,Small,8.4,3.05,83.4,0.719,146.0,224.0,2150.0
Painting,Standard,Small,7.4,5.36,67.9,0.192,109.9,201.2,2061.0
BambooCane,Standard,Medium,11.8,7.66,49.5,0.701,85.9,172.5,2153.0
Textile,Standard,Large,4.6,3.09,100.0,0.263,108.5,644.0,2374.0
Metalware,Standard,Small,8.6,4.42,85.3,0.221,121.1,402.5,2940.0
Painting,Premium,Large,8.7,5.95,23.8,0.476,85.6,720.0,2142.0
Textile,Economy,Medium,4.7,7.0,61.9,0.633,78.0,280.0,1135.0
Leatherwork,Economy,Medium,6.6,3.55,58.2,0.749,119.1,360.0,1563.0
Woodwork,Premium,Medium,1.5,4.34,89.4,0.664,100.1,720.0,1534.0
Leatherwork,Premium,Medium,2.3,3.42,57.2,0.689,122.1,810.0,1485.0
Painting,Premium,Medium,7.2,7.27,70.3,0.406,139.4,450.0,3005.0
Leatherwork,Economy,Small,7.2,1.85,65.8,0.689,109.9,252.0,1225.0
Pottery,Economy,Small,13.7,3.38,98.4,0.397,101.4,67.2,2559.0
BambooCane,Standard,Small,9.2,6.83,71.4,0.856,133.5,120.7,2251.0
Woodwork,Premium,Medium,4.8,3.55,84.9,0.324,98.2,720.0,2098.0
Pottery,Standard,Small,12.6,7.66,95.3,0.614,85.4,96.6,2377.0
Painting,Standard,Large,9.4,2.77,85.2,0.653,66.4,460.0,1653.0
Woodwork,Standard,Large,4.3,2.05,46.7,0.695,142.6,736.0,1368.0
BambooCane,Standard,Large,10.0,1.49,73.9,0.583,113.4,276.0,1805.0
Textile,Standard,Medium,9.3,2.97,63.9,0.735,136.2,402.5,2358.0
BambooCane,Premium,Medium,15.6,5.95,74.2,0.564,135.6,270.0,4351.0
Leatherwork,Economy,Large,5.3,5.11,80.1,0.516,148.0,576.0,2622.0
BambooCane,Economy,Large,3.0,0.72,71.5,0.313,82.1,192.0,562.0
BambooCane,Standard,Medium,6.6,5.2,90.5,0.316,105.8,172.5,1892.0
BambooCane,Standard,Medium,4.1,2.08,50.4,0.356,113.3,172.5,796.0
Textile,Economy,Large,19.9,5.26,52.2,0.699,91.5,448.0,3187.0
Jewelry,Economy,Large,1.3,0.58,45.6,0.943,98.8,768.0,851.0
Pottery,Standard,Medium,11.0,1.42,46.5,0.702,80.1,138.0,1291.0
Woodwork,Premium,Medium,6.0,2.4,61.9,0.157,119.8,720.0,2822.0
Textile,Economy,Medium,9.3,6.66,79.3,0.548,122.6,280.0,2979.0
Jewelry,Standard,Medium,2.3,4.1,58.5,0.843,70.5,690.0,1307.0
Textile,Economy,Medium,5.0,2.46,37.6,0.503,128.1,280.0,1095.0
Textile,Economy,Large,6.4,3.87,53.8,0.523,99.1,448.0,1764.0
Jewelry,Economy,Medium,5.4,1.86,92.1,0.319,73.5,480.0,1613.0
Metalware,Standard,Large,8.1,1.45,57.0,0.269,73.4,920.0,1967.0
Pottery,Economy,Medium,3.0,3.62,68.4,0.623,136.7,96.0,774.0
Woodwork,Premium,Medium,4.0,8.54,81.9,0.211,136.4,720.0,3051.0
Metalware,Economy,Medium,3.9,3.49,72.8,0.483,107.5,400.0,1336.0
Painting,Economy,Medium,7.9,5.29,71.0,0.494,120.8,200.0,2100.0
Metalware,Economy,Small,9.6,4.18,67.3,0.627,128.0,280.0,2840.0
BambooCane,Economy,Medium,7.6,3.78,66.0,0.336,107.0,120.0,1304.0
Textile,Economy,Small,18.4,1.92,63.4,0.608,115.4,196.0,3099.0
Leatherwork,Economy,Large,7.2,4.32,97.0,0.688,146.8,576.0,2563.0
Textile,Economy,Large,6.9,4.36,60.4,0.162,147.0,448.0,2798.0
BambooCane,Standard,Large,9.3,1.92,66.3,0.373,69.9,276.0,1354.0
Textile,Premium,Medium,9.1,2.72,56.3,0.448,127.6,630.0,2565.0
Textile,Standard,Medium,5.9,0.89,74.6,0.632,105.5,402.5,1111.0
Painting,Economy,Small,12.9,5.31,51.2,0.401,106.9,140.0,2513.0
Metalware,Premium,Small,12.5,4.75,72.9,0.346,135.9,630.0,4541.0
Pottery,Economy,Medium,2.8,6.87,80.5,0.821,62.5,96.0,426.0
Woodwork,Standard,Medium,7.4,7.23,80.9,0.359,145.7,460.0,3706.0
Textile,Economy,Small,25.0,7.08,86.3,0.686,132.9,196.0,7150.0
Pottery,Economy,Small,5.9,5.75,52.7,0.173,73.1,67.2,866.0
Metalware,Premium,Small,13.4,4.87,54.9,0.254,95.0,630.0,3826.0
Pottery,Economy,Large,18.8,4.19,79.2,0.453,80.4,153.6,3379.0
Woodwork,Premium,Small,4.1,4.92,64.0,0.704,83.3,504.0,1475.0
BambooCane,Standard,Large,8.0,3.72,89.5,0.5,72.1,276.0,1416.0
Leatherwork,Economy,Small,8.8,4.71,88.9,0.05,115.9,252.0,2479.0
Woodwork,Standard,Medium,3.0,3.11,69.0,0.345,65.0,460.0,1103.0
Metalware,Standard,Small,6.6,0.5,54.3,0.566,130.6,402.5,1400.0
Metalware,Premium,Small,8.4,5.78,76.7,0.751,128.1,630.0,3231.0
Woodwork,Premium,Small,10.6,5.47,65.6,0.576,61.0,504.0,2129.0
Pottery,Premium,Small,7.1,4.68,50.2,0.616,76.6,151.2,1052.0
BambooCane,Standard,Medium,6.5,6.68,84.3,0.416,63.4,172.5,1129.0
Jewelry,Standard,Medium,8.3,5.68,67.8,0.682,83.8,690.0,2438.0
Painting,Standard,Small,5.4,7.64,79.3,0.301,100.7,201.2,1719.0
Painting,Standard,Large,6.7,2.81,32.1,0.648,88.6,460.0,1341.0
Jewelry,Standard,Small,10.1,5.57,61.1,0.794,146.2,483.0,2447.0
Painting,Standard,Small,8.4,2.94,81.0,0.433,132.8,201.2,2485.0
Jewelry,Premium,Medium,5.5,4.57,45.4,0.428,82.4,1080.0,2255.0
Pottery,Premium,Large,5.0,7.13,74.1,0.306,93.9,345.6,1623.0
Pottery,Standard,Medium,9.7,3.38,75.3,0.538,89.4,138.0,1586.0
Woodwork,Premium,Small,2.3,1.07,79.6,0.549,130.4,504.0,1015.0
Painting,Standard,Small,1.7,4.34,76.9,0.669,114.8,201.2,539.0
Pottery,Standard,Small,6.7,3.11,100.0,0.22,60.1,96.6,1041.0
Pottery,Premium,Small,11.0,4.05,55.6,0.792,112.2,151.2,1782.0
BambooCane,Premium,Medium,14.6,5.77,70.9,0.295,123.9,270.0,4290.0
Metalware,Standard,Large,2.1,3.93,98.5,0.433,101.2,920.0,2019.0
Textile,Economy,Medium,8.5,7.55,60.7,0.476,91.4,280.0,2166.0
Textile,Standard,Small,6.4,3.72,86.9,0.366,100.7,281.7,1576.0
Painting,Standard,Medium,7.2,1.23,64.0,0.486,85.0,287.5,1037.0
Jewelry,Economy,Large,18.4,4.03,74.2,0.077,70.4,768.0,4560.0
Pottery,Premium,Medium,6.6,3.37,92.8,0.361,105.3,216.0,1820.0
Woodwork,Economy,Small,4.1,5.5,52.7,0.899,104.9,224.0,964.0
Woodwork,Economy,Medium,3.6,6.49,79.5,0.283,79.5,320.0,1305.0
BambooCane,Premium,Small,2.0,0.59,55.5,0.537,135.5,189.0,513.0
Textile,Premium,Small,3.4,4.4,54.4,0.498,110.9,441.0,1167.0
Painting,Standard,Large,1.1,2.94,67.7,0.927,98.1,460.0,844.0
BambooCane,Premium,Small,7.7,4.25,91.4,0.628,119.2,189.0,2138.0
Woodwork,Premium,Medium,5.9,6.51,73.1,0.657,130.7,720.0,2867.0
Jewelry,Premium,Medium,5.8,5.09,88.9,0.27,62.0,1080.0,3457.0
Woodwork,Economy,Large,43.1,3.96,52.7,0.892,105.0,512.0,6074.0
Textile,Economy,Medium,17.2,2.91,67.2,0.329,141.7,280.0,5152.0
BambooCane,Economy,Large,12.1,6.55,91.9,0.701,68.4,192.0,1970.0
Textile,Standard,Medium,4.0,5.8,78.5,0.476,110.2,402.5,1559.0
Jewelry,Standard,Medium,26.2,3.73,61.1,0.496,104.5,690.0,4851.0
BambooCane,Premium,Medium,13.0,4.16,82.5,0.642,126.5,270.0,3420.0
Textile,Premium,Medium,11.7,1.62,86.5,0.571,118.4,630.0,3138.0
BambooCane,Economy,Small,6.5,4.53,77.3,0.163,147.6,84.0,2168.0
Woodwork,Economy,Large,4.6,1.47,39.7,0.247,119.7,512.0,1236.0
Leatherwork,Economy,Small,6.4,2.44,83.0,0.3,123.9,252.0,1842.0
Jewelry,Economy,Small,5.0,0.53,87.4,0.801,85.5,336.0,833.0
Jewelry,Standard,Medium,14.0,8.14,97.5,0.804,75.1,690.0,3682.0
Metalware,Economy,Medium,13.5,3.89,80.5,0.214,97.4,400.0,3305.0
Painting,Economy,Small,18.3,4.31,77.8,0.503,120.5,140.0,3936.0
Metalware,Premium,Medium,14.6,3.41,100.0,0.195,104.9,900.0,5482.0
Woodwork,Premium,Medium,4.6,4.76,100.0,0.707,76.7,720.0,2016.0
BambooCane,Standard,Small,3.4,3.11,79.4,0.776,67.9,120.7,525.0
Woodwork,Economy,Medium,13.8,5.29,92.0,0.317,72.1,320.0,2709.0
Pottery,Standard,Medium,8.2,2.52,81.4,0.655,112.9,138.0,1562.0
Woodwork,Standard,Large,23.9,5.17,70.9,0.436,61.2,736.0,4275.0
BambooCane,Economy,Small,9.7,7.94,50.3,0.688,126.4,84.0,2456.0
Woodwork,Standard,Small,4.0,0.51,75.9,0.236,137.5,322.0,1404.0
Textile,Standard,Medium,7.2,4.04,73.7,0.853,76.4,402.5,1301.0
Textile,Standard,Medium,8.3,1.0,92.4,0.08,137.4,402.5,2667.0
Painting,Economy,Medium,4.5,3.41,78.1,0.272,140.9,200.0,1500.0
Textile,Premium,Small,4.2,2.57,84.2,0.247,91.2,441.0,1641.0
Leatherwork,Standard,Medium,4.9,4.2,66.9,0.456,61.8,517.5,1459.0
Leatherwork,Premium,Medium,7.2,0.5,48.6,0.44,118.7,810.0,2051.0
Leatherwork,Standard,Medium,8.2,7.8,45.5,0.579,67.9,517.5,1988.0
Jewelry,Economy,Medium,7.7,4.83,47.3,0.736,63.1,480.0,1300.0
Textile,Standard,Small,3.7,1.92,66.8,0.759,132.1,281.7,890.0
Textile,Economy,Large,6.1,8.06,67.6,0.642,100.8,448.0,1830.0
Textile,Premium,Large,7.6,3.89,70.0,0.294,70.1,1008.0,3270.0
Painting,Standard,Medium,3.0,3.22,58.7,0.708,70.5,287.5,713.0
Woodwork,Economy,Medium,12.3,2.56,57.1,0.526,62.7,320.0,1446.0
Textile,Premium,Small,13.6,7.73,95.8,0.823,65.8,441.0,2932.0
Jewelry,Economy,Small,15.4,5.76,73.4,0.54,115.3,336.0,3836.0
Woodwork,Economy,Small,4.3,5.92,76.9,0.522,125.8,224.0,1392.0
Woodwork,Economy,Medium,8.0,6.0,90.9,0.631,92.2,320.0,1831.0
Jewelry,Standard,Small,4.7,5.14,67.4,0.59,84.4,483.0,1431.0
Painting,Standard,Small,15.5,6.46,64.6,0.615,127.0,201.2,3712.0
Metalware,Standard,Large,3.3,1.68,94.0,0.473,90.8,920.0,2124.0
BambooCane,Economy,Medium,5.1,5.1,93.0,0.852,66.4,120.0,769.0
Painting,Standard,Small,14.8,2.07,62.4,0.328,72.8,201.2,1688.0
BambooCane,Economy,Large,4.5,3.45,57.1,0.064,89.6,192.0,1005.0
BambooCane,Standard,Medium,9.2,3.0,71.5,0.192,92.2,172.5,1845.0
Textile,Economy,Small,3.3,1.82,92.1,0.692,82.2,196.0,722.0
BambooCane,Premium,Large,7.9,2.17,47.3,0.41,89.8,432.0,1534.0
Jewelry,Standard,Small,4.1,5.74,66.0,0.661,136.7,483.0,1973.0
Metalware,Premium,Small,20.6,1.89,67.1,0.858,147.1,630.0,4832.0
Metalware,Standard,Small,7.8,7.12,83.8,0.361,133.6,402.5,3441.0
Jewelry,Standard,Medium,3.0,2.42,55.9,0.508,125.7,690.0,1471.0
Woodwork,Economy,Medium,8.1,3.66,73.8,0.653,113.4,320.0,1856.0
Woodwork,Premium,Medium,12.0,3.84,45.2,0.902,128.6,720.0,2637.0
Textile,Premium,Large,20.2,0.68,100.0,0.147,109.4,1008.0,5933.0
Metalware,Premium,Large,1.4,4.87,66.7,0.534,65.1,1440.0,2424.0
Pottery,Premium,Small,6.3,3.75,80.4,0.398,139.5,151.2,1762.0
Leatherwork,Standard,Medium,16.8,4.29,82.2,0.566,94.6,517.5,3498.0
Painting,Economy,Medium,8.5,3.37,94.6,0.562,124.7,200.0,2246.0
Painting,Standard,Small,11.9,4.25,74.7,0.589,84.6,201.2,1962.0
Textile,Economy,Large,11.6,3.7,56.6,0.498,138.6,448.0,3279.0
Woodwork,Standard,Small,11.4,5.08,82.0,0.385,132.3,322.0,3350.0
BambooCane,Standard,Medium,3.6,2.92,83.3,0.529,101.0,172.5,956.0
Leatherwork,Premium,Medium,14.8,0.5,56.0,0.349,110.8,810.0,3583.0
Leatherwork,Economy,Medium,5.2,3.21,83.0,0.35,140.9,360.0,1979.0
BambooCane,Standard,Large,8.2,2.64,77.4,0.749,86.2,276.0,1319.0
Pottery,Economy,Medium,6.0,1.45,83.6,0.935,97.1,96.0,829.0
Woodwork,Standard,Large,7.2,3.84,67.5,0.472,140.0,736.0,2674.0
Woodwork,Economy,Medium,4.3,3.65,64.6,0.149,80.4,320.0,1089.0
Painting,Economy,Small,11.8,3.3,78.8,0.48,139.8,140.0,3315.0
Textile,Standard,Small,8.5,5.07,67.5,0.886,118.4,281.7,1747.0
Jewelry,Economy,Medium,12.9,6.33,73.9,0.572,126.6,480.0,4776.0
Painting,Economy,Medium,14.4,3.42,60.0,0.635,143.3,200.0,3436.0
Woodwork,Economy,Medium,7.1,6.99,92.1,0.139,76.8,320.0,2337.0
Textile,Premium,Small,8.1,2.56,65.1,0.741,149.7,441.0,1950.0
Textile,Economy,Large,2.5,2.18,52.0,0.533,145.5,448.0,1100.0
Painting,Economy,Small,7.7,2.7,71.3,0.635,121.8,140.0,1484.0
Leatherwork,Standard,Small,2.1,5.23,87.2,0.707,133.6,362.2,974.0
Metalware,Economy,Small,4.9,5.68,70.9,0.517,129.0,280.0,1796.0
BambooCane,Standard,Medium,8.8,3.46,80.6,0.649,87.9,172.5,1431.0
Jewelry,Economy,Medium,6.4,1.53,44.0,0.307,128.4,480.0,1743.0
Woodwork,Economy,Medium,1.0,6.55,75.7,0.704,103.5,320.0,871.0
Textile,Economy,Medium,15.0,5.13,52.1,0.183,134.1,280.0,4535.0
Metalware,Premium,Large,5.0,8.31,51.8,0.503,127.6,1440.0,4083.0
BambooCane,Premium,Small,11.8,2.22,68.3,0.405,136.5,189.0,2768.0
Metalware,Standard,Small,3.1,6.99,56.4,0.651,76.4,402.5,1017.0
Leatherwork,Economy,Small,5.7,3.13,84.7,0.536,140.7,252.0,1959.0
Metalware,Standard,Medium,5.9,6.13,70.9,0.786,97.1,575.0,2008.0
Textile,Economy,Small,3.4,6.65,71.6,0.267,64.2,196.0,971.0
Textile,Economy,Small,2.4,3.71,61.3,0.542,147.3,196.0,834.0
Metalware,Economy,Small,9.9,2.17,76.5,0.896,72.5,280.0,997.0
Woodwork,Economy,Small,21.0,3.66,58.7,0.43,108.5,224.0,3472.0
Leatherwork,Economy,Medium,6.8,6.32,71.6,0.89,142.5,360.0,1823.0
Metalware,Premium,Medium,8.6,3.07,62.2,0.427,100.5,900.0,2730.0
Jewelry,Standard,Small,8.6,3.83,76.7,0.48,74.0,483.0,2044.0
Metalware,Premium,Large,20.4,1.87,93.5,0.635,78.6,1440.0,5025.0
Textile,Standard,Medium,14.6,6.57,66.2,0.196,133.6,402.5,4859.0
Leatherwork,Standard,Medium,3.6,1.33,65.4,0.447,68.3,517.5,1108.0
Metalware,Standard,Medium,9.1,2.94,75.1,0.503,86.0,575.0,1920.0
Metalware,Standard,Small,6.4,5.54,81.2,0.495,145.5,402.5,2780.0
Textile,Standard,Small,10.7,2.07,68.6,0.342,89.4,281.7,2029.0
Leatherwork,Economy,Large,12.6,3.18,69.9,0.641,111.8,576.0,2899.0
Painting,Standard,Medium,10.3,3.59,43.0,0.603,147.2,287.5,2185.0
Leatherwork,Economy,Small,1.6,5.64,66.6,0.311,142.9,252.0,997.0
Painting,Standard,Small,13.7,2.93,67.9,0.068,72.9,201.2,2548.0
Leatherwork,Economy,Large,6.5,4.79,77.4,0.136,143.0,576.0,2979.0
Leatherwork,Premium,Medium,6.4,4.71,68.9,0.369,128.2,810.0,3005.0
Leatherwork,Standard,Small,6.9,2.19,33.7,0.719,68.0,362.2,923.0
Pottery,Economy,Medium,7.2,5.16,96.4,0.36,133.0,96.0,2207.0
Woodwork,Economy,Medium,10.2,5.75,69.1,0.475,119.3,320.0,2858.0
Jewelry,Standard,Small,6.9,7.21,87.5,0.814,76.9,483.0,2147.0
Painting,Economy,Large,34.0,3.03,57.6,0.266,91.4,320.0,6164.0
Metalware,Economy,Medium,18.8,7.17,69.7,0.698,88.4,400.0,3648.0
Painting,Standard,Large,3.1,5.79,67.2,0.224,139.3,460.0,1937.0
BambooCane,Economy,Medium,8.1,4.6,79.7,0.183,107.1,120.0,1922.0
Painting,Economy,Medium,13.5,5.42,88.6,0.365,79.1,200.0,3037.0
BambooCane,Economy,Medium,5.0,4.6,94.6,0.782,119.6,120.0,1069.0
Woodwork,Standard,Large,9.4,4.61,76.9,0.463,128.5,736.0,3557.0
Textile,Economy,Small,7.5,2.26,72.2,0.431,60.4,196.0,889.0
BambooCane,Standard,Small,5.4,2.5,64.1,0.489,74.1,120.7,855.0
Textile,Economy,Large,4.9,2.33,65.8,0.766,90.8,448.0,1017.0
Pottery,Economy,Large,4.4,7.5,81.3,0.506,88.3,153.6,1052.0
Painting,Standard,Large,5.0,2.05,62.6,0.15,142.3,460.0,1848.0
Woodwork,Economy,Medium,11.8,6.58,47.0,0.796,63.8,320.0,1487.0
Jewelry,Economy,Small,3.2,6.83,75.2,0.151,84.8,336.0,1545.0
BambooCane,Economy,Small,4.3,3.85,84.2,0.283,132.5,84.0,1327.0
Metalware,Premium,Medium,1.5,1.99,72.5,0.611,73.4,900.0,1439.0
Woodwork,Standard,Medium,4.3,6.66,65.0,0.539,136.5,460.0,2139.0
Metalware,Standard,Medium,10.0,4.78,70.5,0.708,85.0,575.0,2098.0
Painting,Standard,Medium,10.4,0.66,67.0,0.424,130.8,287.5,2134.0
Leatherwork,Economy,Small,10.6,4.59,60.9,0.566,92.6,252.0,1840.0
Woodwork,Premium,Medium,17.0,0.92,83.8,0.711,97.1,720.0,3185.0
Metalware,Standard,Medium,2.8,2.74,91.3,0.823,69.9,575.0,1170.0
Metalware,Economy,Medium,8.5,1.8,100.0,0.443,86.9,400.0,2005.0
Metalware,Premium,Small,2.4,8.17,40.8,0.386,147.3,630.0,2019.0
Textile,Premium,Large,3.1,3.97,72.8,0.542,82.9,1008.0,1659.0
Woodwork,Economy,Large,3.1,4.76,66.1,0.882,111.5,512.0,1041.0
Woodwork,Economy,Medium,16.4,2.5,64.3,0.426,72.5,320.0,2381.0
Textile,Economy,Large,33.3,3.48,88.6,0.355,148.4,448.0,10878.0
Painting,Standard,Small,11.5,5.63,91.0,0.798,137.8,201.2,2994.0
Leatherwork,Standard,Medium,15.1,2.56,64.4,0.424,116.9,517.5,3605.0
Woodwork,Standard,Large,6.5,4.35,72.8,0.196,66.0,736.0,2301.0
Woodwork,Standard,Small,11.5,2.51,70.5,0.627,121.6,322.0,2641.0
BambooCane,Standard,Small,13.9,6.15,80.0,0.85,145.3,120.7,3271.0
Jewelry,Standard,Large,11.8,4.1,77.4,0.454,97.4,1104.0,4103.0
Woodwork,Standard,Small,12.2,2.78,76.8,0.542,68.8,322.0,1828.0
Jewelry,Economy,Large,7.2,3.28,66.4,0.615,91.2,768.0,2064.0
Metalware,Standard,Small,7.0,3.61,86.3,0.735,145.8,402.5,2437.0
Jewelry,Economy,Medium,3.3,2.59,48.0,0.853,78.6,480.0,858.0
Woodwork,Standard,Small,17.6,5.79,70.5,0.207,129.1,322.0,5273.0
Pottery,Premium,Large,9.2,2.27,90.8,0.89,114.9,345.6,1739.0
Leatherwork,Standard,Large,9.5,3.84,77.2,0.362,63.3,828.0,2245.0
Woodwork,Standard,Small,2.4,2.84,80.4,0.399,88.5,322.0,866.0
Woodwork,Standard,Large,4.3,5.24,69.7,0.621,117.2,736.0,2326.0
Woodwork,Premium,Small,8.1,5.19,82.1,0.212,95.8,504.0,2928.0
Painting,Economy,Small,10.7,6.59,82.7,0.332,146.1,140.0,3920.0
BambooCane,Premium,Medium,26.5,2.04,63.6,0.207,133.6,270.0,6577.0
Metalware,Standard,Small,6.8,4.17,74.0,0.613,133.6,402.5,2358.0
Jewelry,Standard,Medium,14.6,2.32,51.1,0.716,76.0,690.0,1986.0
Painting,Standard,Medium,18.3,3.71,51.8,0.375,118.1,287.5,3561.0
Woodwork,Economy,Small,4.9,5.95,81.7,0.715,80.8,224.0,1130.0
Painting,Standard,Large,4.9,1.13,82.2,0.228,93.9,460.0,1428.0
Textile,Standard,Medium,6.2,1.56,55.8,0.818,134.4,402.5,1377.0
Textile,Standard,Large,13.5,5.93,80.1,0.618,142.8,644.0,4377.0
Metalware,Economy,Large,3.5,6.49,68.7,0.846,137.0,640.0,1899.0
Pottery,Economy,Small,8.0,4.63,83.4,0.495,83.6,67.2,1194.0
BambooCane,Standard,Large,9.4,4.25,76.4,0.856,68.4,276.0,1455.0
Metalware,Standard,Medium,4.9,5.41,62.9,0.612,113.4,575.0,1954.0
Leatherwork,Standard,Large,3.8,2.57,60.7,0.327,61.2,828.0,1605.0
Woodwork,Standard,Medium,3.1,1.7,79.8,0.557,131.5,460.0,1288.0
BambooCane,Standard,Large,6.1,3.19,70.1,0.211,94.0,276.0,1612.0
Woodwork,Economy,Large,3.8,2.23,41.8,0.549,84.1,512.0,842.0
BambooCane,Economy,Medium,1.3,3.43,84.3,0.239,86.8,120.0,435.0
Painting,Economy,Medium,9.1,5.63,58.9,0.449,149.8,200.0,2578.0
Pottery,Economy,Small,12.6,5.59,68.4,0.687,80.2,67.2,1690.0
Woodwork,Economy,Medium,18.8,0.95,79.2,0.58,130.9,320.0,3923.0
Metalware,Economy,Large,5.2,2.38,69.5,0.215,116.5,640.0,2191.0
Metalware,Premium,Medium,4.8,4.86,59.2,0.557,76.9,900.0,2105.0
Metalware,Standard,Large,12.3,1.24,79.6,0.416,134.1,920.0,4237.0
Metalware,Economy,Small,4.4,3.77,70.5,0.768,69.0,280.0,841.0
Textile,Economy,Medium,12.1,4.96,62.7,0.661,79.5,280.0,1991.0
Pottery,Economy,Small,8.6,6.76,56.1,0.485,140.2,67.2,2376.0
BambooCane,Standard,Large,5.7,6.09,76.0,0.298,118.5,276.0,2006.0
Woodwork,Economy,Small,5.9,0.75,84.8,0.64,122.5,224.0,1293.0
Pottery,Premium,Small,1.1,2.17,88.6,0.258,68.9,151.2,371.0
Textile,Standard,Medium,6.5,6.55,87.9,0.439,145.0,402.5,2972.0
Textile,Economy,Large,11.6,3.64,85.3,0.419,133.1,448.0,3482.0
Woodwork,Economy,Medium,1.9,2.67,54.7,0.273,98.2,320.0,741.0
Jewelry,Economy,Small,22.7,4.68,59.7,0.175,133.4,336.0,6467.0
Textile,Economy,Small,16.4,5.09,90.3,0.555,123.5,196.0,4379.0
BambooCane,Premium,Medium,20.0,4.6,64.3,0.719,60.0,270.0,2165.0
Pottery,Premium,Medium,5.2,2.36,85.5,0.725,148.8,216.0,1270.0
Woodwork,Standard,Medium,11.7,3.54,61.6,0.31,118.2,460.0,3001.0
Leatherwork,Premium,Medium,2.4,4.18,65.2,0.455,137.4,810.0,2216.0
Painting,Economy,Small,11.4,2.85,68.7,0.65,94.2,140.0,1484.0
Textile,Premium,Medium,3.9,4.69,62.9,0.414,98.2,630.0,1949.0
Metalware,Economy,Small,7.0,4.65,82.3,0.139,97.4,280.0,1915.0
Painting,Premium,Medium,1.0,3.86,74.1,0.185,119.4,450.0,1250.0
Pottery,Economy,Medium,5.8,4.04,61.8,0.558,147.4,96.0,1311.0
BambooCane,Standard,Medium,6.1,3.36,62.6,0.843,107.5,172.5,1184.0
Leatherwork,Economy,Large,1.9,3.37,89.3,0.123,92.4,576.0,1358.0
BambooCane,Premium,Small,16.2,4.94,76.5,0.205,98.3,189.0,3680.0
Pottery,Standard,Large,9.4,2.25,84.8,0.848,80.9,220.8,1178.0
Painting,Standard,Small,13.1,4.38,83.3,0.812,69.9,201.2,1692.0
Textile,Standard,Large,4.0,3.15,94.6,0.298,104.6,644.0,1987.0
Leatherwork,Standard,Small,10.3,5.32,32.2,0.419,109.0,362.2,2671.0
Pottery,Economy,Small,9.0,3.02,85.8,0.646,80.1,67.2,1267.0
Metalware,Economy,Medium,11.0,1.0,55.1,0.819,107.2,400.0,1585.0
Jewelry,Economy,Medium,16.9,5.04,76.0,0.63,136.5,480.0,4768.0
Painting,Economy,Small,16.3,3.55,81.4,0.308,106.5,140.0,3582.0
Woodwork,Economy,Medium,5.2,4.76,82.0,0.481,112.5,320.0,1884.0
Painting,Economy,Medium,19.4,8.06,77.7,0.845,126.0,200.0,5316.0
Pottery,Economy,Medium,16.2,3.66,49.4,0.481,114.1,96.0,2999.0
Woodwork,Standard,Small,20.6,4.65,93.6,0.237,127.1,322.0,6358.0
Leatherwork,Standard,Large,11.0,4.11,98.4,0.56,147.5,828.0,5002.0
Pottery,Premium,Small,6.4,0.53,62.1,0.144,88.5,151.2,1099.0
Woodwork,Economy,Medium,3.8,3.85,87.1,0.323,97.1,320.0,1485.0
Pottery,Standard,Medium,5.0,3.9,73.1,0.286,137.7,138.0,1573.0
Painting,Economy,Medium,6.5,2.94,74.7,0.616,119.6,200.0,1282.0
Woodwork,Standard,Small,5.0,2.82,82.5,0.59,141.8,322.0,1687.0
Painting,Standard,Small,6.8,3.55,73.3,0.168,127.0,201.2,2325.0
Painting,Economy,Medium,7.7,5.93,69.0,0.18,136.8,200.0,2536.0
Pottery,Premium,Medium,7.2,6.36,63.1,0.798,128.8,216.0,1982.0
Textile,Economy,Medium,7.0,1.16,57.9,0.229,73.2,280.0,1100.0
Textile,Standard,Medium,3.1,1.64,78.8,0.606,133.7,402.5,1130.0
Jewelry,Economy,Medium,12.6,1.3,80.2,0.351,74.8,480.0,2294.0
Leatherwork,Economy,Medium,10.0,6.51,54.2,0.839,149.1,360.0,2649.0
Metalware,Premium,Small,19.3,0.74,60.4,0.24,147.5,630.0,4999.0
Metalware,Premium,Small,12.1,4.38,79.9,0.497,95.9,630.0,3147.0
Pottery,Premium,Medium,15.6,1.49,71.4,0.872,135.5,216.0,2627.0
Textile,Premium,Large,5.9,2.5,58.7,0.371,114.6,1008.0,1993.0
Jewelry,Standard,Small,33.0,1.19,89.3,0.526,64.0,483.0,3882.0
Leatherwork,Economy,Large,3.0,3.26,80.0,0.769,136.4,576.0,1550.0
Textile,Standard,Medium,9.7,1.09,68.4,0.219,98.5,402.5,2058.0
Textile,Premium,Medium,10.6,2.15,51.7,0.229,141.8,630.0,3303.0
Metalware,Economy,Medium,8.7,8.31,90.4,0.126,98.6,400.0,3665.0
Metalware,Standard,Medium,9.2,4.75,73.6,0.203,115.1,575.0,2882.0
Jewelry,Premium,Medium,6.8,3.76,77.6,0.765,91.5,1080.0,2606.0
BambooCane,Standard,Medium,7.2,3.14,69.5,0.241,101.9,172.5,1453.0
Pottery,Premium,Small,8.1,6.34,79.1,0.33,102.3,151.2,2260.0
Metalware,Economy,Small,9.7,2.13,85.6,0.051,143.6,280.0,3061.0
Textile,Economy,Small,10.1,1.69,86.4,0.747,66.9,196.0,1161.0
Painting,Standard,Medium,4.0,3.45,67.3,0.166,101.3,287.5,1261.0
Jewelry,Standard,Small,8.7,6.08,92.6,0.856,141.4,483.0,2923.0
Pottery,Premium,Small,13.0,5.19,63.7,0.651,61.7,151.2,1652.0
Metalware,Standard,Medium,12.2,7.02,86.0,0.493,85.9,575.0,3376.0
Leatherwork,Economy,Large,15.5,7.86,83.0,0.448,85.3,576.0,4861.0
Textile,Economy,Medium,8.6,2.93,76.7,0.661,113.7,280.0,2137.0
Textile,Standard,Small,9.4,1.24,95.8,0.133,137.8,281.7,3165.0
Leatherwork,Economy,Small,2.9,9.82,76.3,0.729,71.8,252.0,921.0
BambooCane,Economy,Medium,4.8,2.72,60.1,0.776,129.8,120.0,874.0
Pottery,Standard,Small,23.1,2.72,70.7,0.586,99.0,96.6,3816.0
Painting,Standard,Medium,9.8,1.25,92.1,0.652,96.3,287.5,1645.0
Textile,Economy,Small,5.9,6.59,84.7,0.799,102.5,196.0,1462.0
Woodwork,Standard,Small,8.7,3.49,57.8,0.51,110.2,322.0,1960.0
Textile,Standard,Medium,4.4,1.27,97.4,0.798,92.4,402.5,1311.0
Woodwork,Economy,Small,7.1,5.05,65.6,0.353,92.1,224.0,1620.0
Painting,Premium,Large,12.3,7.75,57.4,0.433,109.2,720.0,3898.0
Pottery,Economy,Large,18.7,6.32,64.8,0.186,60.1,153.6,2876.0
Pottery,Economy,Medium,8.6,6.88,61.4,0.372,143.4,96.0,2649.0
Textile,Economy,Medium,3.8,4.99,67.7,0.818,68.2,280.0,748.0
Metalware,Economy,Medium,17.9,7.9,60.9,0.764,93.7,400.0,3222.0
Textile,Standard,Small,6.0,1.8,66.0,0.852,142.6,281.7,1400.0
Metalware,Standard,Large,4.6,4.5,57.2,0.809,109.7,920.0,2056.0
Jewelry,Economy,Medium,10.1,4.61,69.0,0.342,78.4,480.0,2179.0
Jewelry,Standard,Medium,5.9,3.98,86.7,0.443,132.2,690.0,2646.0
Woodwork,Standard,Medium,9.8,1.72,98.8,0.557,66.3,460.0,1876.0
Pottery,Economy,Small,7.8,6.08,80.7,0.76,89.0,67.2,1326.0
Woodwork,Economy,Large,18.0,6.39,79.1,0.614,115.3,512.0,5194.0
Pottery,Economy,Large,12.1,2.89,96.7,0.662,96.1,153.6,1941.0
BambooCane,Standard,Medium,4.7,5.26,80.0,0.277,97.4,172.5,1448.0
Painting,Premium,Medium,1.7,6.9,55.0,0.398,134.7,450.0,1268.0
Metalware,Premium,Medium,29.1,1.34,82.1,0.144,70.0,900.0,5147.0
Pottery,Standard,Medium,16.9,4.8,40.1,0.743,110.4,138.0,2721.0
Leatherwork,Economy,Medium,7.0,6.5,65.9,0.11,70.8,360.0,1855.0
Jewelry,Standard,Medium,3.7,5.64,64.8,0.25,92.6,690.0,2011.0
Pottery,Economy,Small,12.3,2.27,86.6,0.326,106.9,67.2,2299.0
Metalware,Premium,Medium,4.1,3.84,97.6,0.2,106.8,900.0,2980.0
Jewelry,Economy,Medium,5.2,9.02,65.5,0.95,109.4,480.0,1897.0
Painting,Economy,Small,4.8,3.64,74.8,0.741,73.8,140.0,673.0
Leatherwork,Standard,Large,14.8,3.83,62.7,0.437,85.0,828.0,3862.0
Painting,Standard,Medium,10.2,1.02,65.1,0.291,140.2,287.5,2392.0
Pottery,Premium,Large,5.5,3.5,77.3,0.83,80.3,345.6,1116.0
Textile,Standard,Medium,9.7,4.65,54.1,0.28,86.6,402.5,2255.0
Metalware,Premium,Small,8.4,7.52,78.4,0.778,122.8,630.0,3417.0
Jewelry,Premium,Medium,11.5,6.26,100.0,0.852,76.4,1080.0,3091.0
Woodwork,Standard,Small,11.0,2.81,71.7,0.406,71.1,322.0,1853.0
Textile,Standard,Large,5.6,3.28,62.8,0.749,129.4,644.0,1916.0
Jewelry,Economy,Medium,8.0,4.94,73.0,0.463,104.7,480.0,2680.0
Woodwork,Standard,Medium,10.3,0.5,74.3,0.341,99.6,460.0,2125.0
Woodwork,Standard,Large,23.5,5.04,57.9,0.829,78.2,736.0,3477.0
Metalware,Economy,Small,12.2,2.65,68.3,0.393,117.2,280.0,2882.0
Textile,Economy,Medium,12.5,1.83,64.0,0.569,148.4,280.0,2859.0
Woodwork,Standard,Large,4.7,3.94,82.4,0.28,108.9,736.0,2091.0
Pottery,Economy,Medium,10.6,5.82,90.6,0.749,138.9,96.0,2884.0
Leatherwork,Premium,Medium,14.3,4.37,70.7,0.337,100.2,810.0,3937.0
BambooCane,Economy,Small,17.1,2.38,55.7,0.379,148.6,84.0,3856.0
Pottery,Economy,Small,3.6,5.94,70.9,0.222,143.7,67.2,1187.0
Woodwork,Economy,Medium,16.9,7.18,98.5,0.164,74.4,320.0,4011.0
Leatherwork,Premium,Small,19.7,7.94,57.6,0.381,108.2,567.0,6014.0
BambooCane,Standard,Medium,10.0,3.16,77.8,0.253,119.0,172.5,2477.0
Painting,Standard,Medium,22.7,3.02,44.2,0.726,76.8,287.5,2293.0
Textile,Standard,Small,1.4,1.78,56.4,0.614,125.4,281.7,565.0
Metalware,Economy,Medium,7.6,2.85,98.4,0.635,70.9,400.0,1567.0
Pottery,Economy,Large,11.8,3.76,72.7,0.521,123.8,153.6,2707.0
Leatherwork,Standard,Small,9.9,4.55,77.5,0.567,108.4,362.2,2540.0
Leatherwork,Premium,Small,8.1,5.51,78.9,0.584,73.8,567.0,2181.0
Leatherwork,Economy,Medium,7.4,7.2,56.5,0.493,93.7,360.0,1867.0
Textile,Standard,Large,8.5,4.53,97.9,0.395,79.0,644.0,2835.0
Jewelry,Economy,Medium,17.6,5.0,61.3,0.496,120.8,480.0,5244.0
Jewelry,Standard,Medium,7.4,3.4,54.1,0.39,84.0,690.0,2036.0
Leatherwork,Economy,Small,10.5,5.13,84.3,0.46,93.5,252.0,2269.0
Leatherwork,Premium,Medium,10.5,3.76,71.6,0.559,87.0,810.0,3223.0
Painting,Standard,Medium,15.1,5.41,41.8,0.673,108.2,287.5,2842.0
Leatherwork,Standard,Small,7.5,5.09,77.6,0.849,98.0,362.2,1910.0
Pottery,Economy,Medium,21.3,1.83,60.3,0.547,136.4,96.0,3854.0
BambooCane,Economy,Medium,7.7,3.88,91.7,0.548,98.4,120.0,1554.0
Metalware,Standard,Small,10.9,3.94,55.2,0.311,80.0,402.5,2250.0
Jewelry,Standard,Medium,7.6,2.49,82.4,0.651,99.4,690.0,2045.0
Pottery,Premium,Large,5.8,1.33,51.3,0.719,60.8,345.6,713.0
BambooCane,Premium,Small,6.1,4.23,45.4,0.05,105.9,189.0,1562.0
Woodwork,Premium,Large,6.5,4.39,82.8,0.941,92.2,1152.0,2329.0
Pottery,Premium,Small,4.6,5.29,86.3,0.128,118.3,151.2,1217.0
Leatherwork,Standard,Small,6.7,2.85,75.8,0.851,73.3,362.2,1178.0
Pottery,Standard,Small,6.6,3.27,98.3,0.485,141.6,96.6,1866.0
Jewelry,Premium,Small,4.7,5.54,57.3,0.103,119.7,756.0,2085.0
Jewelry,Standard,Small,3.6,4.7,42.7,0.451,132.6,483.0,1451.0
Textile,Economy,Medium,3.0,1.23,62.7,0.838,65.0,280.0,543.0
Textile,Economy,Small,12.5,4.11,49.1,0.454,63.6,196.0,1514.0
Metalware,Standard,Medium,15.3,1.83,82.0,0.497,95.5,575.0,3479.0
Pottery,Standard,Small,7.5,6.5,72.2,0.721,102.8,96.6,1561.0
Woodwork,Premium,Small,3.7,7.68,86.2,0.561,70.1,504.0,1750.0
Leatherwork,Standard,Medium,4.0,2.53,76.7,0.794,115.3,517.5,1211.0
BambooCane,Standard,Large,6.1,5.47,87.6,0.474,114.1,276.0,2127.0
Metalware,Standard,Small,7.8,6.63,56.4,0.171,137.1,402.5,3138.0
Painting,Standard,Medium,8.9,8.98,72.7,0.201,76.3,287.5,2688.0
Metalware,Premium,Medium,19.6,1.44,65.4,0.37,132.4,900.0,4688.0
Textile,Economy,Small,15.6,7.31,73.1,0.484,100.9,196.0,3515.0
Textile,Standard,Medium,4.5,7.34,78.6,0.541,79.4,402.5,1680.0
Pottery,Premium,Medium,4.9,0.86,75.6,0.334,68.3,216.0,757.0
Pottery,Premium,Large,5.7,3.77,59.8,0.277,113.4,345.6,1711.0
Jewelry,Standard,Medium,1.6,2.74,80.9,0.627,84.1,690.0,1382.0
Jewelry,Economy,Small,7.5,4.68,74.2,0.418,145.0,336.0,2881.0
Textile,Standard,Small,13.9,9.76,48.8,0.493,132.8,281.7,4408.0
Leatherwork,Economy,Medium,3.0,3.06,72.8,0.349,92.6,360.0,1220.0
Jewelry,Economy,Medium,10.6,5.2,81.6,0.628,143.7,480.0,3908.0
BambooCane,Premium,Small,10.3,4.38,65.9,0.374,135.8,189.0,2660.0
Textile,Economy,Medium,1.0,5.47,90.8,0.107,125.7,280.0,964.0
Pottery,Standard,Large,7.2,3.7,37.8,0.399,107.5,220.8,1191.0
Woodwork,Economy,Large,8.9,3.51,58.8,0.723,116.4,512.0,2320.0
BambooCane,Economy,Small,8.9,7.09,46.0,0.38,94.9,84.0,1834.0
BambooCane,Economy,Small,8.8,1.6,54.8,0.145,69.5,84.0,1230.0
Jewelry,Standard,Large,13.4,5.33,89.2,0.499,82.3,1104.0,4622.0
Jewelry,Standard,Medium,6.0,6.58,91.9,0.48,76.9,690.0,2757.0
Painting,Economy,Medium,6.8,6.53,84.8,0.864,72.2,200.0,1350.0
Jewelry,Standard,Large,11.3,2.62,72.0,0.53,126.9,1104.0,2825.0
Painting,Premium,Medium,5.3,4.1,81.1,0.715,74.7,450.0,1417.0
Metalware,Premium,Medium,3.0,7.73,56.1,0.527,101.8,900.0,2232.0
BambooCane,Standard,Medium,13.2,0.82,76.8,0.224,91.9,172.5,2192.0
Jewelry,Economy,Small,10.5,1.66,84.6,0.604,116.4,336.0,2034.0
Metalware,Economy,Medium,19.0,3.36,43.1,0.242,82.9,400.0,2910.0
BambooCane,Economy,Large,10.9,2.77,94.3,0.275,118.3,192.0,2767.0
Painting,Premium,Medium,4.9,5.24,60.5,0.06,129.1,450.0,2061.0
Pottery,Premium,Medium,3.2,5.46,88.1,0.841,63.8,216.0,619.0
Jewelry,Standard,Small,4.9,4.02,99.7,0.704,64.5,483.0,1421.0
Leatherwork,Economy,Medium,7.3,4.13,64.7,0.124,124.8,360.0,2707.0
Pottery,Economy,Small,5.0,5.78,70.4,0.325,112.3,67.2,1362.0
Painting,Standard,Large,5.0,4.09,47.7,0.391,88.0,460.0,1286.0
Jewelry,Standard,Small,9.7,2.36,97.7,0.234,107.1,483.0,2767.0
Textile,Economy,Medium,6.1,9.01,69.0,0.891,124.1,280.0,1879.0
Painting,Economy,Medium,14.5,0.99,81.0,0.671,75.2,200.0,1871.0
Jewelry,Economy,Small,9.7,2.7,91.8,0.905,141.5,336.0,2502.0
Metalware,Standard,Medium,12.3,5.51,100.0,0.589,142.4,575.0,4157.0
BambooCane,Standard,Small,14.3,2.87,93.5,0.077,97.1,120.7,2677.0
BambooCane,Economy,Small,5.8,3.33,98.9,0.699,67.1,84.0,797.0
Metalware,Economy,Large,18.6,4.11,63.5,0.583,74.8,640.0,3200.0
BambooCane,Premium,Medium,12.3,5.28,77.5,0.641,99.4,270.0,2223.0
BambooCane,Economy,Large,15.5,8.01,91.0,0.599,93.6,192.0,4007.0
BambooCane,Standard,Medium,6.5,3.81,45.9,0.53,105.4,172.5,1355.0
Pottery,Standard,Medium,8.6,2.92,50.7,0.11,72.3,138.0,1061.0
Jewelry,Economy,Medium,7.1,3.99,85.7,0.607,129.7,480.0,2160.0
BambooCane,Standard,Medium,8.5,2.55,46.4,0.622,114.4,172.5,1472.0
Pottery,Economy,Medium,12.0,3.15,86.6,0.685,106.5,96.0,2213.0
Leatherwork,Economy,Medium,15.4,2.33,87.9,0.694,69.2,360.0,2054.0
Woodwork,Standard,Large,5.5,5.61,71.8,0.681,126.5,736.0,2414.0
Leatherwork,Standard,Medium,1.6,5.14,66.4,0.087,126.9,517.5,1578.0
BambooCane,Premium,Small,4.2,4.03,69.6,0.372,95.6,189.0,1100.0
Jewelry,Economy,Medium,7.9,2.54,59.8,0.068,102.3,480.0,2480.0
Jewelry,Standard,Medium,13.1,2.56,74.6,0.501,125.8,690.0,3616.0
Pottery,Economy,Medium,10.2,3.36,70.4,0.656,65.1,96.0,1213.0
Woodwork,Premium,Medium,2.8,4.99,94.8,0.669,143.6,720.0,1945.0
BambooCane,Standard,Small,9.7,6.31,83.1,0.387,105.7,120.7,2183.0
Pottery,Standard,Small,3.4,5.96,65.5,0.601,105.5,96.6,820.0
Textile,Economy,Medium,16.3,4.44,57.7,0.87,68.4,280.0,1828.0
Textile,Standard,Small,5.1,2.51,63.7,0.209,100.2,281.7,1289.0
Metalware,Economy,Medium,10.3,3.69,59.4,0.452,124.5,400.0,2654.0
Metalware,Premium,Medium,8.9,6.57,73.1,0.475,116.7,900.0,3695.0
Jewelry,Premium,Medium,4.7,5.6,67.0,0.668,106.7,1080.0,2665.0
Metalware,Standard,Medium,12.2,2.26,90.8,0.601,143.4,575.0,3416.0
Textile,Economy,Medium,1.0,2.17,84.8,0.539,113.3,280.0,615.0
BambooCane,Economy,Large,9.5,6.84,94.3,0.45,86.6,192.0,2037.0
Woodwork,Economy,Medium,4.6,4.63,64.7,0.404,113.7,320.0,1426.0
Leatherwork,Standard,Small,2.4,2.47,75.0,0.486,101.9,362.2,996.0
BambooCane,Economy,Small,7.2,1.96,71.4,0.411,140.1,84.0,1634.0
Jewelry,Economy,Small,6.9,3.4,61.8,0.738,108.7,336.0,1597.0
Jewelry,Standard,Medium,2.3,2.48,99.7,0.898,79.6,690.0,1414.0
Painting,Premium,Medium,12.1,3.1,72.2,0.066,116.4,450.0,3237.0
Metalware,Economy,Medium,3.8,6.34,73.0,0.745,79.8,400.0,1135.0
Jewelry,Standard,Large,7.4,6.89,77.8,0.421,113.5,1104.0,4117.0
Painting,Premium,Medium,19.5,4.44,100.0,0.608,117.9,450.0,5266.0
Jewelry,Standard,Small,6.4,5.51,80.2,0.452,83.4,483.0,2201.0
Jewelry,Standard,Large,15.8,2.98,87.1,0.574,100.6,1104.0,4282.0
Woodwork,Economy,Small,5.6,4.58,54.8,0.157,80.2,224.0,1187.0
Pottery,Premium,Large,13.2,4.07,45.1,0.553,65.2,345.6,1570.0
BambooCane,Standard,Medium,22.5,3.21,58.0,0.79,106.3,172.5,3429.0
Leatherwork,Standard,Small,9.5,5.25,87.3,0.07,147.9,362.2,4589.0
BambooCane,Economy,Medium,14.4,4.4,66.0,0.701,127.8,120.0,3174.0
Leatherwork,Economy,Small,3.6,4.52,79.4,0.553,114.0,252.0,1018.0
Painting,Economy,Medium,4.0,2.18,67.0,0.393,133.0,200.0,1299.0
Pottery,Standard,Medium,26.8,2.19,63.2,0.853,70.2,138.0,2290.0
BambooCane,Standard,Small,12.3,3.03,64.6,0.509,101.0,120.7,1855.0
Jewelry,Economy,Large,17.3,5.51,70.8,0.722,139.7,768.0,5389.0
Textile,Economy,Medium,8.1,3.09,56.0,0.437,106.2,280.0,1646.0
Pottery,Economy,Small,6.7,0.8,74.2,0.459,89.7,67.2,839.0
Painting,Economy,Medium,7.4,4.11,49.9,0.555,82.1,200.0,1190.0
Leatherwork,Economy,Small,1.5,1.2,74.8,0.59,119.6,252.0,570.0
Pottery,Economy,Medium,17.8,2.6,73.5,0.716,127.9,96.0,3498.0
Painting,Premium,Small,7.2,1.99,61.5,0.825,68.0,315.0,1019.0
Woodwork,Premium,Medium,5.7,2.88,65.3,0.269,131.9,720.0,2399.0
Woodwork,Economy,Large,3.1,2.45,84.9,0.155,84.1,512.0,1459.0
BambooCane,Premium,Medium,12.8,1.07,86.0,0.628,85.3,270.0,1954.0
Textile,Economy,Medium,4.1,7.59,58.4,0.224,130.2,280.0,1728.0
Painting,Economy,Large,7.2,6.37,76.2,0.477,138.3,320.0,2651.0
Painting,Premium,Large,8.2,3.5,72.2,0.75,91.3,720.0,2234.0
Jewelry,Economy,Medium,11.4,5.03,82.9,0.495,96.9,480.0,3233.0
Woodwork,Premium,Medium,6.9,0.5,64.1,0.599,75.2,720.0,1336.0
Metalware,Economy,Medium,18.2,7.3,78.7,0.625,113.0,400.0,4747.0
Metalware,Premium,Small,5.3,4.71,100.0,0.398,118.4,630.0,2746.0
Textile,Economy,Medium,8.9,8.13,66.2,0.592,117.1,280.0,2372.0
Leatherwork,Standard,Medium,2.2,8.58,72.2,0.321,68.8,517.5,1587.0
Woodwork,Economy,Medium,18.9,2.78,85.6,0.585,117.0,320.0,4112.0
BambooCane,Economy,Medium,14.3,4.43,60.6,0.589,110.4,120.0,2585.0
Jewelry,Premium,Medium,13.0,3.14,73.8,0.395,95.5,1080.0,4188.0
BambooCane,Economy,Medium,11.2,5.24,70.1,0.557,124.2,120.0,2744.0
Painting,Premium,Small,3.7,5.91,94.6,0.285,111.6,315.0,1476.0
Pottery,Standard,Medium,7.6,5.68,42.8,0.394,130.7,138.0,1853.0
Leatherwork,Economy,Small,4.8,4.51,55.9,0.115,112.8,252.0,1482.0
Metalware,Premium,Small,10.6,6.25,97.2,0.837,126.5,630.0,3445.0
BambooCane,Economy,Medium,9.7,2.01,57.1,0.631,89.7,120.0,1320.0
Metalware,Standard,Medium,7.3,2.92,67.8,0.284,109.0,575.0,2328.0
Painting,Standard,Medium,17.9,3.24,63.3,0.566,112.5,287.5,3200.0
Leatherwork,Premium,Large,12.9,0.5,97.1,0.4,114.4,1296.0,4508.0
Painting,Premium,Large,6.9,8.96,66.6,0.621,145.6,720.0,3847.0
Textile,Standard,Medium,7.6,4.37,94.8,0.322,125.0,402.5,3382.0
Jewelry,Standard,Medium,12.0,5.73,89.1,0.552,83.6,690.0,3521.0
Painting,Premium,Medium,6.4,8.14,81.8,0.884,109.6,450.0,2328.0
Leatherwork,Standard,Large,11.3,4.8,61.1,0.669,80.4,828.0,2262.0
Woodwork,Economy,Small,9.8,1.42,80.3,0.324,118.5,224.0,2488.0
Textile,Economy,Small,6.9,8.02,63.8,0.738,85.5,196.0,1304.0
BambooCane,Premium,Medium,6.3,1.56,49.2,0.189,106.2,270.0,1339.0
Pottery,Standard,Small,7.5,6.97,66.6,0.694,90.3,96.6,1523.0
Woodwork,Premium,Medium,9.7,4.73,50.9,0.749,131.6,720.0,2886.0
Painting,Premium,Medium,4.0,1.58,66.6,0.371,72.9,450.0,1131.0
BambooCane,Economy,Medium,9.5,7.97,63.7,0.519,121.6,120.0,2791.0
Metalware,Economy,Medium,15.0,7.01,66.9,0.091,69.5,400.0,3452.0
Jewelry,Economy,Large,3.5,6.9,47.7,0.142,90.3,768.0,2254.0
Leatherwork,Economy,Medium,6.0,1.42,85.8,0.606,97.4,360.0,1359.0
Woodwork,Standard,Medium,7.7,0.58,64.0,0.492,127.0,460.0,1427.0
BambooCane,Premium,Large,2.4,3.24,36.8,0.561,64.2,432.0,739.0
Metalware,Standard,Small,9.6,2.26,79.8,0.68,108.3,402.5,2038.0
Painting,Standard,Large,13.7,1.03,59.4,0.303,113.4,460.0,3032.0
Jewelry,Economy,Large,7.2,1.75,69.4,0.295,130.2,768.0,2976.0
Pottery,Economy,Medium,5.9,3.25,78.5,0.737,61.4,96.0,701.0
Metalware,Premium,Large,5.7,4.49,49.2,0.833,60.7,1440.0,2403.0
Woodwork,Premium,Medium,8.3,4.24,84.7,0.639,129.4,720.0,3164.0
Textile,Standard,Medium,13.6,0.5,73.5,0.293,105.8,402.5,2944.0
Woodwork,Economy,Medium,8.4,1.12,82.3,0.567,87.0,320.0,1415.0
Leatherwork,Economy,Medium,12.4,1.01,69.7,0.365,65.9,360.0,1862.0
Jewelry,Economy,Medium,9.8,0.64,91.3,0.257,148.9,480.0,2794.0
Pottery,Economy,Small,9.2,4.3,48.1,0.343,81.2,67.2,1268.0
Metalware,Economy,Medium,8.5,4.23,76.6,0.407,125.3,400.0,2936.0
Leatherwork,Economy,Large,15.0,2.3,75.8,0.307,116.6,576.0,3760.0
Metalware,Economy,Large,8.7,1.05,73.9,0.107,118.3,640.0,2454.0
Pottery,Standard,Small,5.3,5.28,71.9,0.579,103.2,96.6,1182.0
Jewelry,Premium,Small,3.7,7.88,38.0,0.565,146.8,756.0,2343.0
Textile,Standard,Medium,4.8,2.79,100.0,0.133,85.9,402.5,1555.0
Metalware,Premium,Medium,3.3,0.56,53.6,0.52,91.6,900.0,1403.0
Pottery,Standard,Small,6.3,6.15,87.0,0.673,100.6,96.6,1265.0
Textile,Economy,Small,14.6,2.98,74.0,0.314,92.5,196.0,2593.0
Jewelry,Standard,Medium,16.4,2.75,78.0,0.325,139.8,690.0,5364.0
Painting,Economy,Medium,8.5,1.31,77.3,0.31,137.6,200.0,2152.0
BambooCane,Economy,Medium,5.6,7.48,44.8,0.647,103.9,120.0,1209.0
BambooCane,Premium,Large,13.3,0.75,64.7,0.764,70.5,432.0,1433.0
Leatherwork,Standard,Large,6.8,0.5,87.3,0.482,64.5,828.0,1790.0
Leatherwork,Standard,Large,14.8,6.54,61.1,0.259,112.3,828.0,4924.0
BambooCane,Standard,Medium,8.2,6.39,74.4,0.274,92.0,172.5,2165.0
Pottery,Standard,Large,4.8,1.96,88.7,0.81,79.5,220.8,872.0
Painting,Standard,Small,4.8,4.39,76.4,0.809,99.9,201.2,1072.0
Painting,Standard,Small,24.4,2.83,69.8,0.753,85.4,201.2,3309.0
Metalware,Standard,Medium,11.2,8.2,46.8,0.351,62.4,575.0,2474.0
Woodwork,Economy,Medium,6.2,3.2,63.1,0.805,97.0,320.0,1207.0
Leatherwork,Economy,Small,17.5,2.11,88.9,0.46,144.9,252.0,4223.0
Pottery,Standard,Medium,6.7,2.1,60.6,0.36,128.2,138.0,1552.0
Metalware,Economy,Large,13.7,5.19,64.9,0.515,89.7,640.0,3308.0
Jewelry,Premium,Large,5.9,5.48,95.5,0.493,103.2,1728.0,5188.0
Jewelry,Economy,Medium,5.2,5.05,89.8,0.551,85.9,480.0,1597.0
Textile,Standard,Small,8.0,1.45,88.8,0.676,71.7,281.7,1339.0
Textile,Economy,Large,7.8,6.04,58.1,0.084,143.4,448.0,3217.0
BambooCane,Economy,Medium,3.2,8.2,80.9,0.587,97.2,120.0,998.0
Textile,Standard,Medium,7.4,3.95,48.0,0.586,135.6,402.5,2039.0
Woodwork,Premium,Medium,7.2,2.9,55.0,0.361,89.6,720.0,1734.0
Jewelry,Premium,Medium,6.8,2.78,82.5,0.656,108.3,1080.0,2772.0
BambooCane,Economy,Medium,15.1,5.47,96.8,0.718,62.1,120.0,1790.0
Woodwork,Economy,Small,6.1,6.4,59.5,0.741,117.2,224.0,1389.0
Woodwork,Economy,Medium,8.7,4.31,68.7,0.688,147.3,320.0,2680.0
Painting,Standard,Small,5.6,2.18,64.7,0.322,126.5,201.2,1382.0
Leatherwork,Premium,Small,8.6,5.48,79.8,0.3,79.9,567.0,2693.0
Pottery,Standard,Small,7.7,7.58,82.4,0.084,147.0,96.6,3112.0
BambooCane,Economy,Medium,3.7,1.37,45.6,0.114,102.5,120.0,742.0
Painting,Economy,Large,26.5,1.05,68.1,0.439,69.5,320.0,3125.0
BambooCane,Standard,Large,5.2,1.15,54.4,0.919,101.5,276.0,772.0
Woodwork,Economy,Small,8.9,5.9,61.9,0.419,125.1,224.0,2569.0
Woodwork,Standard,Medium,15.1,2.29,82.2,0.724,71.9,460.0,1880.0
Textile,Standard,Small,7.7,5.31,71.3,0.234,84.3,281.7,1856.0
Woodwork,Economy,Medium,7.9,9.49,78.3,0.247,66.2,320.0,2169.0
Textile,Economy,Small,5.1,6.57,71.5,0.713,70.0,196.0,1023.0
Pottery,Standard,Large,8.3,5.59,77.9,0.628,117.7,220.8,1906.0
BambooCane,Economy,Small,10.3,3.65,69.4,0.409,69.7,84.0,1288.0
Leatherwork,Economy,Small,8.7,1.89,63.3,0.39,80.2,252.0,1635.0
Jewelry,Economy,Medium,5.7,4.38,67.4,0.818,85.2,480.0,1525.0
Woodwork,Standard,Small,10.2,2.6,77.0,0.321,110.8,322.0,2455.0
Metalware,Economy,Small,6.9,1.08,84.8,0.183,121.5,280.0,2113.0
Woodwork,Economy,Small,6.2,3.2,68.3,0.48,146.4,224.0,1789.0
Textile,Economy,Medium,8.7,3.11,83.0,0.509,94.4,280.0,1651.0
Painting,Economy,Small,8.9,2.8,68.7,0.902,96.8,140.0,1376.0
BambooCane,Economy,Large,7.6,1.47,87.6,0.807,139.7,192.0,1395.0
Jewelry,Standard,Medium,5.0,3.31,65.4,0.375,134.9,690.0,2284.0
BambooCane,Standard,Small,6.0,6.14,79.6,0.859,93.9,120.7,1031.0
Pottery,Economy,Large,11.2,5.05,59.2,0.613,105.8,153.6,2260.0
Painting,Economy,Large,17.2,5.84,86.2,0.428,104.8,320.0,4797.0
Painting,Standard,Large,5.4,0.66,83.2,0.782,120.6,460.0,1274.0
Textile,Economy,Medium,19.0,7.23,75.3,0.366,63.3,280.0,3331.0
Painting,Standard,Small,5.9,4.09,74.7,0.612,90.4,201.2,1188.0
Painting,Economy,Medium,5.3,5.06,83.9,0.654,114.0,200.0,1392.0
Woodwork,Standard,Small,6.9,4.93,61.7,0.736,72.3,322.0,1204.0
Textile,Standard,Medium,17.3,3.62,57.6,0.084,72.8,402.5,3129.0
Jewelry,Premium,Small,7.0,1.25,90.1,0.803,61.0,756.0,1525.0
Woodwork,Economy,Small,9.5,5.19,69.7,0.183,65.5,224.0,1569.0
Pottery,Premium,Small,5.5,4.59,50.9,0.405,127.1,151.2,1468.0
Leatherwork,Economy,Small,11.9,1.23,33.1,0.426,72.0,252.0,1292.0
Painting,Standard,Small,11.3,4.68,62.7,0.473,144.3,201.2,3238.0
BambooCane,Premium,Small,14.2,6.22,90.0,0.734,73.8,189.0,2140.0
Painting,Standard,Medium,16.9,6.43,73.2,0.95,95.4,287.5,3081.0
Textile,Economy,Large,10.7,3.59,69.4,0.267,148.6,448.0,3878.0
Woodwork,Economy,Medium,2.6,6.81,99.9,0.218,66.5,320.0,1265.0
Leatherwork,Economy,Medium,9.4,1.66,84.5,0.894,94.6,360.0,1652.0
Leatherwork,Standard,Medium,8.6,4.23,86.4,0.462,99.7,517.5,2450.0
Woodwork,Economy,Large,7.2,1.19,69.4,0.46,105.0,512.0,1818.0
Textile,Standard,Medium,4.1,4.97,86.2,0.588,91.6,402.5,1467.0
Jewelry,Economy,Large,3.8,4.79,81.0,0.763,143.6,768.0,2146.0
BambooCane,Economy,Medium,16.2,0.62,45.8,0.453,115.3,120.0,2340.0
Jewelry,Economy,Small,17.0,2.57,57.4,0.324,68.7,336.0,2441.0
Pottery,Standard,Medium,12.6,4.54,58.1,0.168,127.8,138.0,3204.0
Pottery,Standard,Large,8.6,0.73,69.7,0.299,104.0,220.8,1650.0
Painting,Economy,Large,5.2,3.81,40.5,0.467,67.0,320.0,867.0
Pottery,Standard,Large,8.8,3.46,85.9,0.322,143.9,220.8,2856.0
BambooCane,Standard,Small,3.2,5.58,100.0,0.824,86.8,120.7,800.0
Textile,Standard,Small,8.0,3.43,40.8,0.518,98.8,281.7,1450.0
Jewelry,Standard,Medium,9.2,3.18,65.9,0.821,102.8,690.0,2163.0
Textile,Standard,Small,5.1,4.15,60.8,0.32,108.5,281.7,1114.0
BambooCane,Premium,Medium,12.0,3.69,71.5,0.206,108.3,270.0,3223.0
Painting,Standard,Large,12.4,5.98,91.0,0.408,111.5,460.0,4120.0
Metalware,Standard,Large,4.9,3.2,78.5,0.61,80.5,920.0,2179.0
Jewelry,Standard,Large,4.9,2.86,84.8,0.182,118.7,1104.0,2989.0
Metalware,Economy,Large,8.5,2.04,70.4,0.835,142.9,640.0,2262.0
Pottery,Standard,Small,8.7,2.49,76.8,0.203,118.6,96.6,1980.0
Painting,Standard,Large,4.6,5.92,34.6,0.376,79.5,460.0,1416.0
Painting,Standard,Small,1.2,2.5,79.1,0.674,149.3,201.2,622.0
Leatherwork,Economy,Small,10.6,4.72,75.6,0.754,97.7,252.0,2027.0
Painting,Economy,Small,17.5,4.46,66.3,0.44,64.0,140.0,2352.0
Painting,Economy,Medium,5.1,4.83,75.0,0.497,102.6,200.0,1275.0
Woodwork,Standard,Medium,8.1,3.47,100.0,0.608,65.3,460.0,1738.0
Leatherwork,Standard,Small,5.2,7.12,41.6,0.694,110.7,362.2,1616.0
Painting,Standard,Large,15.2,1.27,50.1,0.405,103.5,460.0,3004.0
Metalware,Premium,Large,17.6,3.67,77.9,0.589,87.9,1440.0,4282.0
Leatherwork,Standard,Small,2.6,3.6,74.2,0.44,137.0,362.2,1277.0
Painting,Standard,Medium,1.1,5.23,47.9,0.159,77.1,287.5,674.0
Painting,Economy,Small,7.0,2.11,51.1,0.238,92.3,140.0,1230.0
Metalware,Economy,Small,2.0,6.33,89.9,0.626,86.2,280.0,997.0
Painting,Economy,Small,1.7,5.72,69.4,0.701,87.9,140.0,433.0
Woodwork,Standard,Large,9.2,4.02,78.6,0.509,78.2,736.0,2570.0
Painting,Premium,Medium,9.5,3.67,84.5,0.584,64.9,450.0,1751.0
Pottery,Economy,Small,23.6,3.23,88.6,0.613,149.3,67.2,5456.0
BambooCane,Economy,Small,5.0,4.03,44.9,0.418,118.3,84.0,983.0
Leatherwork,Standard,Large,1.5,2.99,87.0,0.261,113.0,828.0,2028.0
Textile,Standard,Small,5.8,6.73,73.5,0.928,113.0,281.7,1442.0
Metalware,Economy,Small,13.7,5.73,62.1,0.258,109.1,280.0,3545.0
Metalware,Premium,Large,4.8,5.79,61.7,0.488,146.1,1440.0,4201.0
Pottery,Standard,Small,9.8,2.05,62.9,0.3,80.2,96.6,1371.0
Pottery,Economy,Small,4.6,6.84,54.4,0.75,143.1,67.2,1175.0
Woodwork,Standard,Large,10.3,6.47,80.4,0.325,141.4,736.0,4873.0
BambooCane,Premium,Small,10.5,2.62,58.2,0.604,145.5,189.0,2159.0
Painting,Premium,Medium,3.2,6.36,49.3,0.423,132.2,450.0,1425.0
Woodwork,Premium,Medium,16.6,3.61,72.0,0.63,148.4,720.0,5749.0
Textile,Economy,Small,11.9,7.28,94.9,0.413,104.0,196.0,3230.0
Jewelry,Premium,Medium,11.3,6.77,79.1,0.383,89.0,1080.0,5102.0
Painting,Premium,Large,8.0,8.85,89.5,0.676,142.9,720.0,4116.0
Woodwork,Economy,Medium,3.3,4.38,60.9,0.711,69.8,320.0,813.0
Jewelry,Economy,Medium,24.9,6.33,74.3,0.896,93.5,480.0,4716.0
Woodwork,Economy,Medium,3.4,1.77,68.6,0.54,60.5,320.0,725.0
BambooCane,Premium,Medium,1.7,6.58,54.4,0.382,66.9,270.0,773.0
Woodwork,Premium,Small,11.6,3.51,60.2,0.654,86.8,504.0,2131.0
Woodwork,Premium,Medium,7.2,6.19,55.6,0.93,132.3,720.0,2176.0
Woodwork,Standard,Large,8.6,5.83,88.5,0.436,96.7,736.0,3437.0
Pottery,Standard,Medium,12.7,5.11,58.9,0.484,114.9,138.0,2728.0
Leatherwork,Economy,Medium,10.7,7.71,63.1,0.681,115.4,360.0,2705.0
Textile,Standard,Small,6.6,3.66,100.0,0.528,100.4,281.7,1935.0
Woodwork,Premium,Large,4.0,2.11,71.2,0.641,117.8,1152.0,2305.0
BambooCane,Standard,Medium,5.1,4.14,77.5,0.434,63.3,172.5,914.0
Textile,Economy,Medium,2.1,2.36,52.9,0.148,82.1,280.0,730.0
Metalware,Standard,Small,8.0,3.87,78.3,0.668,77.3,402.5,1898.0
Pottery,Standard,Small,6.8,3.54,63.7,0.627,91.1,96.6,1055.0
Pottery,Economy,Medium,14.1,2.22,77.3,0.649,147.7,96.0,3288.0
Metalware,Economy,Medium,6.7,3.84,68.0,0.853,124.9,400.0,1874.0
BambooCane,Economy,Medium,10.8,3.76,72.9,0.465,81.0,120.0,1719.0
Jewelry,Economy,Medium,5.1,0.93,84.7,0.145,96.4,480.0,1552.0
Metalware,Standard,Small,1.4,1.07,82.4,0.366,70.6,402.5,758.0
BambooCane,Standard,Small,3.3,1.7,72.5,0.502,63.3,120.7,495.0
Painting,Standard,Medium,22.5,3.29,70.9,0.29,77.6,287.5,3644.0
Leatherwork,Standard,Medium,10.7,6.52,79.2,0.738,123.7,517.5,3383.0
BambooCane,Premium,Medium,7.0,4.61,87.9,0.229,122.4,270.0,2312.0
Metalware,Economy,Small,10.4,2.3,78.4,0.408,130.3,280.0,2479.0
Woodwork,Standard,Small,3.9,5.93,68.2,0.625,113.9,322.0,1443.0
Textile,Standard,Small,25.6,5.31,79.8,0.306,137.0,281.7,6455.0
Jewelry,Economy,Small,10.5,5.52,61.8,0.717,118.0,336.0,2562.0
Pottery,Premium,Medium,4.2,3.71,69.6,0.138,131.5,216.0,1450.0
Pottery,Standard,Small,14.4,7.35,52.5,0.654,122.0,96.6,3234.0
Woodwork,Economy,Small,8.2,1.4,69.1,0.627,103.4,224.0,1168.0
Textile,Economy,Small,7.4,2.41,46.5,0.524,103.2,196.0,1229.0
Metalware,Economy,Medium,10.7,4.87,89.3,0.704,141.1,400.0,3113.0
Leatherwork,Standard,Medium,12.7,2.05,65.8,0.698,81.5,517.5,2151.0
Leatherwork,Standard,Small,10.1,2.99,80.6,0.404,70.8,362.2,1817.0
Leatherwork,Economy,Medium,18.9,4.91,81.8,0.077,115.8,360.0,5641.0
BambooCane,Economy,Small,8.0,3.89,60.0,0.111,147.2,84.0,2345.0
Jewelry,Standard,Large,4.0,2.47,81.1,0.616,136.5,1104.0,2425.0
Textile,Economy,Small,2.3,1.52,73.0,0.835,140.0,196.0,665.0
Jewelry,Standard,Small,7.0,2.72,53.9,0.651,84.3,483.0,1337.0
BambooCane,Economy,Medium,1.0,6.22,84.3,0.659,68.4,120.0,355.0
BambooCane,Premium,Small,3.6,3.38,64.1,0.72,112.0,189.0,905.0
Leatherwork,Standard,Small,6.7,5.41,100.0,0.576,66.9,362.2,1505.0
Jewelry,Premium,Small,17.2,1.2,64.1,0.524,90.0,756.0,3114.0
Painting,Standard,Medium,7.7,4.48,83.5,0.382,104.1,287.5,1993.0
Metalware,Standard,Medium,7.8,5.52,69.0,0.591,136.8,575.0,3457.0
BambooCane,Economy,Small,6.6,4.03,85.2,0.484,120.4,84.0,1587.0
Jewelry,Economy,Large,6.4,4.33,55.8,0.66,140.4,768.0,2575.0
Metalware,Economy,Medium,4.8,2.3,86.2,0.68,96.8,400.0,1310.0
BambooCane,Economy,Large,2.5,2.32,84.9,0.151,67.0,192.0,766.0
Leatherwork,Premium,Large,7.3,5.59,50.3,0.506,97.4,1296.0,2899.0
Jewelry,Standard,Small,8.5,2.07,73.8,0.397,146.3,483.0,2607.0
Leatherwork,Standard,Medium,8.1,5.01,67.2,0.501,88.1,517.5,1991.0
Jewelry,Premium,Medium,9.6,2.7,44.0,0.258,80.8,1080.0,2918.0
Painting,Economy,Small,9.5,0.54,79.0,0.699,88.0,140.0,1258.0
Pottery,Standard,Medium,3.9,2.27,68.8,0.293,139.8,138.0,1058.0
Textile,Economy,Medium,7.8,3.75,70.4,0.604,85.1,280.0,1499.0
Painting,Standard,Medium,6.3,3.09,100.0,0.719,60.7,287.5,1174.0
Painting,Economy,Small,6.7,6.89,55.5,0.429,80.9,140.0,1402.0
Woodwork,Standard,Large,5.3,2.56,71.7,0.427,103.3,736.0,2055.0
Metalware,Standard,Large,10.1,2.31,63.9,0.678,87.9,920.0,2478.0
Woodwork,Standard,Small,5.5,6.27,72.2,0.905,67.8,322.0,1158.0
Metalware,Economy,Medium,5.0,5.09,72.7,0.763,133.6,400.0,1699.0
Jewelry,Economy,Large,6.0,5.68,62.9,0.642,70.0,768.0,1851.0
BambooCane,Economy,Medium,6.9,6.45,82.5,0.124,139.2,120.0,3210.0
Jewelry,Premium,Large,5.1,7.31,42.4,0.483,66.2,1728.0,4091.0
Leatherwork,Premium,Small,4.4,3.38,52.0,0.702,99.3,567.0,1556.0
Textile,Premium,Medium,11.4,4.17,72.2,0.262,81.2,630.0,2761.0
Textile,Standard,Medium,3.6,0.99,64.8,0.256,90.1,402.5,1008.0
Painting,Economy,Medium,10.8,3.92,58.8,0.898,78.9,200.0,1465.0
Painting,Economy,Large,9.7,5.46,70.4,0.328,139.4,320.0,3039.0
Leatherwork,Standard,Medium,3.7,1.07,64.0,0.775,99.9,517.5,1098.0
Jewelry,Economy,Medium,8.4,1.82,90.6,0.408,96.9,480.0,2561.0
Pottery,Economy,Small,20.3,5.62,62.3,0.44,109.1,67.2,3711.0
Metalware,Standard,Large,11.5,5.98,81.7,0.842,72.1,920.0,2778.0
Jewelry,Economy,Medium,15.4,5.66,75.3,0.38,82.0,480.0,3364.0
Textile,Standard,Large,8.4,4.45,31.2,0.412,102.9,644.0,2048.0
Leatherwork,Standard,Medium,2.2,3.83,68.6,0.534,99.6,517.5,1126.0
Leatherwork,Economy,Medium,16.9,4.52,74.7,0.418,87.4,360.0,3453.0
Leatherwork,Premium,Small,7.3,6.13,100.0,0.396,69.3,567.0,2688.0
Jewelry,Standard,Small,12.4,4.5,74.6,0.342,116.0,483.0,3783.0
Metalware,Economy,Medium,4.5,7.37,55.7,0.806,95.9,400.0,1450.0
Painting,Economy,Medium,5.7,6.79,79.7,0.824,128.1,200.0,1575.0
Jewelry,Premium,Small,14.1,2.33,60.3,0.655,62.6,756.0,2153.0
Textile,Standard,Large,3.5,3.67,67.2,0.729,143.9,644.0,1666.0
Jewelry,Premium,Medium,3.0,4.53,64.6,0.543,60.2,1080.0,2074.0
Metalware,Economy,Medium,16.6,4.14,72.8,0.62,145.1,400.0,4260.0
BambooCane,Standard,Medium,6.0,5.43,63.9,0.651,87.1,172.5,964.0
BambooCane,Economy,Small,8.4,3.66,66.9,0.368,74.9,84.0,1302.0
Leatherwork,Economy,Large,13.8,5.78,67.8,0.401,104.5,576.0,4095.0
Metalware,Standard,Small,15.0,1.81,77.8,0.391,100.9,402.5,2919.0
BambooCane,Economy,Large,10.5,3.68,60.2,0.562,117.9,192.0,2067.0
Textile,Premium,Medium,8.1,6.47,55.5,0.457,130.0,630.0,3020.0
Pottery,Standard,Small,15.4,1.48,77.4,0.652,65.5,96.6,1662.0
Pottery,Economy,Large,14.7,6.0,74.0,0.879,122.0,153.6,3115.0
Metalware,Premium,Large,4.1,1.89,53.2,0.233,83.8,1440.0,2899.0
Jewelry,Economy,Small,3.9,7.45,88.4,0.831,133.9,336.0,1560.0
BambooCane,Standard,Medium,23.1,7.41,68.4,0.297,125.0,172.5,6488.0
Textile,Standard,Large,2.0,4.5,76.3,0.82,85.8,644.0,1179.0
Pottery,Premium,Medium,14.9,4.01,55.5,0.43,146.1,216.0,4699.0
Pottery,Standard,Large,10.4,4.91,63.1,0.85,118.6,220.8,2185.0
Woodwork,Standard,Medium,25.2,2.03,73.7,0.532,113.6,460.0,4699.0
Woodwork,Standard,Medium,9.5,3.67,76.3,0.79,117.6,460.0,2198.0
Leatherwork,Economy,Medium,9.4,2.07,73.6,0.344,115.6,360.0,1983.0
Painting,Standard,Small,5.1,6.66,70.8,0.296,92.6,201.2,1432.0
Leatherwork,Standard,Small,9.7,1.08,67.8,0.246,120.0,362.2,2233.0
Jewelry,Economy,Small,17.8,2.83,58.3,0.271,140.1,336.0,5132.0
Painting,Standard,Medium,1.7,2.77,41.5,0.657,60.2,287.5,430.0
Metalware,Premium,Large,7.3,0.5,86.2,0.683,91.0,1440.0,2676.0
Jewelry,Economy,Medium,3.1,3.03,52.3,0.211,135.9,480.0,1360.0
Pottery,Standard,Large,9.7,1.75,74.9,0.218,147.2,220.8,2962.0
Textile,Premium,Medium,9.8,4.41,82.2,0.695,128.4,630.0,3040.0
Leatherwork,Premium,Medium,1.7,2.0,65.0,0.677,135.5,810.0,1473.0
Textile,Premium,Large,7.9,6.91,85.3,0.695,113.8,1008.0,3775.0
BambooCane,Standard,Medium,8.5,3.12,37.9,0.397,75.6,172.5,1189.0
BambooCane,Economy,Medium,2.7,3.73,56.3,0.747,63.7,120.0,429.0
Woodwork,Standard,Medium,5.0,2.01,77.6,0.667,106.1,460.0,1169.0
BambooCane,Economy,Medium,19.5,3.74,68.0,0.442,140.8,120.0,4681.0
Leatherwork,Premium,Large,5.2,4.78,64.2,0.844,122.3,1296.0,2901.0
Pottery,Standard,Medium,4.3,4.83,62.7,0.105,84.8,138.0,998.0
Jewelry,Premium,Large,4.9,2.49,64.6,0.336,132.4,1728.0,3333.0
Metalware,Standard,Large,12.7,1.28,100.0,0.229,96.3,920.0,4082.0
Leatherwork,Economy,Medium,16.0,1.92,71.4,0.95,114.9,360.0,2476.0
Jewelry,Economy,Large,9.4,7.29,54.3,0.553,120.3,768.0,4004.0
Pottery,Premium,Large,11.0,1.69,82.7,0.337,138.5,345.6,3205.0
Textile,Economy,Medium,8.1,4.01,43.4,0.643,138.7,280.0,2015.0
Jewelry,Economy,Large,2.7,2.64,60.9,0.233,141.3,768.0,1705.0
Painting,Standard,Large,13.1,4.89,63.0,0.455,143.8,460.0,3777.0
Pottery,Standard,Medium,7.4,2.04,83.0,0.51,134.3,138.0,1714.0
Pottery,Premium,Small,5.1,3.39,85.8,0.086,70.8,151.2,1036.0
Metalware,Economy,Large,8.7,5.74,87.8,0.117,132.5,640.0,4624.0
Metalware,Economy,Small,3.1,1.97,85.1,0.47,103.3,280.0,871.0
BambooCane,Economy,Large,11.1,3.36,84.9,0.478,95.5,192.0,2479.0
Pottery,Economy,Medium,4.2,6.33,55.3,0.39,125.7,96.0,1122.0
Painting,Premium,Small,18.3,4.74,59.2,0.701,131.2,315.0,4036.0
Woodwork,Economy,Small,7.6,3.49,82.0,0.78,78.0,224.0,1224.0
Textile,Economy,Medium,3.4,3.42,68.5,0.134,144.8,280.0,1491.0
Leatherwork,Premium,Large,15.5,4.35,70.7,0.157,109.6,1296.0,5593.0
Textile,Economy,Small,19.0,5.04,82.3,0.419,138.2,196.0,4925.0
Painting,Premium,Small,6.5,6.41,71.4,0.821,60.3,315.0,1150.0
Jewelry,Premium,Medium,7.4,4.64,63.3,0.536,112.8,1080.0,3223.0
Textile,Economy,Medium,14.6,3.93,69.5,0.39,100.7,280.0,3098.0
Jewelry,Standard,Medium,9.2,6.67,55.9,0.713,88.2,690.0,2517.0
Leatherwork,Premium,Medium,17.3,4.38,70.8,0.648,79.1,810.0,3296.0
Metalware,Standard,Large,16.1,2.44,51.1,0.489,85.1,920.0,3595.0
Metalware,Standard,Small,9.1,5.67,78.6,0.865,139.1,402.5,2894.0
Painting,Economy,Large,4.5,3.09,80.8,0.074,74.5,320.0,1308.0
Woodwork,Economy,Medium,13.3,2.54,67.1,0.684,138.7,320.0,2983.0
Painting,Economy,Medium,5.3,4.07,77.4,0.95,77.7,200.0,903.0
Jewelry,Premium,Medium,20.5,2.9,90.6,0.807,127.6,1080.0,5047.0
Woodwork,Economy,Medium,10.5,5.08,78.0,0.659,130.8,320.0,3426.0
BambooCane,Economy,Large,3.5,0.66,64.7,0.252,115.5,192.0,918.0
Leatherwork,Standard,Small,16.1,3.4,72.4,0.652,144.5,362.2,4114.0
Pottery,Premium,Small,10.8,4.51,72.1,0.351,122.2,151.2,2278.0
Textile,Economy,Small,12.9,7.54,56.7,0.463,68.0,196.0,2220.0
Jewelry,Standard,Small,12.7,4.16,87.2,0.194,70.0,483.0,2886.0
Painting,Standard,Small,3.1,2.91,65.5,0.548,85.6,201.2,813.0
Metalware,Economy,Medium,12.7,2.34,69.1,0.309,96.0,400.0,2903.0
Textile,Premium,Small,6.2,6.05,93.7,0.627,94.9,441.0,2140.0
BambooCane,Standard,Small,4.7,4.93,97.0,0.533,123.4,120.7,1249.0
BambooCane,Premium,Large,12.8,5.99,87.1,0.638,149.3,432.0,4853.0
Pottery,Standard,Small,9.1,6.22,73.5,0.228,125.4,96.6,2784.0
Textile,Economy,Large,11.7,2.08,74.0,0.191,75.9,448.0,2159.0
Textile,Economy,Small,4.1,3.12,77.5,0.41,137.5,196.0,1148.0
Painting,Premium,Medium,6.2,4.51,54.1,0.678,106.4,450.0,1598.0
Leatherwork,Standard,Medium,6.1,4.06,65.9,0.911,142.3,517.5,1906.0
Woodwork,Standard,Medium,5.8,3.59,80.5,0.77,72.7,460.0,1215.0
Woodwork,Economy,Medium,13.7,4.15,70.5,0.497,113.7,320.0,3400.0
Textile,Economy,Large,7.7,3.76,55.7,0.588,105.3,448.0,2188.0
Painting,Economy,Medium,9.3,5.91,61.2,0.395,93.6,200.0,2244.0
BambooCane,Standard,Medium,5.5,2.37,43.0,0.534,71.1,172.5,733.0
Pottery,Economy,Small,13.1,3.38,56.9,0.675,142.2,67.2,2663.0
Jewelry,Economy,Large,11.8,2.91,62.5,0.081,87.9,768.0,3161.0
Leatherwork,Standard,Medium,15.3,2.85,63.6,0.435,122.2,517.5,3832.0
Woodwork,Standard,Medium,5.0,1.81,66.2,0.386,121.9,460.0,1508.0
Pottery,Economy,Small,4.0,4.45,77.9,0.05,71.4,67.2,706.0
BambooCane,Economy,Large,5.0,6.7,86.4,0.411,132.3,192.0,1888.0
Pottery,Premium,Small,4.5,2.89,40.8,0.414,134.4,151.2,968.0
Jewelry,Standard,Medium,14.2,3.27,70.6,0.678,129.1,690.0,4082.0
Jewelry,Economy,Large,6.3,2.22,68.7,0.188,133.0,768.0,2928.0
Painting,Economy,Small,5.1,6.71,47.3,0.324,87.4,140.0,1157.0
Woodwork,Standard,Small,4.6,2.95,65.9,0.919,148.3,322.0,1220.0
Painting,Economy,Medium,8.7,2.99,68.0,0.667,73.0,200.0,1006.0
Pottery,Premium,Medium,9.0,6.64,69.4,0.63,101.7,216.0,2095.0
BambooCane,Premium,Medium,20.4,0.78,35.9,0.319,64.6,270.0,1918.0
Pottery,Standard,Medium,15.0,4.78,81.5,0.281,91.1,138.0,3298.0
Jewelry,Standard,Small,6.0,4.8,78.8,0.343,71.7,483.0,1773.0
Jewelry,Standard,Medium,15.4,4.08,80.3,0.558,135.4,690.0,4828.0
Painting,Economy,Medium,2.5,5.28,69.1,0.467,100.8,200.0,813.0
Woodwork,Premium,Small,4.1,2.68,90.7,0.729,78.7,504.0,1198.0
Jewelry,Economy,Medium,8.2,3.43,88.3,0.858,80.5,480.0,1448.0
Jewelry,Standard,Small,7.7,0.5,64.3,0.728,80.8,483.0,1164.0
Woodwork,Standard,Medium,4.7,1.04,75.3,0.192,138.0,460.0,1997.0
Jewelry,Premium,Small,7.4,1.91,70.5,0.849,61.9,756.0,1525.0
Leatherwork,Standard,Small,6.6,4.42,84.8,0.532,76.3,362.2,1599.0
Woodwork,Economy,Large,8.5,2.95,70.9,0.558,117.4,512.0,2189.0
Textile,Economy,Large,1.0,5.49,83.0,0.572,118.1,448.0,1027.0
BambooCane,Standard,Medium,6.1,3.36,69.5,0.371,98.9,172.5,955.0
Jewelry,Standard,Small,7.1,3.25,70.2,0.158,92.0,483.0,1929.0
Pottery,Standard,Small,19.8,1.16,45.0,0.675,106.3,96.6,2255.0
Metalware,Premium,Medium,11.9,5.02,47.9,0.778,120.0,900.0,3545.0
Painting,Economy,Medium,8.8,7.05,85.0,0.606,121.0,200.0,2645.0
Woodwork,Economy,Medium,2.4,7.37,90.0,0.337,110.7,320.0,1470.0
Pottery,Standard,Medium,13.0,7.17,43.1,0.91,72.6,138.0,1670.0
Leatherwork,Standard,Small,5.6,6.92,59.7,0.933,64.7,362.2,1126.0
BambooCane,Premium,Medium,9.8,6.71,63.4,0.765,95.2,270.0,2194.0
Metalware,Standard,Medium,1.9,2.96,79.1,0.318,140.1,575.0,1341.0
Pottery,Premium,Large,24.7,2.18,100.0,0.77,130.0,345.6,5740.0
Woodwork,Economy,Small,12.6,2.21,83.7,0.368,73.2,224.0,1926.0
Pottery,Economy,Medium,14.2,1.61,63.9,0.279,96.2,96.0,2217.0
Woodwork,Premium,Large,10.3,7.02,73.4,0.543,108.4,1152.0,4917.0
Leatherwork,Premium,Small,9.8,0.52,76.5,0.829,141.7,567.0,2183.0
Painting,Premium,Large,10.2,1.62,72.3,0.95,108.3,720.0,2122.0
Painting,Standard,Small,6.9,5.37,84.5,0.535,64.6,201.2,1091.0
Woodwork,Premium,Large,2.6,6.09,57.6,0.588,100.4,1152.0,2247.0
Textile,Economy,Medium,10.9,6.6,89.9,0.517,134.2,280.0,4065.0
Metalware,Standard,Small,4.1,5.31,88.7,0.924,127.5,402.5,1453.0
Pottery,Premium,Small,10.2,4.62,66.1,0.843,94.7,151.2,1585.0
Pottery,Standard,Small,3.8,1.67,90.8,0.35,94.0,96.6,778.0
Pottery,Standard,Medium,7.0,5.51,57.0,0.559,111.2,138.0,1581.0
BambooCane,Economy,Medium,11.9,4.78,89.0,0.229,135.3,120.0,4216.0
Textile,Economy,Medium,7.5,5.19,69.8,0.537,87.9,280.0,1511.0
Jewelry,Economy,Large,5.1,0.75,82.7,0.564,118.5,768.0,1862.0
Woodwork,Economy,Small,16.5,1.95,75.3,0.562,91.8,224.0,2594.0
Jewelry,Economy,Medium,28.3,1.06,68.4,0.281,94.8,480.0,5233.0
Jewelry,Economy,Small,13.5,4.8,89.8,0.593,63.2,336.0,2292.0
Metalware,Economy,Small,5.2,3.43,55.7,0.532,123.3,280.0,1222.0
Painting,Economy,Medium,7.9,5.25,76.0,0.666,85.0,200.0,1447.0
Metalware,Standard,Medium,19.7,2.71,87.8,0.934,76.4,575.0,2286.0
Leatherwork,Standard,Small,21.1,5.94,73.4,0.819,91.5,362.2,4244.0
Leatherwork,Premium,Large,7.7,3.96,51.6,0.099,138.8,1296.0,4176.0
Pottery,Economy,Small,3.7,3.15,37.5,0.311,138.1,67.2,809.0
BambooCane,Standard,Small,14.6,4.41,80.9,0.15,84.6,120.7,2519.0
Metalware,Premium,Medium,11.6,7.74,82.4,0.257,122.9,900.0,5100.0
Jewelry,Standard,Small,46.2,0.93,36.4,0.384,129.5,483.0,7171.0
BambooCane,Premium,Small,3.6,7.17,83.8,0.5,73.1,189.0,981.0
Textile,Standard,Large,2.7,4.17,46.9,0.314,135.8,644.0,1800.0
Woodwork,Standard,Medium,8.4,5.72,83.7,0.544,78.0,460.0,2074.0
Textile,Economy,Medium,2.6,7.55,63.6,0.722,122.5,280.0,1161.0
BambooCane,Economy,Large,3.2,2.32,98.2,0.05,141.4,192.0,1390.0
Painting,Economy,Medium,1.0,2.6,73.5,0.408,100.7,200.0,457.0
Woodwork,Economy,Medium,6.3,2.61,79.0,0.704,72.3,320.0,1136.0
Pottery,Economy,Small,10.4,2.62,70.0,0.296,87.4,67.2,1700.0
Pottery,Economy,Small,11.1,0.68,53.9,0.721,76.2,67.2,919.0
Textile,Economy,Small,6.0,6.12,60.9,0.334,145.7,196.0,2342.0
Woodwork,Standard,Small,11.2,7.09,52.0,0.502,120.4,322.0,2853.0
Jewelry,Economy,Large,15.9,7.13,96.2,0.668,119.7,768.0,5288.0
Jewelry,Premium,Medium,6.3,4.5,85.5,0.716,125.9,1080.0,3030.0
Woodwork,Premium,Medium,6.8,0.69,84.3,0.258,66.5,720.0,1835.0
Woodwork,Economy,Medium,21.7,7.73,78.8,0.204,126.8,320.0,8159.0
Textile,Premium,Large,10.7,1.95,75.0,0.584,98.2,1008.0,3019.0
Textile,Standard,Small,9.1,1.4,78.5,0.413,69.9,281.7,1356.0
Painting,Economy,Medium,13.1,1.13,53.0,0.636,96.5,200.0,1685.0
Jewelry,Standard,Small,29.8,4.75,83.3,0.862,115.7,483.0,6993.0
Pottery,Economy,Medium,8.5,8.86,67.7,0.358,88.9,96.0,2043.0
Jewelry,Economy,Small,12.4,1.65,58.3,0.769,90.8,336.0,1668.0
BambooCane,Premium,Small,4.2,4.07,53.7,0.455,100.8,189.0,1071.0
Pottery,Standard,Small,13.5,5.43,80.7,0.264,112.7,96.6,4041.0
Leatherwork,Standard,Small,14.8,1.56,60.2,0.59,120.8,362.2,2998.0
Woodwork,Standard,Small,10.3,3.46,84.8,0.886,76.4,322.0,1431.0
Painting,Premium,Small,12.8,4.94,46.0,0.403,73.5,315.0,1983.0
Textile,Economy,Small,7.6,5.37,46.5,0.38,107.9,196.0,1944.0
Jewelry,Standard,Medium,2.4,3.67,49.2,0.349,142.2,690.0,1609.0
Pottery,Premium,Medium,7.4,3.61,96.3,0.05,143.4,216.0,3028.0
Jewelry,Standard,Medium,19.4,3.74,75.0,0.16,79.2,690.0,4174.0
Metalware,Standard,Small,10.5,5.66,74.8,0.674,86.6,402.5,2154.0
Pottery,Standard,Medium,14.4,4.1,59.8,0.137,145.9,138.0,3589.0
Painting,Economy,Small,16.9,3.65,67.4,0.482,108.6,140.0,3433.0
Jewelry,Economy,Small,9.2,4.79,50.5,0.496,115.4,336.0,2284.0
Jewelry,Economy,Medium,6.5,2.83,63.9,0.313,95.5,480.0,1700.0
BambooCane,Economy,Small,15.4,4.73,82.3,0.641,78.0,84.0,2216.0
Woodwork,Economy,Medium,8.6,2.28,52.4,0.636,109.9,320.0,1636.0
Textile,Economy,Large,4.1,8.3,65.0,0.646,111.2,448.0,1696.0
Pottery,Premium,Small,9.7,5.0,58.5,0.215,141.5,151.2,3190.0
BambooCane,Standard,Medium,8.4,2.9,75.5,0.619,72.4,172.5,1126.0
BambooCane,Economy,Small,5.0,3.73,47.1,0.732,117.6,84.0,983.0
Jewelry,Premium,Medium,10.4,1.85,40.0,0.4,67.6,1080.0,2148.0
Woodwork,Economy,Medium,8.0,2.24,57.3,0.267,107.0,320.0,1940.0
Painting,Standard,Small,11.9,6.16,52.5,0.71,64.3,201.2,1471.0
BambooCane,Standard,Large,18.4,4.41,79.2,0.454,142.3,276.0,5849.0
Woodwork,Economy,Medium,14.3,2.47,59.9,0.92,103.8,320.0,2040.0
Pottery,Premium,Medium,4.8,1.8,78.2,0.336,103.4,216.0,1325.0
Jewelry,Economy,Small,3.3,1.33,49.0,0.673,108.9,336.0,810.0
Pottery,Standard,Medium,9.8,4.14,68.0,0.192,63.6,138.0,1584.0
Metalware,Economy,Small,7.9,2.65,89.5,0.335,93.2,280.0,1772.0
Painting,Economy,Small,4.1,3.48,62.1,0.563,79.8,140.0,646.0
Painting,Standard,Medium,10.3,7.46,75.6,0.474,115.3,287.5,3050.0
Metalware,Standard,Small,14.6,4.64,81.9,0.758,71.1,402.5,2104.0
Leatherwork,Premium,Medium,12.1,4.54,74.4,0.849,141.3,810.0,3345.0
Textile,Economy,Medium,9.2,2.45,79.6,0.534,148.0,280.0,2799.0
Pottery,Economy,Large,4.3,2.2,73.2,0.389,110.4,153.6,1022.0
Textile,Premium,Medium,17.5,1.77,92.8,0.513,107.8,630.0,3541.0
Jewelry,Economy,Small,9.4,2.81,73.6,0.184,103.3,336.0,2215.0
Leatherwork,Economy,Small,4.6,2.46,77.8,0.584,75.7,252.0,902.0
BambooCane,Economy,Medium,4.5,4.45,63.7,0.873,77.2,120.0,629.0
Leatherwork,Standard,Small,9.2,7.16,57.6,0.685,69.7,362.2,2070.0
Woodwork,Economy,Small,9.7,7.19,78.9,0.282,130.1,224.0,2773.0
BambooCane,Standard,Small,6.1,3.69,77.0,0.712,118.0,120.7,1256.0
BambooCane,Premium,Large,8.5,8.35,41.2,0.671,69.1,432.0,1905.0
Leatherwork,Economy,Medium,5.8,5.61,54.8,0.441,90.6,360.0,1637.0
Woodwork,Economy,Small,18.6,3.61,91.1,0.402,100.1,224.0,4026.0
Jewelry,Economy,Medium,14.2,4.96,69.7,0.637,149.8,480.0,4473.0
BambooCane,Standard,Large,9.6,2.62,56.3,0.305,119.5,276.0,2077.0
BambooCane,Standard,Small,10.4,7.06,65.8,0.241,108.2,120.7,2476.0
Jewelry,Standard,Medium,7.9,6.53,74.9,0.539,146.9,690.0,3175.0
Jewelry,Economy,Medium,2.8,1.57,78.4,0.436,121.5,480.0,1167.0
Woodwork,Standard,Small,11.9,2.49,80.8,0.783,142.9,322.0,2742.0
Pottery,Standard,Small,1.9,5.76,59.6,0.256,66.5,96.6,401.0
Textile,Premium,Large,10.1,2.4,82.4,0.702,128.3,1008.0,3055.0
Pottery,Premium,Small,4.7,6.15,56.3,0.525,142.8,151.2,1483.0
Textile,Premium,Medium,2.3,7.63,84.4,0.808,70.6,630.0,1490.0
Textile,Premium,Medium,7.6,1.68,50.8,0.498,77.2,630.0,1641.0
Textile,Economy,Medium,5.3,7.65,53.7,0.295,113.2,280.0,2020.0
Metalware,Economy,Medium,5.8,3.61,80.5,0.176,64.3,400.0,1451.0
BambooCane,Economy,Medium,9.5,1.0,85.8,0.104,80.7,120.0,1461.0
Jewelry,Economy,Medium,8.8,2.31,68.9,0.615,99.3,480.0,1864.0
Leatherwork,Economy,Large,22.2,2.3,100.0,0.194,129.3,576.0,5931.0
Metalware,Economy,Small,7.5,2.27,87.6,0.37,121.2,280.0,2115.0
Painting,Economy,Medium,3.7,2.03,50.7,0.499,84.6,200.0,671.0
Textile,Economy,Medium,28.7,0.55,78.0,0.103,93.5,280.0,4768.0
Metalware,Premium,Large,5.5,7.64,84.1,0.603,83.6,1440.0,3999.0
Woodwork,Premium,Large,13.7,4.47,83.8,0.238,121.1,1152.0,5308.0
Metalware,Standard,Medium,9.3,1.82,75.0,0.667,95.7,575.0,1907.0
Metalware,Standard,Small,4.9,4.04,67.1,0.17,141.7,402.5,2012.0
Leatherwork,Economy,Small,19.4,5.16,61.2,0.342,130.4,252.0,5403.0
Painting,Premium,Medium,9.8,4.48,72.4,0.605,100.8,450.0,2152.0
Jewelry,Standard,Small,4.4,5.83,68.4,0.287,66.2,483.0,1618.0
Woodwork,Premium,Large,2.2,3.0,83.7,0.444,74.1,1152.0,2520.0
Pottery,Economy,Medium,10.9,3.49,72.6,0.642,125.7,96.0,2268.0
Jewelry,Standard,Small,14.9,3.76,52.8,0.59,101.0,483.0,2750.0
Leatherwork,Standard,Medium,28.4,0.79,63.4,0.418,72.3,517.5,3475.0
BambooCane,Premium,Small,15.9,4.23,46.8,0.649,115.8,189.0,2935.0
Leatherwork,Standard,Medium,7.9,3.15,69.7,0.869,130.2,517.5,2000.0
Leatherwork,Standard,Large,30.0,3.59,70.9,0.736,129.8,828.0,7359.0
Leatherwork,Economy,Small,5.1,2.49,83.5,0.227,116.1,252.0,1299.0
Textile,Premium,Small,12.9,7.15,84.7,0.371,110.5,441.0,4106.0
Pottery,Standard,Medium,1.8,4.41,64.0,0.12,116.9,138.0,830.0
Jewelry,Standard,Large,3.1,1.06,95.8,0.63,112.3,1104.0,2123.0
Jewelry,Standard,Medium,4.2,4.07,98.5,0.288,107.1,690.0,2557.0
BambooCane,Economy,Medium,13.6,2.32,60.8,0.867,138.6,120.0,2136.0
Woodwork,Standard,Medium,5.6,3.94,71.9,0.485,132.7,460.0,2017.0
Metalware,Standard,Small,14.8,4.63,79.8,0.836,101.5,402.5,3240.0
Metalware,Economy,Large,1.1,3.01,76.0,0.642,78.4,640.0,1093.0
Woodwork,Standard,Small,7.0,7.62,53.9,0.298,141.3,322.0,2409.0
Woodwork,Economy,Medium,9.8,6.94,74.6,0.448,141.1,320.0,3618.0
Textile,Standard,Medium,16.3,8.31,52.9,0.555,66.0,402.5,2697.0
Leatherwork,Economy,Small,14.9,0.55,62.7,0.758,111.5,252.0,2234.0
Leatherwork,Standard,Medium,3.1,5.77,74.5,0.256,148.6,517.5,2243.0
Textile,Economy,Medium,7.0,2.46,72.7,0.69,143.0,280.0,1621.0
Painting,Premium,Small,8.4,4.78,85.8,0.598,107.5,315.0,2477.0
Pottery,Economy,Small,2.6,2.3,81.9,0.382,123.4,67.2,627.0
BambooCane,Standard,Medium,4.4,3.01,74.3,0.541,64.9,172.5,748.0
Painting,Standard,Large,10.0,2.01,74.5,0.891,69.4,460.0,1231.0
Woodwork,Premium,Small,7.2,5.12,61.7,0.466,147.8,504.0,2633.0
Pottery,Economy,Medium,8.3,6.33,82.4,0.459,81.5,96.0,1675.0
Leatherwork,Premium,Small,8.6,0.5,58.6,0.328,101.4,567.0,2013.0
Jewelry,Economy,Large,10.0,3.62,55.7,0.054,72.3,768.0,2504.0
Textile,Economy,Medium,14.2,5.1,46.1,0.563,138.8,280.0,3077.0
Leatherwork,Premium,Medium,7.4,7.62,94.3,0.454,118.8,810.0,4322.0
Leatherwork,Standard,Large,8.1,1.03,65.5,0.411,122.1,828.0,2657.0
Metalware,Standard,Medium,14.4,5.24,45.5,0.95,127.0,575.0,2941.0
Jewelry,Premium,Medium,5.2,0.84,58.1,0.392,108.1,1080.0,1932.0
Metalware,Standard,Large,20.0,3.36,77.2,0.519,93.9,920.0,4765.0
Leatherwork,Standard,Large,3.6,3.01,73.6,0.391,95.7,828.0,1822.0
Painting,Economy,Large,8.9,3.42,68.7,0.427,124.6,320.0,2498.0
Jewelry,Premium,Small,24.7,4.53,97.4,0.878,140.0,756.0,6778.0
Textile,Standard,Small,15.8,1.59,71.1,0.106,108.7,281.7,3084.0
Leatherwork,Economy,Medium,11.7,2.36,66.0,0.641,136.5,360.0,3077.0
Metalware,Standard,Large,3.3,3.58,100.0,0.781,124.2,920.0,2316.0
Painting,Standard,Medium,8.6,2.2,87.2,0.509,81.6,287.5,1628.0
BambooCane,Standard,Medium,4.9,0.62,67.6,0.324,73.1,172.5,681.0
Painting,Premium,Small,5.4,1.68,81.3,0.12,132.9,315.0,1805.0
Leatherwork,Economy,Small,4.6,3.36,88.4,0.624,71.4,252.0,880.0
BambooCane,Economy,Small,9.5,0.87,82.7,0.643,94.3,84.0,1338.0
Woodwork,Economy,Small,5.3,2.11,67.7,0.648,134.2,224.0,1296.0
Jewelry,Standard,Small,6.3,3.17,70.1,0.574,109.8,483.0,1718.0
Leatherwork,Economy,Small,16.8,6.14,57.6,0.214,126.6,252.0,4793.0
Jewelry,Standard,Large,12.0,1.65,67.3,0.669,142.9,1104.0,3641.0
BambooCane,Standard,Small,12.9,1.38,55.8,0.832,127.1,120.7,1722.0
Painting,Premium,Medium,13.1,3.0,72.3,0.359,70.4,450.0,2395.0
BambooCane,Economy,Large,12.8,4.66,71.6,0.36,95.1,192.0,2818.0
BambooCane,Standard,Large,7.0,3.94,59.6,0.683,135.7,276.0,1681.0
Woodwork,Standard,Large,1.0,5.69,84.6,0.342,144.7,736.0,1934.0
BambooCane,Standard,Medium,11.7,2.91,55.3,0.503,100.2,172.5,2266.0
Painting,Economy,Medium,6.0,6.24,63.4,0.051,138.8,200.0,2373.0
Textile,Premium,Medium,3.1,5.38,61.5,0.321,63.2,630.0,1354.0
Painting,Economy,Small,10.8,1.93,68.8,0.674,108.5,140.0,1858.0
Metalware,Standard,Small,7.1,1.43,58.9,0.724,97.7,402.5,1413.0
Metalware,Standard,Small,10.7,3.75,72.0,0.186,83.5,402.5,2516.0
BambooCane,Economy,Medium,3.1,4.06,83.5,0.602,149.9,120.0,852.0
Jewelry,Standard,Small,2.8,2.43,99.2,0.743,105.9,483.0,1309.0
Leatherwork,Economy,Large,20.2,1.56,77.9,0.225,132.3,576.0,4822.0
Woodwork,Economy,Small,4.4,2.6,95.6,0.243,101.8,224.0,1203.0
Painting,Economy,Medium,6.6,0.72,51.5,0.48,94.3,200.0,1011.0
Painting,Standard,Large,4.0,5.68,76.8,0.723,66.4,460.0,1318.0
Painting,Standard,Small,7.7,2.23,66.7,0.523,147.9,201.2,1992.0
BambooCane,Standard,Large,3.5,1.75,36.9,0.415,81.5,276.0,659.0
Textile,Economy,Medium,10.2,2.77,55.8,0.585,77.9,280.0,1518.0
Woodwork,Economy,Small,2.5,5.12,65.9,0.884,72.0,224.0,605.0
Leatherwork,Standard,Large,14.6,3.71,52.7,0.368,143.4,828.0,4726.0
Woodwork,Standard,Small,2.3,0.94,71.8,0.444,69.5,322.0,650.0
Metalware,Standard,Large,4.4,6.53,62.3,0.743,88.0,920.0,2248.0
Textile,Economy,Large,7.4,7.65,49.0,0.284,100.1,448.0,2459.0
Jewelry,Standard,Medium,4.1,6.39,66.5,0.61,84.8,690.0,1864.0
Leatherwork,Economy,Small,16.3,2.12,97.9,0.906,112.9,252.0,2660.0
Metalware,Economy,Small,7.0,1.27,50.7,0.582,120.4,280.0,1477.0
Metalware,Premium,Medium,9.0,6.99,81.9,0.534,86.0,900.0,3694.0
Textile,Economy,Large,12.3,4.91,73.2,0.846,71.5,448.0,1867.0
Leatherwork,Economy,Small,10.2,0.59,100.0,0.658,95.4,252.0,1589.0
Textile,Economy,Small,11.1,4.32,68.9,0.155,149.8,196.0,3271.0
Jewelry,Premium,Medium,7.9,2.17,91.2,0.893,69.4,1080.0,2205.0
Woodwork,Economy,Small,1.0,5.14,86.9,0.467,61.8,224.0,528.0
Metalware,Standard,Large,7.2,1.51,79.5,0.394,128.7,920.0,2877.0
Painting,Standard,Medium,15.1,1.71,66.5,0.716,149.1,287.5,3358.0
Pottery,Standard,Small,14.3,2.36,95.0,0.487,111.9,96.6,3037.0
BambooCane,Standard,Medium,4.8,4.52,58.2,0.755,104.3,172.5,984.0
Woodwork,Standard,Small,3.1,5.94,90.4,0.275,78.4,322.0,1354.0
Jewelry,Standard,Medium,1.8,4.51,91.6,0.171,107.9,690.0,1765.0
Woodwork,Standard,Small,3.4,0.98,100.0,0.486,141.6,322.0,1322.0
Painting,Economy,Medium,7.4,3.67,90.4,0.397,131.5,200.0,2308.0
Textile,Economy,Medium,6.0,4.46,82.1,0.633,61.7,280.0,1123.0
Jewelry,Economy,Medium,17.3,5.74,77.1,0.787,64.0,480.0,2959.0
BambooCane,Premium,Medium,14.2,2.76,74.5,0.138,97.8,270.0,2779.0
Jewelry,Standard,Small,9.8,3.88,81.7,0.209,77.5,483.0,2409.0
Textile,Standard,Large,4.1,2.46,90.7,0.474,121.3,644.0,1964.0
Textile,Economy,Medium,6.5,6.08,68.6,0.313,76.1,280.0,1510.0
Pottery,Standard,Medium,9.3,4.23,65.0,0.139,106.5,138.0,1986.0
Pottery,Standard,Medium,7.9,2.27,71.8,0.464,117.6,138.0,1525.0
Painting,Standard,Small,2.2,5.19,76.4,0.445,138.5,201.2,1028.0
Textile,Economy,Medium,4.8,3.39,81.5,0.305,85.2,280.0,1267.0
Jewelry,Premium,Medium,9.5,4.33,72.9,0.447,61.5,1080.0,3021.0
Painting,Economy,Medium,16.0,2.44,76.4,0.064,118.0,200.0,3972.0
Jewelry,Premium,Medium,12.0,1.75,73.8,0.95,97.3,1080.0,2305.0
Metalware,Standard,Medium,4.9,1.67,99.0,0.512,105.7,575.0,1914.0
Jewelry,Economy,Medium,5.1,3.8,70.5,0.602,113.3,480.0,1662.0
Metalware,Economy,Medium,16.9,3.46,100.0,0.344,101.5,400.0,4270.0
Leatherwork,Standard,Medium,4.9,7.51,62.8,0.485,94.3,517.5,1916.0
Jewelry,Economy,Medium,13.5,2.37,82.5,0.181,135.2,480.0,4220.0
Jewelry,Standard,Large,7.4,4.0,68.7,0.745,96.1,1104.0,2808.0
BambooCane,Standard,Medium,13.8,2.65,59.0,0.186,92.9,172.5,2448.0
Jewelry,Economy,Medium,4.4,1.17,100.0,0.443,85.2,480.0,1332.0
Jewelry,Standard,Medium,25.1,0.56,81.4,0.28,60.9,690.0,3372.0
Woodwork,Standard,Medium,23.5,6.34,61.6,0.36,147.9,460.0,8064.0
Metalware,Standard,Medium,4.3,4.23,57.0,0.702,102.0,575.0,1573.0
Woodwork,Premium,Medium,5.4,5.87,68.8,0.767,84.7,720.0,1777.0
Woodwork,Premium,Medium,14.3,4.85,83.8,0.738,89.1,720.0,3001.0
Woodwork,Standard,Small,7.4,5.31,97.9,0.224,60.7,322.0,1840.0
BambooCane,Premium,Medium,10.3,4.93,46.9,0.421,98.1,270.0,1897.0
Pottery,Economy,Medium,3.5,6.97,96.7,0.116,86.8,96.0,1028.0
Painting,Standard,Small,10.9,7.85,72.7,0.577,123.6,201.2,3286.0
Painting,Premium,Small,15.5,2.23,86.7,0.237,102.7,315.0,3115.0
BambooCane,Economy,Small,9.9,5.11,80.9,0.78,85.1,84.0,1439.0
Metalware,Standard,Small,9.7,0.81,84.3,0.655,129.8,402.5,2168.0
Pottery,Premium,Medium,7.7,7.49,83.7,0.533,113.8,216.0,2364.0
Painting,Standard,Large,12.7,6.17,72.5,0.533,133.1,460.0,3603.0
Woodwork,Premium,Large,7.5,6.66,68.7,0.562,104.3,1152.0,3326.0
Woodwork,Economy,Medium,6.7,3.44,65.5,0.799,148.9,320.0,1695.0
Pottery,Premium,Medium,5.3,6.34,83.5,0.274,73.7,216.0,1261.0
Textile,Economy,Medium,14.4,2.77,85.5,0.759,131.6,280.0,3303.0
Pottery,Standard,Medium,5.9,6.44,58.9,0.445,80.1,138.0,1080.0
Leatherwork,Standard,Large,9.4,6.23,81.9,0.328,95.7,828.0,3571.0
Textile,Premium,Small,2.6,1.59,83.0,0.316,108.2,441.0,1001.0
Textile,Standard,Medium,6.8,1.71,50.2,0.304,113.9,402.5,1569.0
Metalware,Economy,Medium,8.6,1.37,67.8,0.472,116.1,400.0,1710.0
Metalware,Standard,Small,9.4,8.52,78.9,0.885,107.1,402.5,2316.0
Jewelry,Economy,Large,2.7,3.48,47.6,0.358,117.0,768.0,1678.0
BambooCane,Economy,Small,5.6,5.05,68.8,0.178,66.8,84.0,899.0
BambooCane,Premium,Large,8.6,4.91,74.5,0.311,125.0,432.0,3192.0
Pottery,Economy,Medium,7.0,1.63,28.8,0.616,100.9,96.0,875.0
Woodwork,Economy,Small,18.6,1.98,75.3,0.248,89.6,224.0,2634.0
Painting,Standard,Medium,7.8,3.9,81.1,0.479,84.0,287.5,1694.0
Metalware,Standard,Small,4.9,6.24,50.9,0.722,80.7,402.5,1285.0
Woodwork,Premium,Medium,18.2,5.44,60.6,0.451,134.9,720.0,5582.0
Metalware,Standard,Small,8.2,8.91,71.9,0.873,60.9,402.5,1707.0
Jewelry,Standard,Medium,11.5,6.2,63.6,0.323,86.4,690.0,2988.0
Textile,Economy,Large,3.9,6.72,78.9,0.565,127.5,448.0,1770.0
Woodwork,Economy,Small,13.3,3.12,79.6,0.504,90.5,224.0,2554.0
Leatherwork,Standard,Large,4.4,4.7,83.2,0.213,133.8,828.0,3218.0
BambooCane,Standard,Medium,6.4,5.97,100.0,0.455,65.0,172.5,1190.0
Textile,Economy,Large,10.2,2.82,53.9,0.796,61.1,448.0,1325.0
BambooCane,Standard,Small,13.7,1.26,80.4,0.13,128.6,120.7,2862.0
Metalware,Premium,Small,2.3,3.3,77.3,0.572,91.5,630.0,1441.0
Woodwork,Premium,Large,9.2,5.34,92.8,0.223,73.4,1152.0,4205.0
Jewelry,Standard,Small,6.9,1.39,64.6,0.784,97.4,483.0,1370.0
Pottery,Premium,Medium,7.8,4.29,78.7,0.758,128.3,216.0,1874.0
Pottery,Premium,Medium,24.4,4.8,86.9,0.437,74.2,216.0,3707.0
Metalware,Economy,Large,1.3,5.65,68.5,0.67,131.7,640.0,1404.0
Pottery,Economy,Medium,15.7,0.5,84.4,0.691,111.8,96.0,2030.0
Leatherwork,Standard,Medium,4.7,4.21,84.4,0.194,135.0,517.5,2603.0
Woodwork,Economy,Medium,9.0,7.3,69.9,0.33,84.8,320.0,2392.0
Metalware,Standard,Small,8.0,1.27,66.0,0.499,72.3,402.5,1189.0
Jewelry,Economy,Medium,7.0,2.07,74.7,0.48,122.8,480.0,2195.0
Pottery,Standard,Medium,6.3,5.07,78.7,0.345,63.8,138.0,1091.0
Leatherwork,Standard,Large,2.7,2.71,41.3,0.272,113.3,828.0,1526.0
Textile,Economy,Medium,15.7,4.19,71.0,0.665,107.5,280.0,3455.0
Leatherwork,Economy,Medium,7.7,0.91,52.2,0.256,94.6,360.0,1379.0
Leatherwork,Economy,Small,6.8,4.87,51.0,0.938,108.0,252.0,1083.0
BambooCane,Premium,Small,9.3,3.97,56.4,0.589,122.7,189.0,2046.0
Jewelry,Standard,Small,4.6,0.5,69.0,0.267,70.5,483.0,985.0
Metalware,Economy,Large,10.7,5.05,68.5,0.939,92.2,640.0,2168.0
Woodwork,Premium,Small,11.6,2.2,76.1,0.481,129.0,504.0,3172.0
Painting,Economy,Medium,8.3,2.07,74.5,0.83,66.4,200.0,927.0
Painting,Standard,Large,5.4,4.34,93.6,0.647,149.7,460.0,2407.0
Jewelry,Standard,Small,9.9,3.96,48.9,0.341,65.8,483.0,2005.0
Leatherwork,Standard,Large,9.1,1.32,58.7,0.463,85.2,828.0,2153.0
Jewelry,Standard,Medium,12.5,4.34,70.7,0.104,124.7,690.0,4803.0
Pottery,Economy,Medium,4.5,7.64,95.6,0.919,88.8,96.0,901.0
Woodwork,Economy,Large,2.6,4.57,58.5,0.263,93.6,512.0,1498.0
Pottery,Standard,Small,15.6,7.73,48.5,0.073,120.6,96.6,4647.0
Metalware,Premium,Small,6.5,6.6,51.8,0.471,137.4,630.0,2448.0
Metalware,Economy,Medium,10.8,6.0,63.2,0.499,111.4,400.0,2599.0
Pottery,Economy,Small,5.6,8.2,76.8,0.334,135.1,67.2,1714.0
Pottery,Economy,Small,12.9,6.96,95.6,0.663,100.9,67.2,3141.0
Pottery,Economy,Medium,2.5,6.21,85.3,0.518,92.2,96.0,612.0
Pottery,Standard,Small,1.0,1.08,79.4,0.776,62.8,96.6,186.0
Leatherwork,Economy,Small,6.2,3.86,55.8,0.264,80.9,252.0,1193.0
Jewelry,Standard,Medium,12.5,5.5,95.3,0.704,134.1,690.0,4283.0
BambooCane,Standard,Small,11.8,6.14,85.1,0.932,124.0,120.7,2589.0
Painting,Economy,Medium,5.6,3.63,84.4,0.119,122.6,200.0,2030.0
Metalware,Premium,Large,4.0,4.16,58.3,0.05,141.7,1440.0,3730.0
Pottery,Standard,Small,13.6,3.52,73.3,0.569,91.6,96.6,2376.0
Woodwork,Premium,Small,1.3,1.45,74.1,0.453,83.6,504.0,923.0
Textile,Economy,Small,16.9,6.95,32.8,0.176,85.2,196.0,2831.0
BambooCane,Standard,Large,7.8,1.29,52.4,0.13,128.3,276.0,1928.0
BambooCane,Economy,Medium,5.0,3.09,78.6,0.668,113.9,120.0,1049.0
Woodwork,Economy,Small,12.9,4.71,79.6,0.882,134.7,224.0,2610.0
Jewelry,Economy,Small,4.2,2.22,89.1,0.549,82.2,336.0,1229.0
Woodwork,Economy,Medium,3.3,2.47,60.0,0.483,91.3,320.0,873.0
Textile,Economy,Large,6.0,4.63,93.2,0.221,93.0,448.0,2004.0
Textile,Standard,Large,10.5,2.67,92.1,0.462,144.2,644.0,3931.0
Woodwork,Premium,Small,12.5,0.96,56.3,0.489,115.2,504.0,2140.0
Leatherwork,Economy,Small,21.0,3.14,54.3,0.32,71.7,252.0,2397.0
Metalware,Standard,Medium,6.7,1.45,59.5,0.574,94.0,575.0,1455.0
Textile,Standard,Small,12.2,4.63,70.7,0.839,123.3,281.7,2799.0
Woodwork,Standard,Medium,4.8,3.29,54.2,0.436,143.6,460.0,1477.0
Woodwork,Economy,Large,3.8,5.35,76.5,0.299,137.9,512.0,2132.0
Woodwork,Economy,Large,17.1,2.17,94.0,0.56,109.1,512.0,4323.0
Jewelry,Standard,Medium,3.9,2.62,45.1,0.23,139.3,690.0,1693.0
Jewelry,Economy,Large,9.8,2.25,46.6,0.367,108.7,768.0,2540.0
Jewelry,Premium,Large,9.1,1.69,90.6,0.668,75.3,1728.0,3102.0
Pottery,Economy,Small,10.3,2.54,27.8,0.656,65.5,67.2,828.0
Pottery,Standard,Small,6.3,2.79,72.7,0.574,123.3,96.6,1316.0
Painting,Standard,Small,1.7,2.79,88.0,0.395,114.0,201.2,680.0
BambooCane,Standard,Small,12.3,2.82,70.8,0.277,120.2,120.7,2576.0
BambooCane,Standard,Small,4.8,1.2,83.2,0.653,142.7,120.7,938.0
Metalware,Premium,Medium,6.1,5.35,56.1,0.569,60.0,900.0,1892.0
Textile,Standard,Medium,7.3,4.48,61.8,0.439,60.1,402.5,1159.0
Leatherwork,Standard,Medium,9.6,3.17,45.2,0.364,62.6,517.5,1424.0
Leatherwork,Economy,Medium,19.0,3.0,73.7,0.597,76.2,360.0,2483.0
Leatherwork,Standard,Medium,7.8,7.03,95.5,0.344,107.7,517.5,3240.0
Textile,Standard,Small,11.1,7.9,51.3,0.717,85.1,281.7,2100.0
Painting,Economy,Large,3.8,5.56,69.2,0.469,92.8,320.0,1290.0
Textile,Premium,Medium,6.2,5.74,68.2,0.577,74.9,630.0,2013.0
Metalware,Economy,Small,8.0,5.29,74.6,0.801,116.0,280.0,1942.0
Painting,Premium,Small,3.0,6.71,39.4,0.314,86.4,315.0,1107.0
Pottery,Standard,Medium,19.0,2.47,67.9,0.855,88.9,138.0,2195.0
Painting,Premium,Medium,9.9,2.41,62.8,0.366,114.2,450.0,2470.0
Painting,Economy,Small,15.3,4.3,47.9,0.446,138.1,140.0,3714.0
Metalware,Economy,Large,9.7,5.11,51.0,0.608,67.7,640.0,2007.0
Woodwork,Economy,Medium,10.1,6.76,49.6,0.715,146.7,320.0,2980.0
Jewelry,Standard,Small,15.9,3.7,65.9,0.578,140.6,483.0,4121.0
Leatherwork,Standard,Medium,5.8,1.81,63.0,0.548,134.7,517.5,1577.0
Pottery,Economy,Small,6.0,0.5,68.9,0.318,137.8,67.2,1219.0
Pottery,Standard,Medium,3.2,5.6,83.5,0.57,131.3,138.0,1110.0
Textile,Standard,Small,17.7,5.5,57.4,0.529,93.0,281.7,3237.0
Leatherwork,Standard,Large,2.4,6.94,87.8,0.134,141.8,828.0,3268.0
Metalware,Standard,Medium,9.2,4.54,64.7,0.687,87.9,575.0,2183.0
Painting,Economy,Small,20.0,2.78,92.6,0.59,129.8,140.0,4315.0
Textile,Premium,Medium,17.3,1.91,93.3,0.077,72.1,630.0,3913.0
Textile,Standard,Small,8.4,2.61,82.3,0.185,78.0,281.7,1757.0
Metalware,Premium,Small,3.6,1.98,70.3,0.49,114.7,630.0,1461.0
Textile,Premium,Large,11.0,6.21,80.0,0.95,63.1,1008.0,2313.0
Jewelry,Economy,Medium,12.8,0.67,91.9,0.625,84.5,480.0,2061.0
BambooCane,Standard,Medium,8.8,4.15,81.9,0.675,108.4,172.5,1639.0
Leatherwork,Standard,Small,19.5,4.29,41.1,0.476,125.9,362.2,4103.0
Pottery,Economy,Medium,2.4,5.28,71.8,0.559,101.4,96.0,720.0
Woodwork,Standard,Small,12.8,1.44,78.9,0.659,138.4,322.0,2444.0
Metalware,Standard,Small,3.0,2.85,99.9,0.113,64.1,402.5,1381.0
BambooCane,Economy,Medium,22.5,4.51,95.4,0.326,61.6,120.0,2998.0
Jewelry,Standard,Medium,7.6,5.55,95.5,0.875,79.6,690.0,2178.0
Woodwork,Economy,Large,9.3,6.76,65.7,0.212,135.0,512.0,3748.0
Painting,Standard,Medium,5.2,6.08,99.8,0.253,127.9,287.5,2392.0
Jewelry,Standard,Medium,7.4,5.11,54.7,0.278,104.7,690.0,2442.0
Jewelry,Economy,Medium,10.4,4.86,79.1,0.844,66.3,480.0,1943.0
BambooCane,Premium,Medium,4.8,0.5,57.2,0.757,144.3,270.0,953.0
Textile,Economy,Medium,15.7,5.01,59.0,0.704,104.0,280.0,2537.0
Textile,Economy,Medium,16.6,5.09,60.2,0.363,113.8,280.0,4312.0
Pottery,Economy,Small,4.7,4.85,100.0,0.738,76.3,67.2,791.0
Pottery,Standard,Medium,2.0,5.14,44.5,0.156,128.8,138.0,751.0
Jewelry,Standard,Medium,21.5,3.89,76.1,0.237,141.8,690.0,7812.0
BambooCane,Premium,Medium,7.0,4.46,47.1,0.553,83.2,270.0,1343.0
Woodwork,Economy,Medium,6.8,2.41,78.8,0.618,80.0,320.0,1170.0
Jewelry,Standard,Large,5.3,1.32,52.7,0.542,137.4,1104.0,2140.0
Textile,Premium,Medium,7.1,1.71,80.9,0.537,71.8,630.0,1711.0
Leatherwork,Premium,Medium,8.2,6.62,56.7,0.05,119.0,810.0,4437.0
Jewelry,Premium,Medium,7.9,0.92,64.4,0.295,136.8,1080.0,3072.0
Jewelry,Economy,Large,21.6,2.94,74.5,0.42,94.8,768.0,4186.0
BambooCane,Standard,Medium,8.0,7.76,93.6,0.231,146.8,172.5,3584.0
Metalware,Economy,Small,7.1,3.79,86.9,0.485,91.6,280.0,1701.0
Leatherwork,Economy,Medium,9.5,4.08,84.2,0.343,122.3,360.0,2762.0
Textile,Standard,Large,11.4,6.15,64.4,0.05,96.3,644.0,4094.0
Metalware,Economy,Small,7.0,3.77,81.4,0.885,98.9,280.0,1430.0
Painting,Standard,Small,7.0,2.35,77.5,0.231,95.0,201.2,1614.0
Painting,Economy,Medium,1.5,4.41,77.6,0.287,71.6,200.0,501.0
BambooCane,Economy,Medium,7.8,0.5,53.4,0.809,125.3,120.0,1101.0
BambooCane,Economy,Medium,5.4,2.37,84.6,0.86,121.2,120.0,1003.0
Pottery,Standard,Medium,7.7,1.59,57.0,0.159,96.3,138.0,1345.0
Metalware,Standard,Large,19.3,4.14,76.3,0.941,126.7,920.0,3747.0
BambooCane,Economy,Medium,12.4,2.48,73.6,0.653,70.3,120.0,1395.0
Pottery,Economy,Large,20.8,3.73,89.2,0.096,109.5,153.6,4835.0
Metalware,Premium,Large,10.5,1.52,71.5,0.436,85.9,1440.0,3774.0
BambooCane,Standard,Medium,32.6,2.18,82.9,0.169,129.8,172.5,6998.0
Leatherwork,Premium,Large,7.4,4.81,52.4,0.748,104.1,1296.0,2928.0
BambooCane,Economy,Small,4.8,2.94,72.5,0.379,146.4,84.0,1414.0
Painting,Premium,Medium,10.3,3.93,100.0,0.425,124.0,450.0,3365.0
Jewelry,Economy,Small,1.0,3.08,74.4,0.813,88.3,336.0,526.0
Leatherwork,Economy,Small,2.2,1.0,74.1,0.234,137.6,252.0,962.0
Textile,Economy,Small,2.4,6.12,45.3,0.169,148.6,196.0,1083.0
Pottery,Economy,Small,8.9,5.69,89.2,0.359,82.8,67.2,1697.0
Metalware,Standard,Medium,12.8,2.45,86.5,0.109,60.1,575.0,2373.0
Pottery,Standard,Medium,13.4,3.27,72.0,0.724,83.2,138.0,1554.0
Woodwork,Premium,Medium,12.1,2.74,69.9,0.538,137.1,720.0,3459.0
Textile,Standard,Medium,20.8,8.35,55.4,0.325,121.9,402.5,6583.0
Textile,Standard,Medium,10.8,7.15,64.2,0.426,74.4,402.5,2574.0
Textile,Economy,Medium,7.1,5.64,54.9,0.667,64.1,280.0,1088.0
BambooCane,Premium,Large,4.9,5.02,70.5,0.746,100.8,432.0,1395.0
BambooCane,Economy,Large,6.4,2.74,61.0,0.269,61.2,192.0,932.0
Pottery,Standard,Medium,10.8,6.88,71.4,0.409,131.3,138.0,3343.0
BambooCane,Standard,Small,13.9,1.19,59.3,0.254,147.5,120.7,2711.0
Pottery,Standard,Medium,2.6,2.15,82.9,0.182,70.3,138.0,600.0
Jewelry,Standard,Large,6.0,4.39,67.0,0.729,101.2,1104.0,2508.0
Painting,Standard,Medium,10.0,4.94,74.5,0.845,98.0,287.5,1895.0
Jewelry,Standard,Small,9.8,3.02,98.0,0.426,139.7,483.0,3528.0
Metalware,Economy,Small,3.7,3.77,55.3,0.364,69.3,280.0,758.0
Textile,Economy,Medium,6.4,1.45,69.8,0.427,142.4,280.0,1860.0
Leatherwork,Standard,Medium,7.3,5.17,57.8,0.744,90.6,517.5,1803.0
BambooCane,Economy,Medium,5.5,2.74,52.1,0.098,63.4,120.0,857.0
Metalware,Premium,Medium,3.7,2.31,77.8,0.505,116.5,900.0,2104.0
Woodwork,Standard,Small,10.4,2.43,71.2,0.256,117.2,322.0,2543.0
Metalware,Standard,Medium,10.0,5.37,80.5,0.636,119.4,575.0,3170.0
Metalware,Economy,Small,17.0,4.19,60.8,0.538,62.9,280.0,1908.0
BambooCane,Economy,Small,20.1,4.94,80.4,0.177,113.4,84.0,5610.0
Textile,Economy,Small,14.5,6.31,79.6,0.717,138.2,196.0,4141.0
Metalware,Economy,Large,8.2,1.39,80.5,0.276,78.0,640.0,1942.0
Leatherwork,Premium,Small,14.9,1.48,60.3,0.373,130.0,567.0,3021.0
Leatherwork,Economy,Medium,8.4,2.03,62.2,0.366,75.5,360.0,1596.0
Leatherwork,Economy,Small,17.2,3.58,77.6,0.557,89.0,252.0,2560.0
Pottery,Economy,Medium,16.3,6.19,86.0,0.515,89.9,96.0,3542.0
Painting,Economy,Small,9.6,1.04,78.5,0.375,127.6,140.0,2127.0
Painting,Premium,Medium,5.9,6.13,97.8,0.391,99.0,450.0,1933.0
Jewelry,Standard,Medium,2.5,4.6,80.5,0.834,111.5,690.0,1554.0
Metalware,Premium,Small,4.7,1.47,66.6,0.388,91.2,630.0,1519.0
Woodwork,Economy,Medium,8.0,1.66,74.4,0.805,131.9,320.0,1546.0
Woodwork,Economy,Small,7.1,8.53,41.5,0.196,109.9,224.0,2305.0
Jewelry,Standard,Medium,8.6,8.01,45.6,0.369,98.3,690.0,2932.0
Woodwork,Standard,Medium,22.1,3.18,62.1,0.321,135.7,460.0,6133.0
Woodwork,Economy,Medium,6.1,6.73,59.9,0.697,83.7,320.0,1420.0
BambooCane,Standard,Small,13.7,5.21,69.0,0.336,118.4,120.7,3589.0
Painting,Standard,Large,4.7,4.51,86.8,0.155,87.4,460.0,1719.0
Pottery,Standard,Medium,2.1,4.26,65.6,0.209,137.6,138.0,790.0
Metalware,Standard,Medium,9.4,5.78,57.9,0.116,84.0,575.0,2598.0
Leatherwork,Economy,Small,6.5,2.18,43.5,0.052,95.4,252.0,1381.0
Woodwork,Economy,Large,10.0,8.55,76.4,0.272,122.3,512.0,4475.0
Metalware,Standard,Small,3.2,4.19,72.2,0.537,149.1,402.5,1470.0
Leatherwork,Premium,Large,10.7,8.61,74.8,0.356,122.8,1296.0,7101.0
Textile,Premium,Medium,29.3,1.48,81.4,0.648,117.4,630.0,5844.0
Woodwork,Economy,Small,1.5,5.37,57.8,0.556,104.4,224.0,615.0
Textile,Standard,Medium,4.1,7.08,83.0,0.646,82.0,402.5,1295.0
Leatherwork,Economy,Large,4.7,5.34,64.2,0.441,76.0,576.0,1649.0
BambooCane,Standard,Small,4.0,1.26,99.8,0.394,104.9,120.7,890.0
Textile,Premium,Medium,7.6,5.77,94.7,0.845,104.1,630.0,2337.0
Pottery,Economy,Small,4.5,4.24,47.4,0.304,108.1,67.2,877.0
Leatherwork,Premium,Medium,7.4,2.34,67.2,0.645,65.1,810.0,1846.0
Jewelry,Premium,Medium,6.1,1.59,70.2,0.227,142.1,1080.0,3109.0
BambooCane,Premium,Large,5.9,5.13,75.9,0.32,113.1,432.0,2163.0
Jewelry,Economy,Small,5.3,1.14,51.9,0.809,73.3,336.0,705.0
Woodwork,Standard,Medium,16.0,7.34,73.3,0.408,132.4,460.0,5344.0
Woodwork,Standard,Medium,15.2,1.8,60.2,0.718,90.5,460.0,2214.0
Metalware,Premium,Large,5.0,5.81,79.5,0.239,113.6,1440.0,4751.0
BambooCane,Economy,Medium,10.5,3.98,81.1,0.822,122.9,120.0,2138.0
Textile,Economy,Medium,8.5,3.28,64.0,0.14,98.6,280.0,1815.0
Textile,Standard,Large,10.9,1.74,64.4,0.789,72.3,644.0,1913.0
Jewelry,Economy,Medium,7.1,2.64,62.2,0.11,121.0,480.0,1834.0
Woodwork,Economy,Small,10.7,3.73,74.8,0.915,115.5,224.0,1977.0
Textile,Premium,Medium,6.7,2.6,54.4,0.24,114.5,630.0,2377.0
Jewelry,Economy,Medium,6.6,2.22,74.5,0.258,119.2,480.0,2092.0
Textile,Premium,Medium,5.4,3.45,81.7,0.19,120.2,630.0,2697.0
Leatherwork,Premium,Large,6.2,2.07,69.6,0.464,79.3,1296.0,2671.0
Textile,Standard,Medium,15.3,5.95,83.9,0.786,126.1,402.5,3953.0
Woodwork,Premium,Small,6.9,3.6,61.0,0.891,126.5,504.0,1710.0
Textile,Standard,Large,5.2,2.13,66.5,0.755,134.9,644.0,1556.0
Woodwork,Economy,Large,6.8,3.16,100.0,0.289,133.0,512.0,3176.0
Jewelry,Economy,Large,12.8,3.35,59.5,0.791,68.0,768.0,1995.0
Pottery,Standard,Medium,4.8,3.47,91.6,0.582,126.7,138.0,1387.0
Textile,Standard,Large,9.1,8.82,61.6,0.358,135.2,644.0,4209.0
Leatherwork,Standard,Small,4.0,0.5,51.9,0.813,130.6,362.2,903.0
Textile,Economy,Medium,9.2,2.82,82.1,0.277,148.7,280.0,2975.0
Metalware,Standard,Large,12.4,2.65,90.4,0.482,122.6,920.0,4386.0
Leatherwork,Economy,Large,3.2,1.09,68.3,0.059,143.6,576.0,1456.0
Metalware,Economy,Small,4.7,1.99,60.2,0.712,65.9,280.0,727.0
Metalware,Standard,Medium,6.0,0.5,65.9,0.56,124.2,575.0,1694.0
Metalware,Premium,Large,17.3,4.94,90.1,0.334,80.1,1440.0,4922.0
Pottery,Standard,Small,6.1,3.89,76.4,0.238,94.9,96.6,1323.0
Leatherwork,Economy,Medium,6.4,4.56,74.9,0.323,114.3,360.0,2081.0
Leatherwork,Premium,Medium,7.3,6.73,76.3,0.643,65.9,810.0,2078.0
BambooCane,Standard,Small,5.8,6.83,50.3,0.248,92.1,120.7,1378.0
Woodwork,Premium,Small,11.3,3.31,67.5,0.911,136.8,504.0,2828.0
Pottery,Standard,Medium,6.7,1.65,57.9,0.713,131.7,138.0,1227.0
Textile,Economy,Large,7.4,2.79,63.3,0.14,129.8,448.0,2546.0
Textile,Premium,Small,4.7,1.94,68.7,0.84,106.4,441.0,1137.0
BambooCane,Economy,Medium,3.7,4.25,76.6,0.398,63.1,120.0,627.0
Jewelry,Premium,Small,8.9,4.86,83.5,0.371,125.4,756.0,3471.0
Leatherwork,Economy,Medium,4.8,3.99,70.4,0.344,81.3,360.0,1372.0
Metalware,Economy,Small,4.3,7.43,67.5,0.355,90.9,280.0,1282.0
Pottery,Standard,Small,2.1,3.22,67.5,0.866,69.9,96.6,289.0
BambooCane,Standard,Medium,7.8,0.9,54.3,0.068,94.5,172.5,1334.0
Jewelry,Premium,Large,17.0,2.77,95.9,0.5,116.3,1728.0,7000.0
Woodwork,Premium,Medium,13.1,2.49,64.4,0.252,132.5,720.0,3966.0
Woodwork,Standard,Medium,10.4,0.8,70.9,0.573,126.6,460.0,2470.0
Pottery,Premium,Medium,17.9,1.25,69.2,0.702,95.5,216.0,2649.0
Jewelry,Economy,Large,2.8,5.86,61.9,0.527,85.3,768.0,1935.0
Textile,Standard,Small,2.3,3.77,72.4,0.637,65.1,281.7,685.0
Woodwork,Economy,Small,10.3,2.63,92.4,0.196,88.8,224.0,2051.0
Painting,Economy,Large,18.9,5.03,100.0,0.85,146.0,320.0,5124.0
Leatherwork,Premium,Medium,12.5,1.79,22.7,0.86,97.8,810.0,1739.0
Woodwork,Standard,Medium,18.4,2.26,76.3,0.05,147.3,460.0,6149.0
Metalware,Standard,Medium,4.9,5.25,100.0,0.62,95.1,575.0,2217.0
Painting,Economy,Medium,6.3,3.87,73.6,0.772,64.1,200.0,963.0
Pottery,Economy,Medium,2.5,1.53,79.7,0.554,109.0,96.0,456.0
Pottery,Premium,Medium,6.1,5.7,59.7,0.337,60.4,216.0,1083.0
Painting,Standard,Small,1.7,6.32,74.9,0.196,115.5,201.2,879.0
Woodwork,Premium,Small,4.4,5.84,79.6,0.878,122.3,504.0,1866.0
Textile,Standard,Medium,10.8,2.15,70.1,0.48,97.2,402.5,2130.0
BambooCane,Economy,Medium,5.2,5.53,72.3,0.837,104.1,120.0,1035.0
Metalware,Standard,Large,4.6,2.5,75.7,0.193,133.6,920.0,2948.0
Woodwork,Standard,Small,9.9,2.63,89.3,0.348,84.8,322.0,2091.0
Woodwork,Standard,Medium,8.3,1.86,76.1,0.485,142.4,460.0,2555.0
Woodwork,Economy,Medium,17.4,4.82,89.8,0.391,88.8,320.0,4230.0
Metalware,Premium,Large,5.7,4.77,68.0,0.35,84.0,1440.0,3631.0
Jewelry,Economy,Medium,10.1,2.29,67.6,0.663,75.5,480.0,1525.0
Textile,Economy,Medium,15.0,7.06,67.2,0.445,110.9,280.0,3816.0
Metalware,Standard,Small,12.8,0.98,60.6,0.717,129.8,402.5,2561.0
Jewelry,Standard,Medium,4.2,6.81,55.0,0.314,68.3,690.0,2024.0
Painting,Economy,Medium,6.1,1.94,76.2,0.886,65.7,200.0,708.0
BambooCane,Economy,Medium,3.8,2.44,53.8,0.495,69.1,120.0,489.0
Woodwork,Premium,Medium,3.9,1.52,56.5,0.832,74.6,720.0,1210.0
Painting,Standard,Medium,9.4,8.53,67.0,0.339,64.5,287.5,2309.0
Jewelry,Premium,Small,9.2,4.36,67.8,0.514,77.5,756.0,2238.0
Pottery,Economy,Small,18.3,4.31,55.2,0.592,112.0,67.2,2811.0
Woodwork,Economy,Medium,3.8,3.69,61.1,0.172,148.0,320.0,1474.0
Jewelry,Standard,Large,3.6,1.25,84.3,0.748,124.1,1104.0,2098.0
Jewelry,Economy,Medium,11.2,2.83,55.0,0.105,77.3,480.0,2434.0
Textile,Standard,Large,9.5,5.54,49.2,0.743,82.4,644.0,2112.0
Leatherwork,Economy,Medium,8.2,6.5,66.3,0.517,129.4,360.0,2630.0
Painting,Premium,Medium,10.1,1.93,68.1,0.313,120.4,450.0,2644.0
Textile,Premium,Large,11.6,1.81,54.9,0.473,73.6,1008.0,2508.0
Metalware,Standard,Small,6.8,4.78,41.1,0.599,135.7,402.5,1697.0
Woodwork,Standard,Medium,13.9,6.59,73.1,0.635,81.4,460.0,3067.0
Metalware,Economy,Medium,5.6,1.29,77.2,0.562,80.1,400.0,1111.0
Metalware,Economy,Small,6.9,5.7,84.6,0.285,127.6,280.0,2652.0
Painting,Standard,Medium,7.9,3.29,87.5,0.15,105.8,287.5,2164.0
Textile,Standard,Medium,13.6,5.82,81.8,0.608,71.2,402.5,2937.0
Metalware,Standard,Small,21.0,2.98,84.1,0.584,145.8,402.5,5312.0
Painting,Standard,Medium,6.8,2.68,74.0,0.533,66.6,287.5,947.0
Metalware,Premium,Medium,6.1,6.5,48.7,0.126,97.0,900.0,3037.0
Pottery,Standard,Large,18.2,1.68,92.4,0.374,129.5,220.8,4245.0
Woodwork,Premium,Large,8.2,3.18,69.4,0.774,95.0,1152.0,2546.0
Woodwork,Economy,Small,2.3,6.74,82.8,0.387,105.8,224.0,1156.0
Painting,Premium,Large,9.9,6.6,80.2,0.763,135.4,720.0,3761.0
Leatherwork,Standard,Medium,8.4,0.94,78.3,0.443,68.2,517.5,1518.0
Textile,Premium,Small,3.7,5.89,71.1,0.71,87.1,441.0,1215.0
Textile,Standard,Medium,4.7,5.99,34.3,0.645,95.1,402.5,1144.0
Painting,Economy,Small,7.1,3.54,69.1,0.244,105.8,140.0,1770.0
Pottery,Standard,Large,10.4,4.31,73.5,0.807,96.9,220.8,1723.0
Woodwork,Standard,Medium,5.3,3.54,63.9,0.41,102.8,460.0,1368.0
BambooCane,Economy,Small,6.9,3.25,66.0,0.638,73.3,84.0,700.0
Painting,Standard,Medium,7.3,7.05,95.2,0.369,100.6,287.5,2476.0
Leatherwork,Standard,Medium,15.6,3.34,71.9,0.23,60.8,517.5,2519.0
BambooCane,Economy,Medium,8.8,4.27,62.8,0.383,111.4,120.0,1766.0
Woodwork,Premium,Medium,3.9,5.49,82.6,0.454,69.8,720.0,1723.0
Textile,Standard,Medium,18.3,1.51,70.8,0.571,71.1,402.5,2319.0
Textile,Standard,Large,3.7,4.33,85.2,0.247,117.8,644.0,2034.0
Woodwork,Premium,Small,11.0,3.97,79.3,0.459,99.3,504.0,2773.0
Leatherwork,Economy,Medium,11.7,3.33,78.3,0.445,137.5,360.0,3111.0
Woodwork,Standard,Small,9.2,5.71,65.7,0.286,76.1,322.0,1831.0
Textile,Standard,Large,23.2,6.38,51.0,0.142,96.5,644.0,5580.0
Leatherwork,Economy,Medium,3.5,6.19,51.6,0.686,101.3,360.0,959.0
Painting,Standard,Medium,10.8,0.84,68.5,0.56,111.2,287.5,1971.0
Jewelry,Economy,Small,1.0,2.0,89.4,0.389,113.8,336.0,743.0
Jewelry,Economy,Medium,11.1,2.09,84.7,0.38,77.5,480.0,2523.0
Pottery,Economy,Medium,18.0,2.12,85.4,0.258,85.1,96.0,2915.0
Jewelry,Economy,Large,4.5,6.17,72.4,0.655,61.7,768.0,1873.0
Pottery,Economy,Large,2.4,1.74,76.7,0.093,114.0,153.6,821.0
BambooCane,Economy,Medium,8.6,2.45,62.5,0.526,140.5,120.0,1962.0
Woodwork,Standard,Small,22.2,3.69,66.9,0.108,128.3,322.0,5910.0
Jewelry,Standard,Medium,11.9,4.7,56.6,0.725,90.3,690.0,2331.0
Painting,Economy,Medium,4.8,2.79,91.2,0.197,148.9,200.0,1447.0
Jewelry,Standard,Medium,7.5,0.7,64.1,0.416,87.3,690.0,1673.0
Woodwork,Economy,Medium,2.8,4.65,81.3,0.93,92.7,320.0,811.0
Woodwork,Standard,Small,7.5,7.37,86.7,0.282,84.5,322.0,2160.0
Woodwork,Economy,Small,25.9,0.52,82.5,0.456,91.1,224.0,4275.0
Painting,Standard,Medium,15.6,2.89,67.0,0.77,76.3,287.5,1978.0
Metalware,Economy,Medium,4.6,7.56,56.8,0.432,132.7,400.0,2064.0
Leatherwork,Premium,Small,3.1,1.68,98.2,0.834,132.7,567.0,1507.0
Pottery,Premium,Large,3.3,1.04,71.3,0.733,88.6,345.6,908.0
Pottery,Economy,Medium,19.6,5.8,91.0,0.674,79.7,96.0,3234.0
BambooCane,Economy,Small,7.3,3.61,53.4,0.829,124.6,84.0,1308.0
Jewelry,Premium,Medium,1.5,6.15,64.4,0.235,142.5,1080.0,2485.0
Metalware,Standard,Medium,9.9,4.71,81.8,0.438,89.6,575.0,2679.0
Leatherwork,Standard,Small,14.9,3.97,68.2,0.455,107.7,362.2,2929.0
Painting,Standard,Medium,13.8,5.79,78.2,0.263,92.3,287.5,3142.0
Metalware,Premium,Medium,11.1,6.64,89.7,0.634,64.6,900.0,3362.0
BambooCane,Premium,Small,7.7,1.86,76.1,0.61,129.3,189.0,1445.0
Textile,Economy,Large,2.0,4.95,63.1,0.515,89.0,448.0,1209.0
Painting,Premium,Medium,8.5,4.49,50.8,0.696,67.8,450.0,1538.0
Metalware,Standard,Medium,5.8,7.3,49.0,0.288,148.4,575.0,3166.0
Pottery,Economy,Small,17.6,4.2,78.8,0.801,133.7,67.2,3321.0
Pottery,Economy,Small,4.0,3.6,72.5,0.385,94.6,67.2,686.0
Textile,Standard,Large,6.7,0.68,69.3,0.842,120.1,644.0,1670.0
Pottery,Standard,Large,14.3,8.66,51.1,0.689,67.4,220.8,2083.0
Leatherwork,Premium,Medium,1.1,3.62,71.3,0.711,129.4,810.0,1533.0
Leatherwork,Standard,Medium,1.9,1.28,54.5,0.758,91.4,517.5,816.0
BambooCane,Economy,Large,17.8,4.3,68.5,0.427,67.3,192.0,2323.0
Textile,Standard,Medium,2.4,6.76,96.1,0.63,120.9,402.5,1401.0
BambooCane,Standard,Medium,22.0,3.47,95.9,0.8,69.7,172.5,2594.0
Metalware,Economy,Medium,5.7,5.83,68.5,0.316,73.6,400.0,1824.0
Woodwork,Economy,Large,19.3,3.72,98.1,0.344,136.1,512.0,6592.0
Metalware,Economy,Small,2.5,4.58,93.6,0.648,140.5,280.0,1170.0
Pottery,Economy,Small,6.5,5.2,80.9,0.743,97.7,67.2,1104.0
BambooCane,Standard,Medium,13.4,2.37,38.3,0.92,113.1,172.5,1758.0
Jewelry,Economy,Small,9.0,0.5,68.1,0.241,148.3,336.0,2338.0
Painting,Standard,Small,13.6,3.98,83.9,0.664,124.6,201.2,3321.0
BambooCane,Economy,Medium,10.4,1.98,64.4,0.137,91.0,120.0,1765.0
Metalware,Economy,Medium,10.9,5.78,63.1,0.497,125.4,400.0,3317.0
Jewelry,Premium,Small,18.8,0.62,92.1,0.682,65.1,756.0,2569.0
Textile,Premium,Small,13.3,4.68,51.7,0.536,143.5,441.0,3799.0
Textile,Economy,Medium,7.6,4.04,39.9,0.194,89.6,280.0,1509.0
Woodwork,Economy,Medium,8.6,1.74,74.2,0.433,90.3,320.0,1510.0
Jewelry,Economy,Large,9.3,3.69,57.1,0.372,82.3,768.0,2559.0
Pottery,Standard,Large,1.8,3.24,77.9,0.311,147.6,220.8,905.0
BambooCane,Standard,Large,1.0,4.17,84.7,0.665,72.7,276.0,529.0
Jewelry,Standard,Large,2.6,3.16,61.1,0.635,143.5,1104.0,2292.0
Leatherwork,Economy,Medium,4.4,7.55,37.3,0.335,85.3,360.0,1264.0
Woodwork,Standard,Medium,4.8,7.53,89.2,0.368,129.5,460.0,2856.0
Woodwork,Standard,Large,4.9,3.26,74.2,0.532,66.5,736.0,1801.0
Jewelry,Standard,Large,5.5,4.98,75.6,0.605,130.5,1104.0,3372.0
Textile,Premium,Medium,14.7,3.59,82.9,0.636,117.8,630.0,3530.0
BambooCane,Economy,Medium,8.0,6.64,24.0,0.608,132.4,120.0,1802.0
Pottery,Standard,Medium,15.6,4.95,51.2,0.448,84.1,138.0,2368.0
BambooCane,Premium,Medium,14.1,4.24,64.3,0.749,66.6,270.0,1871.0
Woodwork,Economy,Medium,4.6,3.2,82.0,0.249,93.2,320.0,1256.0
Jewelry,Standard,Large,3.1,5.53,79.5,0.782,75.5,1104.0,2417.0
Leatherwork,Standard,Medium,27.8,7.07,51.8,0.648,72.1,517.5,4123.0
Textile,Standard,Small,5.5,3.26,79.2,0.242,140.2,281.7,2155.0
Painting,Economy,Large,6.1,3.65,47.9,0.475,79.4,320.0,1204.0
Pottery,Standard,Small,1.8,5.57,58.6,0.596,62.2,96.6,340.0
Painting,Premium,Small,9.7,2.14,91.3,0.433,137.2,315.0,3024.0
Painting,Economy,Large,8.5,3.98,87.2,0.543,104.3,320.0,2435.0
Woodwork,Standard,Small,3.4,0.79,50.1,0.444,128.1,322.0,932.0
Leatherwork,Standard,Medium,3.8,0.58,42.2,0.543,68.5,517.5,952.0
Leatherwork,Premium,Medium,5.1,0.74,100.0,0.337,77.6,810.0,1760.0
Textile,Standard,Small,11.2,2.92,59.1,0.092,136.3,281.7,2908.0
Leatherwork,Economy,Medium,10.8,5.03,79.3,0.907,115.0,360.0,2702.0
Jewelry,Economy,Small,9.8,1.64,58.5,0.106,122.4,336.0,2674.0
BambooCane,Standard,Medium,16.3,2.06,87.6,0.593,132.9,172.5,4024.0
Woodwork,Standard,Large,3.5,2.15,80.2,0.291,148.6,736.0,2254.0
Leatherwork,Economy,Medium,9.9,4.87,79.7,0.911,111.1,360.0,2186.0
Leatherwork,Premium,Large,10.7,3.95,76.2,0.533,101.7,1296.0,3818.0
Leatherwork,Premium,Medium,3.1,2.69,65.8,0.808,147.4,810.0,1820.0
BambooCane,Standard,Small,17.4,2.89,98.5,0.725,110.7,120.7,2946.0
BambooCane,Standard,Small,12.4,2.9,63.4,0.599,89.0,120.7,1427.0
Painting,Standard,Medium,9.4,6.98,78.9,0.572,61.1,287.5,1771.0
Pottery,Economy,Medium,15.8,2.58,84.9,0.788,94.3,96.0,2185.0
Textile,Economy,Large,9.6,1.86,95.9,0.235,106.4,448.0,2858.0
Metalware,Standard,Small,11.4,5.13,88.2,0.563,87.2,402.5,2504.0
Metalware,Standard,Medium,19.4,4.19,64.0,0.438,82.9,575.0,3993.0
Leatherwork,Premium,Large,4.6,6.22,63.1,0.648,103.5,1296.0,2867.0
Metalware,Economy,Small,12.1,1.83,65.1,0.273,64.9,280.0,1448.0
BambooCane,Standard,Medium,18.5,3.77,93.7,0.42,118.6,172.5,4481.0
BambooCane,Economy,Large,9.3,6.7,100.0,0.685,72.1,192.0,2012.0
Painting,Standard,Small,9.9,1.78,77.9,0.296,137.3,201.2,2615.0
Painting,Economy,Medium,1.4,2.36,71.4,0.517,131.9,200.0,624.0
Leatherwork,Standard,Small,8.8,5.76,64.4,0.912,147.9,362.2,2234.0
Woodwork,Economy,Small,9.7,1.5,72.7,0.299,62.8,224.0,1308.0
Textile,Premium,Medium,7.0,2.06,86.1,0.514,80.8,630.0,1932.0
Woodwork,Standard,Small,6.3,4.19,68.4,0.304,60.3,322.0,1295.0
BambooCane,Premium,Medium,11.7,3.08,81.1,0.43,80.2,270.0,1768.0
Jewelry,Standard,Medium,2.5,3.54,74.5,0.803,140.8,690.0,1574.0
Jewelry,Standard,Large,13.2,1.32,47.9,0.759,122.5,1104.0,3036.0
Jewelry,Standard,Large,7.3,1.81,89.4,0.407,66.5,1104.0,2495.0
Painting,Standard,Medium,14.9,1.0,69.3,0.868,80.4,287.5,1765.0
Pottery,Premium,Medium,7.4,6.53,74.6,0.315,104.6,216.0,1975.0
Jewelry,Economy,Medium,9.2,6.32,77.6,0.247,129.9,480.0,3372.0
Jewelry,Standard,Small,7.7,0.5,87.6,0.511,115.6,483.0,1826.0
Leatherwork,Premium,Medium,26.6,4.63,73.3,0.347,144.2,810.0,8189.0
Painting,Economy,Medium,7.2,7.43,75.7,0.05,82.0,200.0,2039.0
Woodwork,Economy,Large,9.9,4.12,80.5,0.266,82.5,512.0,2568.0
Textile,Premium,Medium,6.9,6.2,95.0,0.421,108.1,630.0,2548.0
Textile,Economy,Large,17.2,3.48,78.1,0.596,109.5,448.0,3356.0
Leatherwork,Premium,Medium,4.3,0.68,86.8,0.188,78.2,810.0,1718.0
Jewelry,Standard,Large,5.4,3.1,74.5,0.801,113.1,1104.0,2345.0
BambooCane,Economy,Large,12.9,2.02,63.4,0.623,98.4,192.0,1834.0
Painting,Premium,Medium,9.1,1.54,84.9,0.694,142.3,450.0,2351.0
BambooCane,Premium,Medium,4.0,3.14,71.1,0.315,98.4,270.0,1142.0
Jewelry,Premium,Medium,13.0,3.46,88.6,0.911,108.5,1080.0,4093.0
Jewelry,Standard,Small,12.1,2.44,73.1,0.343,65.5,483.0,2046.0
Metalware,Premium,Medium,6.2,2.46,52.1,0.827,105.8,900.0,1572.0
Jewelry,Economy,Large,5.9,6.81,52.3,0.396,74.0,768.0,2523.0
Woodwork,Standard,Medium,5.2,2.63,67.4,0.314,91.6,460.0,1658.0
Textile,Economy,Medium,7.2,0.77,70.6,0.372,140.4,280.0,1815.0
Textile,Economy,Small,7.2,5.25,79.2,0.659,64.7,196.0,1311.0
Metalware,Standard,Small,28.1,0.5,49.9,0.365,136.4,402.5,4630.0
Metalware,Standard,Medium,7.9,7.87,75.9,0.788,135.4,575.0,3388.0
Jewelry,Premium,Small,12.7,4.45,51.1,0.49,76.7,756.0,2380.0
Pottery,Standard,Medium,3.8,1.99,52.5,0.678,127.0,138.0,761.0
Painting,Premium,Large,4.1,3.51,94.0,0.276,126.7,720.0,2651.0
Woodwork,Premium,Medium,32.5,4.72,71.3,0.339,135.5,720.0,10099.0
Leatherwork,Economy,Small,15.8,1.16,46.2,0.47,120.1,252.0,2953.0
Painting,Standard,Small,8.9,1.6,79.2,0.852,93.8,201.2,1257.0
Jewelry,Economy,Medium,6.7,4.36,81.8,0.121,105.9,480.0,2742.0
Metalware,Economy,Small,8.4,8.45,76.1,0.263,92.9,280.0,2752.0
Woodwork,Standard,Medium,7.7,4.73,75.5,0.096,110.0,460.0,2843.0
Leatherwork,Standard,Medium,7.8,0.58,20.0,0.719,82.3,517.5,855.0
Woodwork,Premium,Small,7.4,4.28,51.2,0.271,109.3,504.0,2101.0
Leatherwork,Economy,Medium,22.3,7.5,68.6,0.593,109.7,360.0,5684.0
Textile,Standard,Medium,7.7,2.64,52.2,0.108,148.3,402.5,2851.0
Pottery,Standard,Medium,6.5,5.87,82.5,0.9,140.6,138.0,1545.0
Pottery,Standard,Large,31.4,6.75,58.6,0.33,143.3,220.8,9104.0
Textile,Economy,Large,9.0,3.06,80.3,0.727,79.4,448.0,1713.0
Painting,Standard,Medium,8.4,4.28,76.6,0.664,107.0,287.5,1827.0
Leatherwork,Standard,Medium,7.3,4.42,79.9,0.404,87.6,517.5,2187.0
Leatherwork,Premium,Medium,18.9,1.36,92.2,0.576,98.8,810.0,4214.0
Painting,Economy,Medium,17.7,3.53,55.0,0.897,96.7,200.0,2405.0
BambooCane,Premium,Medium,6.1,0.88,59.8,0.36,76.6,270.0,942.0
Jewelry,Standard,Small,8.9,4.51,70.3,0.784,136.8,483.0,3077.0
Pottery,Standard,Large,13.3,1.76,53.4,0.873,130.4,220.8,1992.0
Pottery,Standard,Small,5.9,0.5,86.4,0.695,126.6,96.6,998.0
Jewelry,Standard,Medium,4.6,3.5,99.4,0.648,105.9,690.0,1790.0
Textile,Economy,Large,7.0,0.5,84.4,0.922,75.3,448.0,999.0
Pottery,Economy,Medium,9.2,3.24,77.4,0.547,69.3,96.0,1090.0
Woodwork,Economy,Large,11.7,3.63,83.0,0.191,111.3,512.0,3819.0
Leatherwork,Economy,Large,11.6,2.7,76.3,0.897,146.8,576.0,3110.0
BambooCane,Standard,Medium,4.5,6.47,65.3,0.833,91.8,172.5,981.0
Metalware,Premium,Medium,5.1,4.21,69.7,0.183,92.2,900.0,2825.0
Painting,Economy,Small,8.3,1.52,71.7,0.551,140.8,140.0,1841.0
Pottery,Economy,Medium,12.5,3.35,83.1,0.79,120.4,96.0,2584.0
Metalware,Economy,Medium,8.1,2.67,60.6,0.374,128.0,400.0,2033.0
Woodwork,Premium,Large,4.3,1.39,64.0,0.223,79.3,1152.0,2429.0
Textile,Standard,Medium,5.7,3.93,75.3,0.206,100.5,402.5,1879.0
Woodwork,Standard,Medium,13.4,1.97,94.1,0.543,67.6,460.0,2289.0
Pottery,Standard,Medium,14.4,5.95,55.7,0.236,62.3,138.0,2059.0
Metalware,Standard,Small,3.6,6.63,86.1,0.865,130.8,402.5,1457.0
Leatherwork,Premium,Medium,9.9,8.31,53.2,0.598,73.4,810.0,2971.0
Painting,Economy,Medium,2.1,8.6,49.6,0.424,69.6,200.0,758.0
Painting,Premium,Medium,16.6,1.35,75.3,0.333,108.7,450.0,3324.0
Metalware,Economy,Small,17.1,3.98,98.6,0.64,74.6,280.0,2776.0
Metalware,Premium,Medium,8.4,1.2,83.5,0.36,77.3,900.0,2476.0
Leatherwork,Premium,Medium,6.3,2.57,89.7,0.556,90.8,810.0,2110.0
Textile,Premium,Small,7.1,4.33,65.0,0.751,64.6,441.0,1470.0
Leatherwork,Standard,Small,5.4,2.6,72.5,0.6,90.8,362.2,1342.0
Jewelry,Standard,Medium,5.3,3.41,83.7,0.656,93.0,690.0,1889.0
Painting,Standard,Small,7.7,4.46,65.9,0.262,116.1,201.2,2143.0
Woodwork,Standard,Small,11.9,4.65,43.2,0.118,67.5,322.0,2069.0
Metalware,Premium,Medium,7.5,1.26,73.6,0.626,133.0,900.0,2334.0
Painting,Economy,Medium,18.9,0.95,70.7,0.725,91.5,200.0,1980.0
BambooCane,Premium,Small,14.0,4.27,71.2,0.644,135.5,189.0,3111.0
Pottery,Premium,Medium,9.2,3.28,100.0,0.505,146.5,216.0,2891.0
Jewelry,Economy,Medium,19.0,5.55,91.8,0.424,71.5,480.0,3979.0
Painting,Economy,Medium,1.9,2.27,65.6,0.893,129.3,200.0,576.0
Woodwork,Economy,Small,11.9,3.76,57.9,0.081,114.3,224.0,2678.0
Painting,Standard,Medium,1.4,2.55,88.4,0.421,115.2,287.5,799.0
Painting,Standard,Medium,12.7,4.03,78.8,0.263,60.2,287.5,1929.0
Textile,Premium,Large,9.3,1.12,56.7,0.664,70.9,1008.0,1907.0
Textile,Premium,Small,1.7,4.4,77.9,0.517,70.8,441.0,952.0
Pottery,Premium,Small,8.2,4.13,100.0,0.828,63.4,151.2,1066.0
Pottery,Premium,Small,5.8,0.62,95.1,0.486,67.7,151.2,883.0
Textile,Standard,Medium,9.4,3.25,97.9,0.465,136.3,402.5,3402.0
Painting,Standard,Medium,5.8,1.95,87.9,0.686,125.8,287.5,1243.0
Leatherwork,Standard,Medium,2.4,4.37,99.0,0.654,79.6,517.5,1136.0
Pottery,Premium,Medium,7.8,4.86,61.3,0.873,113.6,216.0,1703.0
Metalware,Standard,Small,5.2,3.54,50.7,0.792,119.0,402.5,1214.0
Textile,Economy,Small,8.7,3.66,70.7,0.5,141.7,196.0,2308.0
Textile,Standard,Medium,12.2,3.75,60.5,0.687,86.8,402.5,2137.0
Jewelry,Economy,Medium,8.0,3.29,69.6,0.329,130.1,480.0,2839.0
Woodwork,Standard,Medium,1.0,2.31,72.7,0.677,127.4,460.0,912.0
BambooCane,Standard,Large,1.9,5.24,75.4,0.249,126.3,276.0,994.0
Textile,Standard,Small,14.9,3.27,79.1,0.565,102.6,281.7,2916.0
Pottery,Standard,Small,4.1,3.61,57.8,0.528,124.5,96.6,943.0
Painting,Premium,Large,15.2,2.53,80.1,0.27,128.9,720.0,4760.0
Pottery,Standard,Small,3.8,2.78,88.9,0.05,122.8,96.6,1270.0
Jewelry,Standard,Medium,7.7,3.7,74.2,0.657,110.0,690.0,2517.0
Textile,Standard,Small,19.8,1.49,80.1,0.944,132.3,281.7,3025.0
Leatherwork,Premium,Large,16.8,4.29,73.2,0.347,78.2,1296.0,4859.0
BambooCane,Economy,Medium,10.4,2.25,78.7,0.702,126.5,120.0,2245.0
Pottery,Standard,Medium,13.5,1.29,85.2,0.05,149.0,138.0,3823.0
Textile,Standard,Small,9.5,2.83,94.0,0.583,83.6,281.7,1888.0
Jewelry,Premium,Medium,7.8,2.72,69.0,0.452,84.2,1080.0,2658.0
BambooCane,Economy,Small,2.5,4.46,45.9,0.522,131.5,84.0,685.0
Pottery,Premium,Large,12.3,4.55,80.8,0.095,116.4,345.6,3396.0
Metalware,Economy,Large,18.2,3.8,78.6,0.836,141.5,640.0,4438.0
Metalware,Standard,Large,15.3,6.02,91.1,0.577,82.7,920.0,4679.0
Jewelry,Premium,Medium,14.1,1.7,62.0,0.233,68.3,1080.0,3083.0
Textile,Standard,Small,10.0,4.79,76.4,0.526,124.2,281.7,2824.0
Metalware,Standard,Large,4.5,2.38,91.0,0.896,62.5,920.0,1860.0
Painting,Premium,Large,8.4,4.07,91.9,0.638,75.9,720.0,2607.0
Metalware,Economy,Small,7.3,5.22,83.3,0.604,102.4,280.0,2002.0
Painting,Standard,Medium,6.9,4.89,72.8,0.47,141.7,287.5,2358.0
Pottery,Standard,Large,2.9,5.67,37.0,0.232,73.0,220.8,799.0
Leatherwork,Standard,Large,14.7,5.92,55.5,0.203,119.0,828.0,5925.0
Jewelry,Standard,Small,4.6,6.67,47.4,0.679,98.4,483.0,1349.0
Textile,Economy,Medium,11.2,4.46,47.4,0.448,96.8,280.0,2014.0
Jewelry,Economy,Small,12.3,3.51,59.2,0.752,102.1,336.0,2038.0
BambooCane,Economy,Medium,12.0,2.48,83.4,0.491,99.2,120.0,1835.0
Pottery,Economy,Medium,8.9,3.37,59.8,0.436,142.2,96.0,2401.0
Pottery,Economy,Small,7.4,3.42,86.5,0.331,120.1,67.2,1771.0
Jewelry,Standard,Medium,13.9,2.69,85.7,0.76,139.6,690.0,3318.0
Metalware,Economy,Large,20.6,2.33,57.3,0.759,63.1,640.0,2412.0
Jewelry,Premium,Large,7.2,3.14,66.8,0.542,132.9,1728.0,3992.0
Jewelry,Economy,Medium,4.6,2.52,75.0,0.255,133.8,480.0,1933.0
Woodwork,Economy,Medium,12.7,5.48,70.8,0.79,66.6,320.0,1842.0
Painting,Economy,Small,12.2,2.07,57.9,0.418,65.1,140.0,1421.0
Painting,Standard,Large,3.3,8.05,88.4,0.16,104.3,460.0,2218.0
Painting,Standard,Small,10.5,2.89,78.6,0.065,105.3,201.2,2399.0
Pottery,Economy,Medium,8.2,2.46,63.2,0.745,98.0,96.0,1057.0
Leatherwork,Economy,Small,10.4,6.98,85.8,0.827,125.9,252.0,3011.0
Leatherwork,Standard,Small,19.2,6.52,66.9,0.769,125.1,362.2,4737.0
Metalware,Economy,Large,7.7,4.46,67.5,0.744,108.1,640.0,2321.0
BambooCane,Economy,Medium,7.7,3.43,45.3,0.553,98.7,120.0,1154.0
Woodwork,Premium,Large,9.8,3.25,66.0,0.575,97.3,1152.0,2778.0
Metalware,Standard,Medium,15.4,1.43,77.3,0.731,95.3,575.0,2491.0
Metalware,Economy,Small,11.4,1.46,62.1,0.062,77.5,280.0,2029.0
Painting,Economy,Small,5.9,8.04,71.9,0.832,100.6,140.0,1322.0
Metalware,Economy,Large,33.4,3.84,51.5,0.439,97.7,640.0,5659.0
Metalware,Premium,Medium,10.9,3.22,64.5,0.541,140.3,900.0,4056.0
Leatherwork,Premium,Large,4.7,2.85,82.7,0.152,143.6,1296.0,4078.0
Painting,Economy,Small,28.6,3.0,90.3,0.513,146.7,140.0,7878.0
Metalware,Standard,Medium,10.5,6.78,58.9,0.455,67.3,575.0,2352.0
Woodwork,Standard,Medium,10.8,5.43,74.4,0.508,86.0,460.0,2607.0
Jewelry,Standard,Medium,10.4,6.68,77.0,0.586,98.0,690.0,3043.0
Woodwork,Economy,Large,1.0,3.12,84.4,0.64,62.7,512.0,1081.0
Leatherwork,Economy,Large,14.7,6.16,46.4,0.082,119.2,576.0,4660.0
Jewelry,Economy,Large,11.7,7.75,89.5,0.282,86.3,768.0,4566.0
Leatherwork,Economy,Small,9.6,4.01,94.4,0.454,130.4,252.0,3375.0
Painting,Premium,Medium,6.2,2.46,79.0,0.605,137.5,450.0,1787.0
Leatherwork,Premium,Large,4.6,3.13,77.4,0.286,120.6,1296.0,3555.0
Metalware,Economy,Small,19.8,1.12,83.5,0.8,119.3,280.0,3365.0
Leatherwork,Economy,Large,2.9,4.77,65.1,0.261,148.0,576.0,2045.0
Painting,Standard,Small,7.0,3.18,61.1,0.815,133.0,201.2,1431.0
Woodwork,Premium,Medium,9.8,1.21,88.4,0.428,79.1,720.0,2188.0
BambooCane,Standard,Medium,5.5,1.9,89.3,0.355,88.2,172.5,1136.0
Leatherwork,Economy,Large,12.7,3.57,72.6,0.384,70.1,576.0,2543.0
Leatherwork,Premium,Small,17.4,2.19,66.5,0.236,129.2,567.0,4104.0
Jewelry,Economy,Medium,6.9,3.68,69.2,0.555,73.7,480.0,1385.0
Pottery,Standard,Small,4.3,5.82,56.6,0.181,149.1,96.6,1450.0
Leatherwork,Standard,Large,1.0,2.7,72.7,0.622,103.6,828.0,1395.0
Pottery,Premium,Medium,4.1,2.8,78.3,0.878,138.9,216.0,1051.0
Pottery,Premium,Medium,4.5,1.05,64.1,0.05,136.0,216.0,1436.0
BambooCane,Standard,Small,8.9,4.0,77.0,0.43,84.7,120.7,1516.0
Leatherwork,Standard,Medium,3.4,3.06,63.2,0.538,78.8,517.5,1173.0
Textile,Standard,Medium,9.9,2.12,60.2,0.397,75.7,402.5,1696.0
BambooCane,Economy,Small,20.6,2.16,51.9,0.69,129.0,84.0,3339.0
BambooCane,Economy,Small,6.9,0.67,66.7,0.55,103.8,84.0,1047.0
Textile,Standard,Small,9.6,1.84,76.6,0.38,106.8,281.7,2300.0
Pottery,Standard,Large,12.4,4.07,77.3,0.653,142.3,220.8,3250.0
Woodwork,Standard,Small,8.0,3.4,66.3,0.342,108.9,322.0,2023.0
Woodwork,Premium,Small,3.7,3.84,100.0,0.805,110.4,504.0,1528.0
Woodwork,Premium,Large,3.4,5.56,87.2,0.601,131.2,1152.0,2971.0
Jewelry,Standard,Small,3.9,3.37,81.3,0.581,121.2,483.0,1581.0
BambooCane,Economy,Small,5.9,2.68,56.8,0.823,115.1,84.0,985.0
Metalware,Standard,Medium,8.0,4.42,63.7,0.655,115.1,575.0,2402.0
Metalware,Economy,Small,9.2,3.42,66.4,0.759,139.8,280.0,2037.0
Leatherwork,Economy,Medium,4.9,5.29,72.6,0.475,112.2,360.0,1619.0
Woodwork,Economy,Small,6.9,2.1,36.6,0.861,131.4,224.0,1192.0
Jewelry,Economy,Medium,7.0,3.17,60.9,0.488,115.5,480.0,1833.0
Pottery,Premium,Large,14.7,6.31,85.4,0.644,93.2,345.6,3430.0
Painting,Standard,Large,8.3,8.34,94.9,0.54,67.0,460.0,2355.0
Woodwork,Standard,Small,17.8,3.43,69.9,0.517,140.6,322.0,4472.0
Jewelry,Premium,Medium,11.0,7.33,100.0,0.802,76.8,1080.0,4087.0
Jewelry,Premium,Medium,10.8,4.34,47.2,0.686,127.5,1080.0,3170.0
Painting,Standard,Medium,5.8,1.61,56.7,0.619,120.6,287.5,1338.0
Pottery,Economy,Small,5.6,2.09,50.6,0.509,69.4,67.2,625.0
Painting,Economy,Small,30.1,1.78,66.0,0.63,70.3,140.0,3123.0
BambooCane,Standard,Medium,8.5,5.78,63.2,0.592,74.2,172.5,1358.0
Metalware,Economy,Medium,11.3,5.38,81.1,0.755,85.1,400.0,1792.0
Painting,Standard,Small,5.1,3.23,68.6,0.521,82.8,201.2,1061.0
Metalware,Standard,Medium,13.2,3.38,59.3,0.546,74.5,575.0,2368.0
Textile,Economy,Small,10.3,2.39,94.1,0.939,129.5,196.0,2068.0
Leatherwork,Premium,Medium,10.8,0.99,77.1,0.236,116.0,810.0,3014.0
BambooCane,Economy,Small,7.3,5.28,67.1,0.702,67.2,84.0,916.0
BambooCane,Economy,Medium,5.3,4.03,46.9,0.67,116.2,120.0,854.0
Metalware,Premium,Large,5.9,3.31,88.4,0.246,131.9,1440.0,4488.0
Painting,Economy,Large,9.3,2.77,71.8,0.466,133.9,320.0,2716.0
Metalware,Economy,Small,14.7,5.07,100.0,0.208,145.0,280.0,5361.0
BambooCane,Economy,Small,1.7,7.02,94.4,0.836,136.0,84.0,620.0
Jewelry,Standard,Large,8.0,2.7,94.5,0.873,121.1,1104.0,3088.0
BambooCane,Economy,Medium,15.8,2.64,83.6,0.757,114.1,120.0,2399.0
Textile,Premium,Small,15.7,1.92,78.8,0.358,92.8,441.0,3255.0
Textile,Premium,Medium,7.2,2.89,74.4,0.751,96.0,630.0,1760.0
BambooCane,Premium,Medium,5.9,3.63,68.5,0.588,119.3,270.0,1564.0
Textile,Standard,Medium,6.1,3.9,95.0,0.338,107.0,402.5,2065.0
Jewelry,Economy,Small,16.9,7.46,77.5,0.569,120.3,336.0,5369.0
Jewelry,Economy,Large,10.1,5.92,75.2,0.738,127.1,768.0,2964.0
Jewelry,Economy,Medium,4.9,5.06,90.1,0.82,67.4,480.0,1477.0
BambooCane,Premium,Medium,9.0,4.35,85.0,0.301,93.9,270.0,2087.0
Leatherwork,Economy,Medium,7.7,2.8,74.5,0.62,135.0,360.0,2350.0
Leatherwork,Economy,Medium,9.0,2.48,72.4,0.609,107.3,360.0,1981.0
Metalware,Standard,Medium,9.2,0.5,78.6,0.856,74.4,575.0,1474.0
Jewelry,Economy,Medium,14.0,4.54,67.2,0.548,64.1,480.0,2241.0
Jewelry,Standard,Large,3.1,4.29,69.7,0.95,119.9,1104.0,1764.0
Leatherwork,Premium,Large,9.3,4.01,80.7,0.826,97.8,1296.0,3232.0
Painting,Premium,Small,8.4,5.61,59.0,0.144,61.2,315.0,1890.0
Painting,Standard,Medium,8.2,1.64,54.6,0.709,139.1,287.5,1887.0
Woodwork,Standard,Small,4.3,4.93,63.9,0.545,67.1,322.0,958.0
Leatherwork,Standard,Large,4.5,6.57,89.0,0.603,96.1,828.0,2618.0
Pottery,Standard,Small,5.7,6.63,73.8,0.731,67.5,96.6,845.0
Metalware,Economy,Medium,20.1,1.85,71.7,0.761,92.1,400.0,2510.0
Textile,Standard,Large,3.0,5.54,75.8,0.822,63.3,644.0,1535.0
Metalware,Standard,Medium,11.3,7.03,66.2,0.95,83.8,575.0,2268.0
Leatherwork,Economy,Large,10.7,3.77,87.5,0.586,79.4,576.0,2728.0
Metalware,Premium,Small,3.1,4.63,79.0,0.465,127.8,630.0,2098.0
Woodwork,Premium,Small,13.3,4.08,73.5,0.345,124.0,504.0,4053.0
Woodwork,Standard,Medium,16.8,4.63,78.9,0.721,138.6,460.0,3950.0
BambooCane,Economy,Small,10.5,2.82,75.5,0.493,93.4,84.0,1733.0
Jewelry,Standard,Large,15.3,6.09,57.5,0.307,84.5,1104.0,5055.0
Woodwork,Economy,Small,4.7,5.33,71.1,0.747,129.7,224.0,1414.0
Metalware,Premium,Small,6.7,2.44,55.4,0.879,123.1,630.0,1700.0
BambooCane,Premium,Large,9.1,3.07,100.0,0.172,112.4,432.0,3138.0
Metalware,Economy,Small,6.9,5.37,57.5,0.197,136.6,280.0,2360.0
Metalware,Standard,Large,6.7,0.5,93.8,0.41,139.8,920.0,3087.0
Woodwork,Standard,Large,13.1,1.18,84.2,0.532,99.7,736.0,3058.0
Woodwork,Premium,Medium,1.5,0.76,85.8,0.152,108.8,720.0,1455.0
Metalware,Standard,Medium,14.2,3.09,61.5,0.666,66.0,575.0,2093.0
Metalware,Standard,Large,15.4,3.17,53.2,0.862,126.1,920.0,3036.0
Metalware,Standard,Small,11.8,7.2,77.8,0.139,138.6,402.5,5066.0
Metalware,Premium,Medium,4.8,4.65,60.9,0.912,129.0,900.0,2128.0
Painting,Economy,Large,14.5,1.94,71.9,0.145,76.0,320.0,2362.0
Jewelry,Standard,Small,12.7,1.0,72.8,0.432,67.0,483.0,1905.0
Textile,Economy,Large,11.5,7.45,75.9,0.826,70.0,448.0,2359.0
Leatherwork,Premium,Small,9.8,5.24,83.0,0.328,129.0,567.0,3526.0
Painting,Standard,Large,4.2,4.72,48.9,0.834,78.9,460.0,1152.0
Painting,Economy,Medium,7.3,5.24,76.7,0.727,77.1,200.0,1315.0
Pottery,Economy,Medium,17.6,5.35,66.5,0.37,101.2,96.0,3463.0
Textile,Economy,Medium,2.9,8.34,86.6,0.546,85.9,280.0,1270.0
Pottery,Standard,Large,6.9,4.76,53.1,0.81,127.5,220.8,1439.0
Painting,Premium,Medium,8.0,4.71,66.4,0.205,104.7,450.0,2692.0
Metalware,Standard,Small,15.9,5.7,78.1,0.12,81.9,402.5,3919.0
Textile,Standard,Medium,10.9,8.97,90.6,0.664,123.3,402.5,4177.0
Metalware,Economy,Large,12.6,3.63,81.9,0.208,143.9,640.0,5519.0
Jewelry,Economy,Small,13.7,6.91,57.7,0.374,70.3,336.0,2537.0
Painting,Standard,Medium,1.7,1.65,65.4,0.363,79.2,287.5,619.0
BambooCane,Standard,Medium,3.4,4.89,60.6,0.191,77.2,172.5,972.0
Leatherwork,Economy,Small,14.6,3.89,66.7,0.598,78.2,252.0,2194.0
Pottery,Economy,Large,7.5,1.68,73.9,0.947,81.9,153.6,848.0
BambooCane,Premium,Medium,6.8,5.59,64.9,0.922,123.3,270.0,1505.0
Textile,Standard,Small,9.4,3.52,43.8,0.266,143.0,281.7,2447.0
Metalware,Standard,Medium,6.4,3.77,54.3,0.264,148.9,575.0,2561.0
Leatherwork,Economy,Medium,6.2,3.85,76.6,0.716,70.9,360.0,1205.0
Metalware,Standard,Small,7.5,0.84,83.9,0.405,88.5,402.5,1704.0
Woodwork,Standard,Large,3.2,2.09,70.4,0.676,76.9,736.0,1193.0
Leatherwork,Standard,Small,5.5,3.7,61.4,0.484,86.1,362.2,1363.0
Pottery,Premium,Large,5.7,3.4,86.5,0.539,68.7,345.6,1216.0
BambooCane,Economy,Small,16.8,6.78,77.3,0.415,84.7,84.0,3396.0
Jewelry,Economy,Medium,14.2,3.72,58.0,0.503,65.8,480.0,2321.0
Pottery,Standard,Medium,17.3,1.24,91.2,0.381,128.3,138.0,3273.0
Jewelry,Standard,Medium,5.1,5.58,100.0,0.803,133.1,690.0,2454.0
BambooCane,Premium,Large,7.5,3.55,70.8,0.251,63.5,432.0,1627.0
Jewelry,Premium,Medium,12.3,3.59,55.6,0.542,136.9,1080.0,4319.0
Leatherwork,Economy,Medium,11.3,4.64,77.4,0.817,92.7,360.0,2157.0
Painting,Standard,Large,10.5,0.55,100.0,0.332,149.0,460.0,2814.0
Pottery,Economy,Medium,1.0,2.22,59.2,0.181,147.3,96.0,399.0
BambooCane,Economy,Medium,8.2,3.24,85.3,0.358,148.2,120.0,2320.0
Jewelry,Standard,Small,12.6,3.28,80.6,0.651,75.2,483.0,2172.0
Metalware,Standard,Large,15.2,4.67,62.8,0.439,128.2,920.0,5026.0
Jewelry,Economy,Medium,6.3,5.36,88.3,0.595,95.7,480.0,2047.0
Leatherwork,Economy,Small,12.5,4.36,52.3,0.697,147.0,252.0,3128.0
BambooCane,Standard,Large,12.3,5.39,45.8,0.634,128.7,276.0,2759.0
Metalware,Premium,Large,15.7,6.09,63.5,0.581,122.0,1440.0,5441.0
Jewelry,Premium,Small,16.1,5.78,57.7,0.724,86.0,756.0,3653.0
Textile,Premium,Large,3.8,5.23,61.9,0.383,71.1,1008.0,2448.0
Leatherwork,Economy,Medium,4.7,1.46,68.8,0.383,148.8,360.0,1368.0
Pottery,Economy,Medium,7.2,5.71,46.7,0.665,106.3,96.0,1293.0
Woodwork,Economy,Medium,9.4,6.72,86.3,0.681,93.6,320.0,2260.0
Metalware,Economy,Small,6.7,6.99,87.1,0.499,140.3,280.0,2711.0
Pottery,Standard,Medium,5.7,6.85,45.5,0.439,130.2,138.0,1620.0
Leatherwork,Economy,Large,7.5,1.81,67.9,0.816,109.6,576.0,1422.0
BambooCane,Standard,Medium,3.9,4.44,74.6,0.774,95.0,172.5,837.0
BambooCane,Standard,Medium,18.4,0.75,68.2,0.552,134.2,172.5,3637.0
Woodwork,Economy,Small,13.6,8.6,45.5,0.738,63.4,224.0,1773.0
Metalware,Standard,Small,4.5,4.29,76.5,0.861,69.1,402.5,946.0
Textile,Standard,Large,6.9,2.42,69.9,0.938,61.5,644.0,1206.0
Metalware,Economy,Small,14.1,2.0,50.0,0.586,80.3,280.0,1856.0
Leatherwork,Standard,Medium,16.7,5.82,67.6,0.277,85.0,517.5,4482.0
Metalware,Economy,Small,2.7,2.4,73.2,0.455,118.7,280.0,1023.0
Woodwork,Standard,Small,1.7,3.76,65.9,0.178,79.8,322.0,888.0
Jewelry,Economy,Medium,2.1,3.14,80.6,0.537,121.3,480.0,1010.0
BambooCane,Premium,Medium,12.8,5.58,80.7,0.703,98.6,270.0,2615.0
Woodwork,Economy,Medium,15.8,3.14,100.0,0.558,106.3,320.0,3851.0
Metalware,Standard,Medium,5.4,0.92,46.2,0.501,147.9,575.0,1545.0
Painting,Standard,Small,11.1,4.62,78.7,0.949,141.8,201.2,2281.0
Woodwork,Premium,Small,20.0,1.71,58.5,0.305,73.6,504.0,3062.0
Metalware,Premium,Medium,14.9,1.62,70.7,0.605,125.9,900.0,4060.0
Metalware,Economy,Small,1.0,4.04,65.4,0.288,62.0,280.0,615.0
Metalware,Standard,Small,5.3,5.9,79.2,0.066,114.8,402.5,2918.0
Metalware,Standard,Small,5.8,6.47,45.0,0.119,120.6,402.5,2152.0
Leatherwork,Standard,Small,6.4,2.24,61.2,0.445,116.4,362.2,1485.0
Pottery,Economy,Small,5.5,4.62,68.9,0.889,145.6,67.2,1032.0
Textile,Premium,Medium,6.7,6.37,36.8,0.682,113.7,630.0,2049.0
Pottery,Economy,Small,9.1,3.13,80.5,0.395,133.0,67.2,2174.0
Pottery,Premium,Large,12.7,1.79,72.1,0.304,112.0,345.6,2584.0
BambooCane,Standard,Medium,1.6,0.96,66.1,0.205,98.5,172.5,513.0
Leatherwork,Economy,Medium,2.2,4.93,92.0,0.359,127.0,360.0,1229.0
Metalware,Economy,Large,3.8,3.63,82.0,0.78,115.3,640.0,1587.0
Jewelry,Standard,Small,7.7,2.73,75.1,0.719,75.6,483.0,1400.0
Pottery,Standard,Medium,7.4,3.03,45.0,0.844,83.2,138.0,701.0
Jewelry,Standard,Large,13.4,3.62,84.8,0.05,107.5,1104.0,5760.0
Jewelry,Economy,Small,7.1,2.5,69.5,0.938,77.6,336.0,1012.0
Leatherwork,Standard,Medium,6.6,7.81,67.1,0.924,64.1,517.5,1795.0
Leatherwork,Standard,Medium,7.7,1.55,84.2,0.835,103.8,517.5,1617.0
Leatherwork,Standard,Small,10.1,6.56,75.1,0.801,110.7,362.2,2344.0
BambooCane,Standard,Small,14.0,2.73,53.8,0.67,142.8,120.7,2835.0
Painting,Standard,Small,5.5,2.14,48.3,0.317,110.9,201.2,1094.0
Leatherwork,Premium,Large,4.5,1.09,66.4,0.522,100.7,1296.0,2365.0
Textile,Standard,Medium,1.0,4.84,79.6,0.216,111.3,402.5,1276.0
BambooCane,Economy,Small,7.0,1.7,81.8,0.469,124.6,84.0,1312.0
BambooCane,Standard,Small,5.9,0.5,83.3,0.625,87.4,120.7,882.0
Woodwork,Standard,Medium,2.1,2.79,93.8,0.457,101.7,460.0,1227.0
BambooCane,Standard,Medium,4.6,0.88,75.5,0.656,83.2,172.5,691.0
Metalware,Standard,Large,5.7,6.86,73.1,0.475,92.0,920.0,2528.0
Painting,Standard,Medium,6.7,1.61,64.8,0.632,123.3,287.5,1424.0
Woodwork,Economy,Large,4.7,1.8,78.9,0.25,100.7,512.0,1580.0
Leatherwork,Economy,Large,11.3,2.69,68.9,0.359,144.0,576.0,3221.0
Jewelry,Premium,Medium,4.9,4.96,48.7,0.301,91.1,1080.0,2426.0
Painting,Standard,Large,16.3,3.65,47.7,0.323,96.2,460.0,2924.0
Textile,Standard,Medium,3.1,2.2,61.0,0.592,128.0,402.5,1050.0
BambooCane,Premium,Large,7.0,4.7,76.9,0.786,127.5,432.0,1905.0
BambooCane,Economy,Large,4.7,3.42,84.3,0.845,116.6,192.0,999.0
Painting,Standard,Large,2.8,3.24,87.7,0.236,130.0,460.0,1540.0
BambooCane,Standard,Medium,8.1,6.75,74.4,0.662,75.2,172.5,1340.0
Textile,Economy,Large,4.0,3.11,68.5,0.482,144.6,448.0,1513.0
Metalware,Economy,Small,3.4,5.69,74.6,0.897,72.0,280.0,825.0
Leatherwork,Standard,Large,8.5,3.32,79.5,0.621,118.0,828.0,2727.0
BambooCane,Premium,Medium,4.7,4.91,84.5,0.176,88.2,270.0,1595.0
Leatherwork,Standard,Small,12.9,1.97,91.9,0.358,134.9,362.2,3536.0
Metalware,Standard,Small,6.0,3.88,76.0,0.6,114.4,402.5,1821.0
Pottery,Premium,Medium,13.4,2.52,88.6,0.731,146.9,216.0,3133.0
Leatherwork,Premium,Large,11.1,4.24,62.3,0.734,136.6,1296.0,3945.0
Metalware,Economy,Small,11.4,4.46,57.3,0.342,85.0,280.0,2171.0
Metalware,Standard,Small,4.5,6.08,69.2,0.256,98.6,402.5,1669.0
Leatherwork,Economy,Large,7.5,2.56,80.4,0.061,138.7,576.0,2894.0
Pottery,Premium,Medium,4.1,5.01,23.3,0.534,147.4,216.0,1119.0
Painting,Premium,Large,11.0,2.2,95.5,0.436,98.1,720.0,2747.0
Jewelry,Economy,Small,12.7,3.05,90.8,0.551,85.5,336.0,2197.0
Textile,Standard,Small,12.2,3.47,27.0,0.458,141.9,281.7,2770.0
Jewelry,Standard,Small,11.2,4.43,60.2,0.575,76.1,483.0,2079.0
Pottery,Economy,Medium,6.2,3.46,70.2,0.887,91.7,96.0,832.0
Metalware,Economy,Small,11.7,7.22,64.8,0.59,77.1,280.0,2070.0
Metalware,Economy,Medium,18.4,4.23,59.8,0.945,70.5,400.0,2218.0
Painting,Economy,Medium,6.4,4.17,85.6,0.694,111.5,200.0,1558.0
Painting,Economy,Medium,1.4,1.76,69.5,0.611,122.0,200.0,508.0
Leatherwork,Economy,Medium,4.8,1.88,62.2,0.503,133.8,360.0,1442.0
Textile,Economy,Small,17.0,3.24,61.6,0.473,146.3,196.0,4521.0
Jewelry,Economy,Small,3.2,6.89,66.0,0.744,135.2,336.0,1151.0
Textile,Economy,Small,12.4,1.04,59.4,0.094,86.3,196.0,1698.0
Woodwork,Standard,Medium,3.5,3.53,84.3,0.712,71.6,460.0,1100.0
Pottery,Standard,Small,2.2,3.9,62.8,0.553,146.1,96.6,683.0
BambooCane,Economy,Large,9.7,5.71,100.0,0.761,131.2,192.0,3166.0
Painting,Economy,Small,22.0,3.48,89.2,0.517,118.5,140.0,5064.0
Painting,Standard,Large,10.8,2.52,63.5,0.869,107.4,460.0,1869.0
Woodwork,Economy,Small,5.4,0.66,61.5,0.226,93.3,224.0,923.0
Woodwork,Economy,Small,10.1,5.75,70.9,0.837,79.1,224.0,1635.0
Jewelry,Standard,Large,10.3,0.73,58.9,0.191,82.3,1104.0,2680.0
Pottery,Economy,Small,11.3,2.78,70.3,0.753,140.2,67.2,2211.0
Jewelry,Premium,Large,4.4,2.82,69.2,0.714,65.6,1728.0,2885.0
Painting,Premium,Medium,4.7,1.69,77.1,0.769,74.0,450.0,1050.0
Textile,Economy,Small,7.8,4.72,90.9,0.687,90.3,196.0,1838.0
Metalware,Premium,Small,12.5,8.11,75.4,0.517,64.9,630.0,3083.0
BambooCane,Standard,Large,6.3,4.45,75.0,0.45,77.1,276.0,1431.0
Leatherwork,Premium,Small,32.2,7.52,72.2,0.194,77.8,567.0,6898.0
Metalware,Economy,Large,16.3,3.51,90.1,0.424,76.7,640.0,3478.0
Woodwork,Economy,Medium,13.8,1.44,65.9,0.922,77.7,320.0,1461.0
Leatherwork,Standard,Medium,2.9,1.96,72.3,0.197,85.6,517.5,1082.0
Textile,Standard,Medium,11.2,4.47,91.1,0.915,89.7,402.5,2116.0
Jewelry,Standard,Large,2.8,5.36,55.1,0.439,128.2,1104.0,2386.0
Painting,Economy,Small,3.7,7.4,99.5,0.614,118.0,140.0,1094.0
Metalware,Economy,Medium,4.5,3.88,58.2,0.698,78.0,400.0,1000.0
Jewelry,Standard,Medium,5.6,5.05,69.4,0.659,129.3,690.0,2090.0
Textile,Economy,Large,9.9,0.5,83.7,0.217,65.0,448.0,1687.0
Leatherwork,Economy,Medium,9.9,4.8,80.6,0.225,79.4,360.0,2524.0
Painting,Standard,Medium,4.9,2.66,90.9,0.437,148.8,287.5,1758.0
Jewelry,Economy,Large,8.6,3.75,84.6,0.395,76.4,768.0,2565.0
BambooCane,Economy,Medium,11.3,5.19,48.9,0.628,82.4,120.0,1318.0
Jewelry,Premium,Medium,6.3,4.36,59.5,0.062,114.6,1080.0,3724.0
Painting,Premium,Small,6.2,5.44,63.5,0.339,78.9,315.0,1517.0
Leatherwork,Premium,Large,5.8,2.49,65.4,0.21,61.7,1296.0,2780.0
Metalware,Economy,Large,6.8,1.55,80.7,0.95,66.4,640.0,1148.0
Pottery,Premium,Medium,5.3,3.58,76.9,0.406,107.4,216.0,1605.0
Woodwork,Standard,Medium,4.3,3.44,64.2,0.799,134.6,460.0,1315.0
Textile,Standard,Medium,4.3,6.46,88.5,0.324,92.3,402.5,1715.0
Pottery,Economy,Small,15.1,5.55,60.7,0.414,102.1,67.2,2250.0
BambooCane,Standard,Large,3.0,4.56,95.8,0.743,86.7,276.0,910.0
Leatherwork,Premium,Medium,5.8,7.87,61.1,0.787,115.6,810.0,2346.0
Pottery,Premium,Large,7.1,7.76,81.6,0.348,129.6,345.6,2942.0
Jewelry,Economy,Medium,4.6,1.09,78.7,0.307,139.1,480.0,1638.0
Woodwork,Premium,Small,3.2,1.22,82.3,0.279,109.9,504.0,1358.0
Jewelry,Standard,Medium,4.2,4.16,46.1,0.728,71.4,690.0,1227.0
Metalware,Premium,Medium,19.5,2.29,69.5,0.703,89.0,900.0,3609.0
BambooCane,Standard,Medium,13.9,5.4,51.0,0.41,103.2,172.5,2913.0
Metalware,Economy,Medium,13.0,7.35,67.5,0.88,132.7,400.0,2765.0
Leatherwork,Premium,Small,13.3,0.5,80.7,0.515,147.8,567.0,2854.0
Pottery,Economy,Small,6.5,2.48,75.2,0.638,108.8,67.2,1220.0
Jewelry,Economy,Large,15.0,3.91,81.9,0.121,137.4,768.0,5239.0
Textile,Standard,Small,8.5,2.24,78.3,0.305,104.6,281.7,1815.0
Leatherwork,Premium,Large,7.6,2.86,70.9,0.458,116.8,1296.0,3595.0
Textile,Economy,Small,13.3,6.93,70.1,0.638,113.0,196.0,2389.0
Textile,Premium,Medium,1.4,2.94,82.1,0.13,101.2,630.0,1467.0
Leatherwork,Standard,Medium,9.8,4.33,64.9,0.381,113.2,517.5,3056.0
Metalware,Economy,Small,3.4,2.22,80.9,0.308,63.2,280.0,828.0
Woodwork,Standard,Medium,14.1,2.27,81.8,0.286,109.7,460.0,3706.0
Woodwork,Premium,Medium,7.9,6.77,92.9,0.52,75.6,720.0,2902.0
BambooCane,Standard,Medium,5.5,3.57,64.1,0.583,136.5,172.5,1705.0
Metalware,Standard,Medium,17.4,6.89,100.0,0.142,118.0,575.0,7559.0
Painting,Economy,Small,5.3,7.26,90.5,0.195,81.2,140.0,1377.0
Jewelry,Premium,Medium,7.9,4.69,73.7,0.125,118.6,1080.0,4438.0
Pottery,Economy,Small,11.0,1.95,77.3,0.502,116.7,67.2,2044.0
BambooCane,Economy,Medium,10.3,7.63,56.2,0.272,76.4,120.0,2062.0
Painting,Economy,Medium,11.7,7.05,46.9,0.39,122.8,200.0,3035.0
Metalware,Standard,Medium,9.0,4.4,63.8,0.714,139.9,575.0,2767.0
Painting,Standard,Medium,12.3,6.08,84.9,0.385,140.1,287.5,4541.0
Pottery,Standard,Medium,9.9,1.1,65.4,0.521,117.2,138.0,1643.0
Pottery,Economy,Large,3.1,4.29,75.4,0.461,68.8,153.6,568.0
Pottery,Standard,Large,10.7,4.02,88.7,0.166,78.4,220.8,2392.0
Painting,Economy,Small,9.2,4.96,95.0,0.123,146.1,140.0,3923.0
Woodwork,Standard,Medium,10.3,4.06,73.3,0.275,71.7,460.0,1890.0
Woodwork,Premium,Small,5.6,4.71,79.6,0.076,71.9,504.0,2301.0
Metalware,Standard,Large,15.6,5.36,67.4,0.185,60.8,920.0,4007.0
Leatherwork,Premium,Medium,15.2,1.8,48.6,0.332,117.5,810.0,3592.0
Jewelry,Standard,Medium,20.6,2.05,71.6,0.83,146.6,690.0,5064.0
Painting,Standard,Medium,16.9,2.21,85.8,0.766,82.8,287.5,2530.0
Leatherwork,Economy,Small,7.9,2.37,54.7,0.834,113.1,252.0,1324.0
Pottery,Premium,Medium,12.5,2.63,74.1,0.774,70.6,216.0,1458.0
Painting,Economy,Medium,10.0,0.86,68.8,0.658,85.8,200.0,1429.0
Painting,Economy,Small,9.9,3.02,62.2,0.84,69.7,140.0,1061.0
Textile,Economy,Medium,5.5,1.85,63.3,0.691,74.5,280.0,983.0
Woodwork,Economy,Small,10.4,3.31,72.6,0.925,132.4,224.0,2244.0
Metalware,Premium,Medium,4.0,6.37,66.2,0.103,115.4,900.0,2741.0
Painting,Economy,Small,7.0,0.5,75.8,0.21,61.9,140.0,1025.0
Leatherwork,Standard,Medium,10.9,4.23,72.2,0.778,121.0,517.5,2679.0
Pottery,Economy,Medium,2.4,5.44,59.0,0.221,143.1,96.0,815.0
Leatherwork,Standard,Small,19.3,5.31,52.3,0.534,76.4,362.2,2650.0
Textile,Standard,Small,13.3,5.59,76.9,0.751,83.0,281.7,2550.0
Pottery,Premium,Small,5.7,1.82,66.8,0.758,99.2,151.2,1012.0
Metalware,Premium,Small,4.0,9.1,65.9,0.814,106.4,630.0,2046.0
Textile,Premium,Medium,7.5,2.99,49.1,0.379,109.1,630.0,2043.0
Pottery,Economy,Large,11.2,4.19,59.5,0.27,101.6,153.6,2451.0
Woodwork,Premium,Medium,9.9,4.55,72.5,0.546,83.7,720.0,2799.0
Metalware,Economy,Small,9.2,2.56,43.6,0.201,133.3,280.0,2491.0
Woodwork,Economy,Medium,11.8,3.14,72.8,0.687,147.2,320.0,3144.0
Painting,Economy,Small,4.4,5.33,57.0,0.512,99.5,140.0,1002.0
BambooCane,Economy,Medium,12.4,3.09,83.4,0.535,70.5,120.0,1795.0
Woodwork,Premium,Small,3.7,6.82,67.8,0.632,70.0,504.0,1454.0
Textile,Standard,Medium,8.7,1.88,80.4,0.341,91.4,402.5,1676.0
BambooCane,Economy,Medium,11.8,2.5,43.8,0.615,147.3,120.0,2131.0
Pottery,Premium,Large,20.9,3.12,80.6,0.777,72.3,345.6,2593.0
Pottery,Economy,Medium,15.7,4.46,100.0,0.278,69.2,96.0,2590.0
Pottery,Standard,Small,20.8,1.51,52.2,0.622,74.8,96.6,2039.0
Metalware,Economy,Small,2.8,4.89,64.2,0.864,140.5,280.0,1015.0
Painting,Economy,Medium,10.2,7.61,56.2,0.583,117.9,200.0,2677.0
Painting,Standard,Medium,3.7,1.52,75.3,0.412,89.6,287.5,806.0
Jewelry,Economy,Medium,8.7,5.68,73.9,0.644,72.4,480.0,2079.0
Metalware,Economy,Small,14.6,8.03,70.4,0.862,84.3,280.0,2638.0
BambooCane,Economy,Medium,7.6,6.32,91.0,0.625,124.0,120.0,2330.0
Metalware,Standard,Small,1.0,2.0,48.4,0.755,116.9,402.5,576.0
Metalware,Economy,Small,9.1,7.38,64.0,0.212,114.7,280.0,2774.0
Jewelry,Standard,Medium,5.6,5.92,100.0,0.584,120.5,690.0,2938.0
BambooCane,Economy,Medium,5.0,6.72,58.7,0.328,77.6,120.0,1018.0
Painting,Economy,Small,5.6,3.68,58.6,0.335,136.7,140.0,1466.0
Painting,Economy,Medium,5.7,5.93,64.4,0.62,65.9,200.0,948.0
Woodwork,Premium,Small,11.2,3.04,76.7,0.062,140.5,504.0,4573.0
Woodwork,Premium,Small,5.5,1.54,88.3,0.674,73.7,504.0,1250.0
Leatherwork,Economy,Small,16.0,3.72,68.3,0.28,122.4,252.0,4453.0
Leatherwork,Economy,Large,9.6,2.92,100.0,0.94,81.0,576.0,1656.0
Leatherwork,Economy,Small,8.9,3.35,61.5,0.509,82.8,252.0,1540.0
BambooCane,Economy,Medium,6.3,4.56,68.6,0.685,132.4,120.0,1091.0
Leatherwork,Economy,Small,6.8,2.54,56.3,0.771,146.5,252.0,1468.0
Jewelry,Economy,Medium,14.1,4.25,56.4,0.762,101.9,480.0,2712.0
BambooCane,Premium,Small,5.3,7.59,64.5,0.727,111.1,189.0,1237.0
Painting,Economy,Medium,13.1,3.36,100.0,0.12,148.2,200.0,4549.0
Pottery,Economy,Medium,16.0,2.79,100.0,0.857,104.8,96.0,2783.0
BambooCane,Standard,Large,13.2,6.14,86.2,0.73,105.3,276.0,2822.0
Woodwork,Economy,Small,14.0,4.4,56.7,0.95,101.8,224.0,2095.0
Jewelry,Economy,Medium,10.1,2.78,51.4,0.529,88.3,480.0,1827.0
Leatherwork,Economy,Small,21.4,2.05,59.5,0.415,92.6,252.0,3188.0
Painting,Standard,Small,16.1,5.33,41.4,0.351,71.8,201.2,2580.0
Painting,Standard,Small,13.4,6.05,68.0,0.146,97.1,201.2,3692.0
Jewelry,Economy,Medium,7.4,4.8,93.7,0.834,113.0,480.0,2338.0
Jewelry,Standard,Small,15.9,4.3,55.8,0.456,106.7,483.0,3257.0
Leatherwork,Premium,Large,7.1,1.59,56.2,0.573,138.7,1296.0,2971.0
Textile,Standard,Large,5.6,2.44,51.9,0.24,88.6,644.0,1626.0
Metalware,Premium,Small,14.0,2.38,33.1,0.567,86.9,630.0,2102.0
Leatherwork,Premium,Large,11.9,4.05,62.8,0.319,83.3,1296.0,3967.0
Pottery,Economy,Small,13.4,4.7,56.7,0.102,68.8,67.2,1780.0
Jewelry,Economy,Medium,6.6,1.22,66.2,0.241,137.6,480.0,1967.0
Metalware,Economy,Medium,11.0,0.98,75.2,0.389,123.9,400.0,2435.0
Leatherwork,Premium,Small,21.4,6.65,86.7,0.663,108.6,567.0,6436.0
Pottery,Economy,Large,10.6,4.35,71.6,0.796,128.3,153.6,2663.0
BambooCane,Standard,Medium,3.8,4.97,63.4,0.602,116.5,172.5,1113.0
Textile,Premium,Small,6.4,4.68,44.7,0.569,133.3,441.0,1829.0
Woodwork,Economy,Small,5.2,2.72,83.8,0.251,124.5,224.0,1632.0
Metalware,Economy,Medium,6.3,4.83,68.4,0.418,89.1,400.0,1745.0
Woodwork,Standard,Small,5.5,4.81,96.6,0.772,85.8,322.0,1398.0
Leatherwork,Economy,Small,4.9,4.85,72.1,0.293,98.5,252.0,1520.0
Woodwork,Standard,Medium,10.9,2.19,82.0,0.466,120.7,460.0,2875.0
Woodwork,Standard,Large,3.3,2.56,49.0,0.713,91.1,736.0,1298.0
Woodwork,Premium,Large,5.9,6.45,85.8,0.571,85.3,1152.0,3657.0
Woodwork,Standard,Medium,8.5,5.11,42.7,0.607,142.5,460.0,2102.0
Textile,Economy,Small,9.7,1.19,79.5,0.575,74.3,196.0,1150.0
Metalware,Economy,Small,6.7,5.19,88.4,0.335,149.4,280.0,2798.0
Painting,Standard,Large,11.0,2.66,91.0,0.368,149.9,460.0,3691.0
BambooCane,Economy,Small,16.1,3.54,69.2,0.763,100.4,84.0,2511.0
Metalware,Standard,Medium,12.0,3.81,64.1,0.237,77.7,575.0,3086.0
Metalware,Economy,Medium,11.1,3.79,42.6,0.531,71.4,400.0,1899.0
Jewelry,Standard,Small,10.9,6.43,61.3,0.518,118.6,483.0,3310.0
Leatherwork,Standard,Medium,10.0,3.86,62.6,0.321,78.1,517.5,2241.0
Jewelry,Premium,Small,7.1,3.45,38.7,0.479,102.0,756.0,1855.0
Metalware,Premium,Small,9.4,6.38,85.7,0.215,111.9,630.0,4118.0
Textile,Standard,Medium,2.5,4.12,74.7,0.336,78.9,402.5,1112.0
Woodwork,Premium,Medium,2.8,3.68,88.4,0.361,101.5,720.0,2097.0
Textile,Standard,Medium,10.9,3.72,76.5,0.768,116.5,402.5,2507.0
BambooCane,Premium,Small,11.4,1.44,100.0,0.388,70.9,189.0,1692.0
Jewelry,Premium,Medium,10.7,0.87,53.2,0.633,127.4,1080.0,2559.0
Jewelry,Premium,Medium,4.4,2.36,74.2,0.737,68.7,1080.0,1816.0
Pottery,Standard,Small,1.6,2.63,64.5,0.304,64.0,96.6,325.0
Jewelry,Economy,Large,4.5,0.7,76.7,0.938,91.6,768.0,1317.0
Painting,Standard,Small,4.3,6.77,54.5,0.308,124.2,201.2,1543.0
Metalware,Premium,Medium,11.3,3.29,100.0,0.05,77.0,900.0,3712.0
Metalware,Economy,Medium,1.5,3.45,78.2,0.35,93.0,400.0,938.0
BambooCane,Premium,Large,3.7,2.43,70.0,0.436,115.1,432.0,1322.0
BambooCane,Standard,Medium,10.2,5.77,85.2,0.292,117.3,172.5,3310.0
Jewelry,Economy,Small,1.5,4.57,45.8,0.342,146.7,336.0,979.0
Woodwork,Standard,Small,9.9,5.26,100.0,0.766,67.6,322.0,1825.0
Woodwork,Economy,Small,2.9,3.11,84.4,0.35,95.4,224.0,930.0
Pottery,Economy,Medium,9.4,1.7,72.5,0.621,131.8,96.0,1891.0
Metalware,Premium,Medium,12.9,3.2,71.9,0.495,99.1,900.0,3329.0
Metalware,Economy,Medium,15.5,5.42,100.0,0.371,74.1,400.0,3236.0
Metalware,Economy,Small,13.1,3.96,76.0,0.327,108.3,280.0,3357.0
Woodwork,Economy,Medium,8.0,8.81,92.2,0.386,124.4,320.0,2803.0
Painting,Premium,Large,7.0,0.9,97.0,0.537,124.7,720.0,2260.0
Painting,Economy,Medium,9.3,2.05,80.6,0.369,70.1,200.0,1235.0
Leatherwork,Standard,Large,16.9,1.86,99.1,0.524,90.8,828.0,3676.0
Woodwork,Standard,Large,4.1,2.46,71.0,0.732,87.6,736.0,1618.0
BambooCane,Premium,Small,6.3,2.62,61.3,0.446,91.9,189.0,1065.0
Leatherwork,Premium,Small,23.0,2.31,100.0,0.541,95.8,567.0,4267.0
Woodwork,Economy,Medium,19.0,2.36,56.0,0.478,90.4,320.0,3002.0
Leatherwork,Economy,Small,2.7,3.06,67.0,0.398,82.2,252.0,623.0
Leatherwork,Standard,Small,6.2,0.88,94.7,0.847,75.1,362.2,1183.0
Metalware,Premium,Medium,9.5,1.41,62.8,0.278,136.4,900.0,2865.0
Woodwork,Standard,Small,4.0,3.76,97.9,0.142,83.2,322.0,1382.0
BambooCane,Economy,Small,3.8,6.41,68.4,0.438,91.0,84.0,788.0
Metalware,Premium,Medium,6.4,5.75,81.5,0.186,137.0,900.0,4451.0
Pottery,Standard,Small,10.9,7.13,64.6,0.316,110.0,96.6,2775.0
Painting,Premium,Large,3.6,3.55,59.9,0.929,63.2,720.0,1089.0
Metalware,Standard,Medium,14.0,2.01,65.6,0.389,96.8,575.0,3246.0
Metalware,Economy,Medium,10.5,2.17,69.8,0.631,83.4,400.0,1623.0
Textile,Standard,Small,4.1,2.13,63.1,0.691,105.6,281.7,895.0
Painting,Standard,Small,8.3,2.19,35.5,0.646,110.1,201.2,1279.0
Textile,Standard,Small,6.9,2.45,67.7,0.772,126.5,281.7,1718.0
Pottery,Economy,Large,10.0,3.22,85.3,0.903,96.3,153.6,1616.0
Woodwork,Economy,Large,7.0,5.74,73.8,0.361,142.6,512.0,3153.0
BambooCane,Economy,Medium,16.6,0.84,69.5,0.902,120.4,120.0,2255.0
Metalware,Economy,Medium,9.0,4.26,71.3,0.617,133.8,400.0,2653.0
Painting,Economy,Small,11.6,5.12,84.1,0.798,109.8,140.0,2186.0
Textile,Standard,Large,16.3,1.22,100.0,0.367,87.7,644.0,3584.0
Metalware,Economy,Small,1.5,3.29,76.3,0.455,88.6,280.0,759.0
BambooCane,Economy,Small,7.8,3.84,71.4,0.342,65.5,84.0,1196.0
Jewelry,Standard,Large,6.7,4.12,52.1,0.434,96.7,1104.0,2877.0
Painting,Premium,Large,12.7,3.67,75.4,0.375,127.8,720.0,4574.0
Jewelry,Standard,Small,7.2,0.88,88.8,0.764,140.9,483.0,2054.0
Woodwork,Standard,Small,10.0,5.39,61.8,0.689,64.8,322.0,1486.0
Jewelry,Standard,Large,2.2,7.28,61.5,0.73,76.4,1104.0,2154.0
Textile,Standard,Small,2.1,2.03,97.3,0.766,99.5,281.7,759.0
Textile,Economy,Medium,8.3,1.18,83.1,0.438,73.1,280.0,1357.0
Pottery,Economy,Small,4.6,0.86,75.6,0.717,124.5,67.2,803.0
Metalware,Economy,Medium,12.1,2.78,87.8,0.658,68.2,400.0,2098.0
Painting,Economy,Medium,7.7,2.05,65.4,0.438,65.0,200.0,1126.0
Metalware,Premium,Medium,5.8,3.48,65.5,0.851,60.8,900.0,1602.0
Textile,Premium,Large,5.2,6.0,64.3,0.451,106.5,1008.0,2673.0
BambooCane,Economy,Small,4.5,4.1,46.5,0.397,130.9,84.0,1075.0
Jewelry,Economy,Small,8.3,4.18,71.1,0.253,116.7,336.0,2368.0
Metalware,Economy,Large,7.8,1.91,84.0,0.342,70.9,640.0,2093.0
BambooCane,Economy,Medium,14.7,3.94,74.4,0.656,130.9,120.0,3246.0
Metalware,Standard,Medium,9.7,3.12,53.2,0.746,125.5,575.0,2375.0
Textile,Economy,Small,8.3,6.54,75.9,0.669,109.3,196.0,2351.0
Jewelry,Standard,Medium,12.9,6.03,71.8,0.726,127.5,690.0,3977.0
Leatherwork,Economy,Medium,5.5,6.84,82.9,0.191,129.8,360.0,2772.0
BambooCane,Economy,Small,6.3,0.5,57.1,0.37,72.5,84.0,676.0
Jewelry,Standard,Large,8.2,1.24,72.4,0.374,73.2,1104.0,2523.0
Jewelry,Premium,Medium,17.7,1.05,40.5,0.175,95.3,1080.0,3596.0
BambooCane,Economy,Medium,5.2,5.37,45.6,0.57,122.2,120.0,1113.0
BambooCane,Standard,Medium,5.8,9.02,63.6,0.625,71.5,172.5,1181.0
Jewelry,Premium,Small,2.5,1.92,67.6,0.523,71.0,756.0,1265.0
BambooCane,Economy,Small,6.6,4.65,60.8,0.069,134.5,84.0,2209.0
Textile,Standard,Medium,17.1,3.03,45.8,0.105,98.7,402.5,3525.0
Painting,Standard,Medium,8.4,0.5,68.9,0.879,136.8,287.5,1501.0
Pottery,Economy,Small,12.8,1.79,80.6,0.613,149.9,67.2,2848.0
Jewelry,Economy,Small,6.3,6.34,91.8,0.615,100.3,336.0,1929.0
BambooCane,Premium,Small,5.9,4.23,85.8,0.803,102.0,189.0,1146.0
Textile,Premium,Small,7.6,2.05,81.6,0.628,75.5,441.0,1419.0
Pottery,Premium,Medium,3.1,2.31,82.5,0.35,133.7,216.0,931.0
Metalware,Economy,Small,8.3,5.04,66.0,0.322,100.1,280.0,2078.0
Pottery,Economy,Small,5.6,5.32,61.3,0.877,117.2,67.2,988.0
Jewelry,Standard,Small,10.3,5.24,62.5,0.727,78.0,483.0,1737.0
Pottery,Standard,Small,8.6,6.05,65.2,0.269,138.4,96.6,2716.0
Leatherwork,Standard,Large,20.3,0.5,90.1,0.246,67.3,828.0,3885.0
Metalware,Economy,Small,7.0,6.67,71.8,0.913,128.3,280.0,2032.0
Textile,Premium,Small,4.2,2.67,84.9,0.05,86.3,441.0,1571.0
Pottery,Economy,Medium,3.1,5.81,71.9,0.498,72.2,96.0,484.0
Painting,Economy,Medium,6.2,3.14,83.4,0.549,81.3,200.0,1242.0
Jewelry,Standard,Small,1.6,8.05,84.9,0.124,61.4,483.0,1587.0
BambooCane,Premium,Medium,7.0,1.27,85.8,0.786,65.0,270.0,1038.0
Leatherwork,Economy,Small,5.2,1.31,72.2,0.414,93.1,252.0,1039.0
BambooCane,Economy,Medium,6.3,4.81,54.2,0.05,65.6,120.0,1125.0
BambooCane,Economy,Medium,3.1,1.26,75.7,0.447,120.1,120.0,773.0
BambooCane,Premium,Medium,19.7,5.86,78.6,0.136,65.9,270.0,3232.0
Leatherwork,Standard,Medium,5.9,2.82,56.4,0.472,74.2,517.5,1273.0
Leatherwork,Economy,Medium,11.4,4.61,60.5,0.692,126.4,360.0,2414.0
Leatherwork,Premium,Small,2.5,5.14,69.3,0.303,83.6,567.0,1358.0
Woodwork,Standard,Large,7.1,4.54,90.2,0.124,68.4,736.0,3112.0
Painting,Premium,Medium,15.6,2.16,55.9,0.3,93.2,450.0,2422.0
Pottery,Standard,Medium,10.5,1.89,79.6,0.778,143.3,138.0,2057.0
Woodwork,Premium,Medium,15.9,2.73,70.0,0.753,133.8,720.0,3565.0
Painting,Premium,Medium,4.3,3.01,57.5,0.325,123.5,450.0,1656.0
BambooCane,Premium,Small,2.6,2.08,76.4,0.945,113.2,189.0,623.0
Metalware,Economy,Medium,20.0,7.31,66.2,0.617,138.9,400.0,5551.0
Painting,Premium,Medium,2.7,1.98,100.0,0.722,70.5,450.0,1034.0
Woodwork,Economy,Large,10.0,3.02,50.0,0.462,92.0,512.0,2400.0
Textile,Standard,Small,8.6,3.88,87.4,0.307,136.5,281.7,3010.0
Woodwork,Economy,Medium,4.6,4.61,76.8,0.371,81.6,320.0,1492.0
Metalware,Economy,Large,8.0,2.15,60.7,0.318,82.8,640.0,1657.0
Textile,Premium,Medium,7.3,6.15,74.1,0.817,92.0,630.0,2172.0
Metalware,Standard,Large,4.2,3.72,76.1,0.716,132.5,920.0,2113.0
Metalware,Standard,Small,6.4,2.84,48.7,0.319,138.9,402.5,1956.0
Pottery,Economy,Medium,17.2,5.9,72.5,0.688,98.1,96.0,3329.0
Pottery,Premium,Small,5.1,0.56,71.1,0.269,72.6,151.2,798.0
Painting,Economy,Medium,5.3,0.99,86.5,0.178,98.4,200.0,1281.0
Woodwork,Standard,Medium,5.5,3.07,74.1,0.597,145.2,460.0,2120.0
Textile,Economy,Small,5.4,2.58,50.1,0.245,127.5,196.0,1380.0
Textile,Economy,Small,9.5,4.68,88.6,0.538,61.1,196.0,1483.0
Woodwork,Standard,Small,3.7,3.16,85.2,0.399,63.3,322.0,1011.0
Leatherwork,Standard,Medium,4.4,4.21,81.2,0.215,129.8,517.5,2523.0
Woodwork,Standard,Medium,1.0,3.49,90.1,0.579,99.6,460.0,910.0
Painting,Economy,Large,12.8,3.25,85.1,0.721,116.3,320.0,2713.0
Painting,Economy,Small,8.2,1.26,41.5,0.427,129.0,140.0,1557.0
Jewelry,Economy,Medium,12.7,5.86,78.0,0.544,140.5,480.0,5055.0
Jewelry,Standard,Medium,6.1,8.54,61.7,0.492,91.4,690.0,2906.0
Jewelry,Standard,Medium,14.1,5.98,84.7,0.648,107.9,690.0,4377.0
Metalware,Economy,Small,5.8,7.35,68.0,0.494,128.0,280.0,2283.0
Metalware,Economy,Medium,3.0,3.99,74.3,0.556,97.2,400.0,1168.0
Jewelry,Economy,Large,7.0,1.2,91.7,0.548,107.5,768.0,2260.0
Woodwork,Standard,Small,6.2,4.79,76.6,0.781,133.1,322.0,1728.0
BambooCane,Economy,Medium,16.4,6.39,77.8,0.625,81.3,120.0,2560.0
Metalware,Economy,Small,7.1,2.29,60.8,0.173,133.3,280.0,1846.0
BambooCane,Economy,Small,7.4,1.62,86.4,0.096,61.7,84.0,925.0
Jewelry,Economy,Medium,3.3,1.52,61.6,0.864,70.5,480.0,854.0
Woodwork,Standard,Small,15.7,1.12,65.8,0.906,76.6,322.0,1586.0
Textile,Premium,Small,4.9,1.71,75.1,0.242,94.3,441.0,1344.0
Jewelry,Standard,Medium,8.6,2.83,71.1,0.912,132.6,690.0,2284.0
Jewelry,Premium,Small,8.8,0.94,69.1,0.633,78.9,756.0,1689.0
BambooCane,Economy,Medium,7.4,3.74,68.7,0.31,66.0,120.0,1017.0
Metalware,Premium,Large,5.7,2.89,64.1,0.459,81.3,1440.0,2676.0
Metalware,Standard,Large,6.0,3.25,65.8,0.304,126.6,920.0,2513.0
Metalware,Standard,Medium,6.0,7.81,71.4,0.595,115.0,575.0,2903.0
Pottery,Standard,Small,13.3,6.37,57.1,0.695,63.5,96.6,1642.0
Woodwork,Economy,Small,21.6,5.29,75.7,0.339,70.0,224.0,3140.0
Leatherwork,Standard,Large,5.9,4.32,57.6,0.29,127.7,828.0,3173.0
Woodwork,Economy,Large,7.1,3.52,70.2,0.329,101.4,512.0,2085.0
Pottery,Economy,Small,4.2,4.29,37.3,0.384,115.3,67.2,774.0
Pottery,Standard,Small,4.9,3.82,71.3,0.591,87.5,96.6,880.0
Pottery,Economy,Large,4.2,2.16,62.4,0.905,106.5,153.6,681.0
Textile,Economy,Small,5.3,6.22,77.0,0.187,91.1,196.0,1520.0
Textile,Premium,Large,11.5,7.01,41.0,0.244,67.6,1008.0,3468.0
Jewelry,Economy,Medium,6.1,1.05,81.9,0.829,104.1,480.0,1243.0
Painting,Standard,Small,3.2,6.02,33.9,0.388,114.3,201.2,830.0
Textile,Standard,Medium,8.4,2.47,100.0,0.151,93.7,402.5,2368.0
Textile,Economy,Small,13.4,2.26,42.6,0.561,93.0,196.0,1770.0
Jewelry,Economy,Medium,16.2,6.61,70.4,0.805,107.7,480.0,3658.0
Jewelry,Economy,Small,18.8,4.24,53.6,0.156,71.5,336.0,3324.0
Pottery,Standard,Large,16.5,0.71,61.2,0.605,90.6,220.8,2094.0
BambooCane,Economy,Small,16.1,3.88,78.4,0.648,107.9,84.0,3342.0
BambooCane,Economy,Large,13.3,3.58,53.8,0.569,146.1,192.0,3246.0
Textile,Standard,Medium,8.0,6.67,65.6,0.167,127.0,402.5,3051.0
Painting,Economy,Large,7.2,2.1,78.3,0.247,64.0,320.0,1194.0
Painting,Economy,Small,12.0,4.21,91.3,0.872,128.7,140.0,2871.0
Metalware,Standard,Medium,2.0,2.61,46.8,0.184,148.5,575.0,1220.0
Pottery,Standard,Large,10.3,2.21,63.0,0.896,91.6,220.8,1258.0
Painting,Economy,Small,20.9,2.89,76.1,0.326,128.9,140.0,4396.0
Painting,Standard,Small,7.7,1.79,72.0,0.873,136.5,201.2,1490.0
Textile,Premium,Large,4.4,3.97,69.1,0.277,78.1,1008.0,2355.0
Textile,Economy,Small,12.1,1.23,54.7,0.284,108.7,196.0,2112.0
Painting,Premium,Medium,3.6,3.19,67.1,0.48,102.8,450.0,1275.0
Pottery,Premium,Small,7.9,4.3,65.0,0.535,73.4,151.2,1168.0
Textile,Standard,Small,4.6,2.15,56.8,0.947,107.9,281.7,717.0
Textile,Standard,Large,5.7,3.0,78.0,0.551,138.6,644.0,2383.0
Painting,Premium,Medium,6.8,4.88,27.5,0.343,62.4,450.0,1247.0
BambooCane,Standard,Large,6.2,7.4,59.3,0.802,67.8,276.0,1141.0
BambooCane,Standard,Large,5.9,3.04,92.0,0.603,113.8,276.0,1543.0
BambooCane,Premium,Small,11.1,5.67,59.5,0.379,86.8,189.0,1965.0
Metalware,Standard,Medium,20.6,4.69,56.9,0.52,93.1,575.0,3744.0
Painting,Premium,Small,10.4,3.11,73.7,0.934,66.7,315.0,1276.0
Metalware,Economy,Large,6.5,2.45,77.8,0.256,141.9,640.0,2594.0
Woodwork,Economy,Medium,11.8,1.45,76.6,0.809,129.5,320.0,2063.0
Pottery,Economy,Large,5.6,6.0,56.3,0.418,136.1,153.6,1713.0
Jewelry,Premium,Small,3.0,2.77,51.1,0.655,80.7,756.0,1392.0
BambooCane,Premium,Small,11.0,3.93,68.1,0.481,140.5,189.0,3056.0
Jewelry,Standard,Small,9.8,3.68,86.7,0.489,88.2,483.0,2328.0
Painting,Economy,Small,11.2,2.07,72.5,0.263,118.4,140.0,2560.0
Painting,Economy,Medium,7.2,2.62,73.9,0.279,140.9,200.0,2283.0
Textile,Premium,Medium,5.0,4.68,66.4,0.671,108.4,630.0,1645.0
Metalware,Economy,Medium,18.8,4.6,94.7,0.372,103.1,400.0,4583.0
Leatherwork,Economy,Medium,11.3,6.64,80.2,0.644,148.6,360.0,3760.0
Textile,Premium,Medium,4.2,5.02,61.8,0.248,111.9,630.0,1919.0
Metalware,Economy,Small,10.6,4.63,91.7,0.422,108.8,280.0,2982.0
Woodwork,Economy,Large,7.4,8.38,93.0,0.908,60.5,512.0,1766.0
BambooCane,Premium,Medium,5.6,5.15,81.3,0.542,69.3,270.0,1260.0
Painting,Economy,Medium,9.6,5.62,77.0,0.215,145.9,200.0,3548.0
Woodwork,Premium,Small,15.8,7.65,50.0,0.159,105.8,504.0,4188.0
Leatherwork,Standard,Small,7.8,6.97,76.7,0.324,87.8,362.2,2326.0
BambooCane,Standard,Small,5.2,2.63,76.1,0.425,74.9,120.7,902.0
Jewelry,Economy,Medium,6.0,0.62,72.7,0.627,81.6,480.0,1250.0
Metalware,Economy,Medium,1.5,6.95,97.4,0.668,92.1,400.0,1173.0
Painting,Standard,Medium,9.8,4.43,67.8,0.499,75.5,287.5,1634.0
Textile,Standard,Small,10.1,6.01,68.3,0.167,144.7,281.7,3793.0
Woodwork,Premium,Small,6.9,2.55,81.6,0.679,102.1,504.0,1943.0
Metalware,Premium,Medium,14.0,7.28,100.0,0.648,94.0,900.0,5003.0
Textile,Standard,Medium,19.6,3.61,94.6,0.331,126.6,402.5,5821.0
Leatherwork,Standard,Medium,9.9,5.33,65.0,0.175,93.1,517.5,2958.0
Jewelry,Standard,Large,3.1,5.17,100.0,0.553,75.8,1104.0,2685.0
Leatherwork,Premium,Medium,2.6,1.22,65.4,0.609,69.0,810.0,1249.0
Jewelry,Economy,Small,11.1,5.54,74.3,0.275,95.3,336.0,2946.0
Painting,Economy,Medium,3.7,5.32,100.0,0.753,65.0,200.0,798.0
Metalware,Economy,Large,6.0,6.65,80.9,0.298,144.0,640.0,3751.0
Leatherwork,Standard,Medium,3.4,6.72,73.8,0.145,62.5,517.5,1922.0
Jewelry,Premium,Medium,12.1,3.53,71.8,0.616,99.4,1080.0,4029.0
Painting,Standard,Medium,9.1,6.35,59.7,0.441,96.4,287.5,2361.0
Pottery,Premium,Small,9.0,3.42,31.1,0.556,78.8,151.2,1025.0
Jewelry,Standard,Large,5.5,4.71,84.6,0.61,133.8,1104.0,3038.0
BambooCane,Economy,Medium,7.2,7.22,49.5,0.77,63.2,120.0,766.0
Leatherwork,Economy,Medium,4.3,0.51,70.6,0.367,94.5,360.0,1120.0
BambooCane,Economy,Small,6.9,5.91,59.0,0.066,84.3,84.0,1297.0
Woodwork,Standard,Small,6.4,2.23,60.4,0.349,146.7,322.0,1853.0
Metalware,Economy,Large,10.4,1.83,62.2,0.326,118.4,640.0,3003.0
Metalware,Economy,Large,3.0,4.43,54.2,0.443,104.8,640.0,1453.0
BambooCane,Economy,Small,10.3,2.26,87.5,0.26,80.0,84.0,1750.0
Woodwork,Standard,Medium,6.1,2.71,56.6,0.582,112.6,460.0,1448.0
BambooCane,Standard,Medium,5.7,3.78,62.4,0.228,127.7,172.5,1703.0
Leatherwork,Premium,Medium,8.7,4.64,78.7,0.877,140.3,810.0,3146.0
Leatherwork,Economy,Medium,11.2,6.07,81.8,0.571,91.6,360.0,2783.0
BambooCane,Economy,Medium,12.0,2.31,70.8,0.414,127.9,120.0,2216.0
Leatherwork,Standard,Medium,14.0,3.81,100.0,0.95,118.7,517.5,3454.0
Textile,Economy,Small,4.6,1.86,90.1,0.168,99.2,196.0,1064.0
BambooCane,Economy,Small,9.7,4.74,55.3,0.591,105.9,84.0,1731.0
Textile,Premium,Large,3.7,2.68,69.9,0.797,141.5,1008.0,1976.0
BambooCane,Standard,Medium,1.3,6.67,100.0,0.624,133.8,172.5,715.0
Woodwork,Standard,Medium,10.3,4.11,60.6,0.741,135.3,460.0,2339.0
Leatherwork,Standard,Medium,12.3,4.45,80.0,0.441,116.8,517.5,4297.0
Pottery,Economy,Medium,9.4,7.33,59.4,0.665,123.1,96.0,2055.0
Jewelry,Standard,Medium,4.3,6.47,100.0,0.691,68.9,690.0,2070.0
Metalware,Economy,Small,9.5,4.41,42.6,0.436,133.5,280.0,2490.0
Leatherwork,Standard,Small,6.8,5.34,64.4,0.068,103.6,362.2,2083.0
Pottery,Standard,Small,11.6,6.45,76.7,0.713,67.8,96.6,1754.0
Woodwork,Premium,Medium,6.6,3.94,32.6,0.555,107.1,720.0,1663.0
Leatherwork,Economy,Medium,5.9,5.96,53.2,0.337,114.7,360.0,2087.0
Painting,Premium,Medium,6.5,7.02,81.0,0.585,78.1,450.0,2020.0
Metalware,Economy,Medium,7.6,2.26,79.6,0.444,100.9,400.0,1477.0
Woodwork,Standard,Small,8.2,2.89,58.9,0.288,149.8,322.0,1997.0
Pottery,Economy,Large,13.8,1.43,68.9,0.316,92.0,153.6,2359.0
Pottery,Standard,Small,9.1,6.69,66.2,0.504,139.2,96.6,2542.0
Painting,Economy,Small,10.5,5.3,79.5,0.541,75.5,140.0,1712.0
Jewelry,Economy,Medium,7.9,4.02,87.8,0.834,118.0,480.0,1891.0
Painting,Economy,Medium,6.1,1.93,81.8,0.469,115.8,200.0,1550.0
Pottery,Standard,Small,4.4,1.61,55.2,0.125,71.2,96.6,571.0
Textile,Standard,Medium,4.8,2.0,54.1,0.917,104.7,402.5,1010.0
Metalware,Premium,Medium,10.4,6.22,73.1,0.577,63.3,900.0,2695.0
Metalware,Economy,Small,18.9,5.19,96.4,0.552,88.3,280.0,3683.0
Pottery,Standard,Small,5.0,4.04,88.8,0.635,126.6,96.6,1173.0
Textile,Economy,Medium,16.4,2.34,72.5,0.402,83.3,280.0,2582.0
Jewelry,Economy,Medium,9.7,6.24,60.1,0.274,88.5,480.0,2974.0
Metalware,Economy,Medium,10.3,1.88,76.9,0.144,72.3,400.0,1941.0
Leatherwork,Premium,Small,2.4,2.4,52.5,0.298,63.8,567.0,1133.0
Jewelry,Standard,Small,5.8,4.15,72.0,0.577,87.1,483.0,1759.0
Woodwork,Standard,Medium,22.0,0.73,93.4,0.671,75.3,460.0,3316.0
Woodwork,Premium,Large,2.3,2.93,55.1,0.69,149.1,1152.0,1830.0
BambooCane,Standard,Medium,16.9,3.71,70.9,0.452,92.0,172.5,2841.0
Jewelry,Economy,Medium,9.8,4.03,69.8,0.05,96.8,480.0,2833.0
Leatherwork,Premium,Large,11.1,4.53,92.8,0.666,70.8,1296.0,3999.0
Painting,Economy,Medium,3.6,3.82,100.0,0.635,86.4,200.0,966.0
Metalware,Premium,Large,7.4,5.54,100.0,0.549,65.9,1440.0,4739.0
Jewelry,Standard,Small,6.3,4.47,30.1,0.656,79.7,483.0,1152.0
BambooCane,Premium,Small,25.0,4.59,50.9,0.285,111.3,189.0,4890.0
Leatherwork,Premium,Small,6.5,5.8,57.8,0.367,62.9,567.0,1818.0
Jewelry,Premium,Medium,8.6,5.55,47.8,0.21,79.0,1080.0,3111.0
BambooCane,Standard,Medium,4.8,4.29,53.3,0.343,150.0,172.5,1399.0
Pottery,Premium,Medium,3.3,5.46,98.8,0.826,60.3,216.0,715.0
Painting,Standard,Small,8.4,2.45,34.3,0.412,116.9,201.2,1384.0
Jewelry,Premium,Medium,11.9,3.22,95.9,0.129,97.7,1080.0,4400.0
Pottery,Economy,Small,10.5,4.87,54.7,0.641,122.4,67.2,2093.0
BambooCane,Standard,Small,7.2,1.76,76.5,0.598,92.9,120.7,1150.0
Pottery,Premium,Medium,6.0,2.02,78.3,0.665,92.0,216.0,925.0
Metalware,Standard,Large,5.4,1.25,57.4,0.306,81.6,920.0,1653.0
Painting,Standard,Medium,6.7,1.31,26.8,0.327,135.7,287.5,1363.0
Woodwork,Economy,Medium,10.4,0.63,94.5,0.415,121.2,320.0,2715.0
Leatherwork,Standard,Medium,10.7,6.28,54.7,0.142,106.5,517.5,3962.0
Jewelry,Standard,Medium,9.8,5.07,53.5,0.439,89.6,690.0,2836.0
Woodwork,Standard,Large,10.9,0.5,78.1,0.555,101.7,736.0,2477.0
BambooCane,Standard,Medium,9.4,3.67,99.3,0.858,137.2,172.5,2294.0
Pottery,Economy,Small,4.4,0.5,100.0,0.507,111.1,67.2,768.0
Leatherwork,Standard,Small,11.2,1.03,68.0,0.847,104.8,362.2,1788.0
BambooCane,Standard,Large,10.0,2.82,78.7,0.238,70.9,276.0,1514.0
BambooCane,Standard,Medium,6.5,6.39,97.9,0.551,115.4,172.5,2097.0
Leatherwork,Premium,Medium,12.2,6.38,89.7,0.05,81.8,810.0,4740.0
Jewelry,Standard,Large,7.0,6.13,64.9,0.304,118.9,1104.0,4254.0
Pottery,Premium,Small,11.0,4.9,81.2,0.238,75.1,151.2,2099.0
Leatherwork,Premium,Medium,13.0,3.16,74.4,0.269,64.7,810.0,3021.0
Leatherwork,Premium,Small,15.6,7.5,57.8,0.626,147.6,567.0,5440.0
Leatherwork,Economy,Small,6.7,1.17,97.0,0.391,109.5,252.0,1658.0
Textile,Standard,Medium,5.7,6.1,99.6,0.393,144.6,402.5,2832.0
Textile,Economy,Small,7.5,3.99,85.3,0.497,112.5,196.0,1867.0
Pottery,Premium,Medium,3.5,1.42,55.7,0.319,98.1,216.0,799.0
Jewelry,Economy,Large,10.8,4.52,88.1,0.694,122.3,768.0,3965.0
Textile,Economy,Medium,18.0,2.96,74.1,0.839,90.7,280.0,2498.0
Pottery,Economy,Large,4.9,8.35,68.8,0.847,89.3,153.6,1073.0
Leatherwork,Premium,Medium,8.3,3.17,50.1,0.633,94.3,810.0,1900.0
Leatherwork,Premium,Medium,12.8,7.32,80.1,0.614,108.5,810.0,4567.0
BambooCane,Premium,Small,13.8,1.22,71.7,0.558,99.6,189.0,2068.0
Woodwork,Standard,Large,6.4,3.9,100.0,0.266,79.2,736.0,2637.0
BambooCane,Standard,Medium,9.8,4.6,75.8,0.07,145.4,172.5,3456.0
Woodwork,Economy,Large,3.5,1.94,42.2,0.699,75.4,512.0,1064.0
Woodwork,Standard,Medium,4.7,5.34,73.5,0.138,70.9,460.0,1812.0
Woodwork,Economy,Small,7.8,4.58,82.7,0.534,78.0,224.0,1586.0
Textile,Economy,Large,9.2,3.92,61.3,0.475,98.5,448.0,2155.0
Painting,Economy,Small,10.3,5.9,52.8,0.672,92.0,140.0,1622.0
Painting,Economy,Small,7.2,3.13,53.0,0.676,121.3,140.0,1311.0
BambooCane,Economy,Small,2.2,4.16,73.7,0.72,143.2,84.0,500.0
Jewelry,Premium,Medium,16.7,6.64,72.5,0.862,113.9,1080.0,5842.0
Woodwork,Premium,Large,4.7,2.25,64.7,0.715,101.7,1152.0,2057.0
Leatherwork,Economy,Medium,14.6,1.96,56.2,0.483,63.0,360.0,1672.0
Jewelry,Economy,Medium,14.8,6.35,47.1,0.536,128.3,480.0,3523.0
Jewelry,Premium,Small,5.1,7.98,77.8,0.577,63.3,756.0,2105.0
Metalware,Standard,Medium,8.7,2.93,53.6,0.271,147.7,575.0,2796.0
Pottery,Premium,Medium,18.0,4.28,86.8,0.55,102.1,216.0,3793.0
Woodwork,Standard,Large,7.2,2.23,64.0,0.064,65.2,736.0,2007.0
Leatherwork,Standard,Medium,7.1,3.32,70.1,0.499,126.3,517.5,1967.0
Textile,Economy,Medium,10.1,4.44,47.1,0.207,142.0,280.0,3102.0
Pottery,Economy,Medium,9.4,2.74,49.9,0.42,87.8,96.0,1290.0
Metalware,Economy,Small,5.2,3.76,97.5,0.606,72.5,280.0,1128.0
BambooCane,Standard,Large,13.6,4.4,55.5,0.847,125.8,276.0,2694.0
Leatherwork,Standard,Medium,6.4,3.89,77.3,0.582,126.0,517.5,2377.0
Painting,Standard,Small,9.5,1.3,52.4,0.31,148.2,201.2,1987.0
Leatherwork,Standard,Large,17.5,6.1,66.8,0.719,90.7,828.0,3875.0
Pottery,Premium,Medium,5.2,6.91,70.7,0.75,91.2,216.0,1222.0
Metalware,Premium,Small,13.1,2.86,88.3,0.253,125.3,630.0,3986.0
BambooCane,Economy,Medium,7.7,4.12,87.1,0.339,118.0,120.0,2415.0
BambooCane,Economy,Medium,12.4,5.82,71.8,0.578,84.5,120.0,1869.0
Woodwork,Standard,Medium,9.3,1.41,77.8,0.751,101.4,460.0,1778.0
BambooCane,Economy,Medium,5.0,6.18,84.0,0.909,148.5,120.0,1191.0
Painting,Standard,Medium,1.5,0.5,67.4,0.21,61.3,287.5,602.0
BambooCane,Economy,Medium,6.6,4.42,83.4,0.578,139.7,120.0,1603.0
Woodwork,Economy,Small,11.9,1.24,82.0,0.737,90.9,224.0,1597.0
Painting,Economy,Large,11.9,4.78,85.7,0.483,122.5,320.0,3347.0
Leatherwork,Standard,Large,7.5,4.92,84.5,0.711,121.2,828.0,2671.0
BambooCane,Economy,Medium,4.1,2.06,52.3,0.749,105.5,120.0,765.0
Textile,Standard,Large,5.5,0.94,75.0,0.729,66.3,644.0,1204.0
Textile,Standard,Large,5.5,2.61,63.4,0.669,108.4,644.0,1679.0
Painting,Economy,Medium,9.3,2.45,64.5,0.279,129.7,200.0,2108.0
Metalware,Economy,Small,5.3,1.34,49.8,0.527,61.9,280.0,814.0
BambooCane,Economy,Medium,18.8,6.01,67.9,0.178,94.7,120.0,4581.0
Jewelry,Standard,Large,6.2,1.55,75.1,0.488,68.3,1104.0,2105.0
Leatherwork,Premium,Small,2.9,1.99,50.7,0.88,131.6,567.0,863.0
Textile,Economy,Small,4.7,0.88,68.3,0.334,118.5,196.0,991.0
Painting,Economy,Large,7.2,4.44,75.5,0.642,126.0,320.0,2163.0
Woodwork,Premium,Large,7.6,3.86,59.2,0.445,136.2,1152.0,3545.0
Woodwork,Economy,Large,17.1,4.82,74.1,0.729,107.5,512.0,3954.0
Leatherwork,Standard,Small,5.1,5.12,90.1,0.72,67.4,362.2,1407.0
Metalware,Standard,Medium,14.2,4.68,100.0,0.472,125.8,575.0,5378.0
Pottery,Economy,Small,25.9,6.77,87.8,0.59,90.3,67.2,5012.0
Textile,Economy,Medium,4.7,3.66,87.2,0.408,105.5,280.0,1445.0
Leatherwork,Standard,Large,11.4,1.65,63.7,0.667,60.1,828.0,1838.0
Leatherwork,Economy,Medium,12.9,2.1,80.7,0.223,130.7,360.0,3307.0
Leatherwork,Economy,Large,5.6,2.64,96.5,0.484,131.4,576.0,2501.0
Textile,Economy,Small,6.6,4.13,64.0,0.599,142.2,196.0,1800.0
Painting,Economy,Small,1.3,4.43,86.7,0.847,106.6,140.0,403.0
Painting,Premium,Small,7.2,5.24,72.5,0.745,111.4,315.0,1897.0
Leatherwork,Standard,Medium,4.8,4.05,52.2,0.305,80.9,517.5,1526.0
Painting,Economy,Medium,19.6,7.23,68.7,0.16,67.6,200.0,3726.0
BambooCane,Economy,Medium,6.0,1.77,85.5,0.74,82.0,120.0,832.0
BambooCane,Standard,Medium,6.6,4.97,85.5,0.484,86.0,172.5,1456.0
Jewelry,Standard,Small,10.4,5.01,72.5,0.95,93.4,483.0,2181.0
Textile,Economy,Small,2.6,6.05,76.0,0.851,103.8,196.0,726.0
Jewelry,Standard,Medium,2.5,1.92,82.2,0.715,64.4,690.0,1090.0
Woodwork,Economy,Small,8.9,2.45,57.6,0.621,132.0,224.0,1774.0
Metalware,Premium,Small,8.8,2.91,79.9,0.868,138.0,630.0,2602.0
Metalware,Economy,Large,6.4,7.63,59.0,0.588,61.0,640.0,2014.0
Metalware,Standard,Small,10.6,4.99,35.2,0.291,127.8,402.5,2816.0
Woodwork,Premium,Small,13.7,4.59,60.7,0.054,104.1,504.0,3552.0
Woodwork,Premium,Small,7.6,1.74,73.2,0.373,76.1,504.0,1705.0
Pottery,Economy,Small,5.2,5.99,69.2,0.835,76.0,67.2,737.0
BambooCane,Economy,Large,11.8,1.34,69.7,0.37,85.0,192.0,1818.0
Pottery,Economy,Small,4.1,0.67,79.8,0.279,72.2,67.2,587.0
Painting,Standard,Medium,9.5,1.63,96.5,0.177,105.5,287.5,2639.0
Woodwork,Standard,Medium,4.4,2.37,81.1,0.564,72.3,460.0,1308.0
Jewelry,Premium,Medium,9.1,3.38,78.7,0.45,69.2,1080.0,2941.0
BambooCane,Economy,Small,18.5,5.24,54.0,0.538,136.7,84.0,4554.0
BambooCane,Standard,Small,13.7,1.94,57.8,0.521,70.0,120.7,1543.0
BambooCane,Economy,Large,7.4,0.5,48.8,0.476,84.7,192.0,1007.0
Woodwork,Economy,Small,6.8,0.5,74.0,0.592,78.2,224.0,992.0
Pottery,Economy,Large,17.5,2.58,86.4,0.677,87.0,153.6,2519.0
Painting,Economy,Medium,10.2,0.93,83.7,0.071,90.7,200.0,1675.0
Woodwork,Standard,Large,17.4,3.71,69.3,0.381,107.9,736.0,4896.0
Painting,Standard,Medium,1.6,1.85,79.5,0.78,148.6,287.5,697.0
Woodwork,Premium,Small,8.2,3.43,69.3,0.82,93.8,504.0,1977.0
Textile,Economy,Small,5.3,2.07,100.0,0.738,71.9,196.0,936.0
Metalware,Economy,Medium,4.7,3.66,86.7,0.656,139.7,400.0,1906.0
Pottery,Economy,Small,6.1,0.8,66.0,0.515,117.8,67.2,1019.0
Textile,Standard,Medium,9.5,7.8,74.1,0.878,71.6,402.5,2035.0
Metalware,Standard,Medium,29.3,2.87,74.9,0.555,92.5,575.0,4619.0
Jewelry,Premium,Large,6.4,6.52,64.1,0.617,141.8,1728.0,5114.0
Pottery,Economy,Medium,2.9,3.18,56.9,0.345,100.7,96.0,606.0
Jewelry,Premium,Medium,10.5,0.5,65.7,0.235,126.1,1080.0,3569.0
Woodwork,Standard,Large,6.2,5.07,84.7,0.549,118.0,736.0,2856.0
Painting,Economy,Small,14.4,2.3,52.5,0.787,115.4,140.0,2041.0
Textile,Premium,Medium,16.2,7.03,63.7,0.442,71.2,630.0,3761.0
Pottery,Premium,Medium,7.1,0.5,63.8,0.504,106.8,216.0,1190.0
Woodwork,Economy,Medium,6.6,7.08,82.2,0.69,79.5,320.0,1564.0
Woodwork,Premium,Small,4.7,5.36,72.5,0.522,118.5,504.0,1998.0
Textile,Economy,Small,10.1,1.19,92.6,0.191,79.6,196.0,1766.0
Textile,Premium,Small,10.4,2.19,93.9,0.542,149.5,441.0,3602.0
Jewelry,Standard,Large,13.7,3.3,57.3,0.477,129.5,1104.0,4020.0
BambooCane,Standard,Medium,6.3,2.96,90.0,0.649,77.9,172.5,1125.0
Leatherwork,Premium,Medium,1.4,2.78,86.2,0.159,77.9,810.0,1724.0
Painting,Economy,Small,11.8,5.99,53.8,0.148,63.0,140.0,1576.0
Textile,Standard,Large,5.1,2.78,82.6,0.783,105.9,644.0,1832.0
Woodwork,Standard,Small,5.0,3.26,42.0,0.676,64.8,322.0,792.0
Woodwork,Premium,Large,16.7,2.84,73.5,0.5,101.1,1152.0,4044.0
Metalware,Standard,Medium,8.4,4.89,83.3,0.111,112.6,575.0,3702.0
Woodwork,Premium,Medium,13.8,4.37,56.3,0.163,143.8,720.0,5721.0
Jewelry,Standard,Small,10.1,5.63,73.5,0.316,68.1,483.0,2559.0
BambooCane,Standard,Small,3.3,3.61,72.4,0.416,130.2,120.7,925.0
Woodwork,Economy,Large,12.3,6.8,50.7,0.201,113.6,512.0,3821.0
Pottery,Standard,Small,2.1,4.51,56.7,0.359,76.4,96.6,450.0
Textile,Premium,Medium,12.1,1.52,57.9,0.732,84.2,630.0,1671.0
Textile,Economy,Large,9.8,1.96,71.2,0.472,121.4,448.0,2229.0
Leatherwork,Standard,Medium,10.8,9.79,85.6,0.246,102.6,517.5,4459.0
Leatherwork,Economy,Medium,12.2,5.62,72.2,0.834,93.5,360.0,2280.0
Jewelry,Economy,Medium,9.3,2.78,61.8,0.245,94.4,480.0,2510.0
Painting,Standard,Large,3.7,5.06,64.2,0.425,61.0,460.0,1314.0
Pottery,Standard,Small,8.4,7.86,90.7,0.442,149.4,96.6,3140.0
Painting,Economy,Medium,1.9,5.35,57.7,0.712,71.5,200.0,557.0
Textile,Economy,Small,5.3,3.26,50.5,0.177,138.6,196.0,1397.0
Painting,Premium,Medium,8.8,1.71,53.9,0.216,60.1,450.0,1484.0
Textile,Premium,Small,6.5,5.44,62.5,0.434,75.9,441.0,1690.0
Leatherwork,Premium,Large,12.6,3.16,64.5,0.499,79.2,1296.0,3580.0
Jewelry,Standard,Medium,2.0,4.02,82.1,0.223,103.8,690.0,1844.0
Woodwork,Standard,Medium,7.7,3.43,91.8,0.083,148.9,460.0,3234.0
Jewelry,Economy,Small,5.1,5.19,51.0,0.82,142.3,336.0,1374.0
Metalware,Economy,Small,18.4,4.42,70.4,0.215,125.2,280.0,5078.0
Woodwork,Standard,Large,3.4,7.6,83.6,0.679,104.8,736.0,2466.0
Metalware,Premium,Large,5.8,4.0,89.5,0.678,117.5,1440.0,3876.0
Pottery,Economy,Medium,5.1,3.39,62.4,0.869,111.1,96.0,790.0
BambooCane,Premium,Small,10.2,5.46,85.0,0.682,62.9,189.0,1385.0
BambooCane,Premium,Large,15.8,5.4,72.2,0.585,61.2,432.0,2857.0
Woodwork,Standard,Small,7.6,6.41,58.4,0.265,146.6,322.0,2424.0
Jewelry,Standard,Small,5.6,4.0,60.1,0.223,110.7,483.0,2072.0
Metalware,Premium,Small,8.1,2.45,41.9,0.669,126.5,630.0,1735.0
Textile,Economy,Medium,11.9,3.97,67.8,0.202,119.3,280.0,3433.0
BambooCane,Standard,Small,5.3,3.88,58.7,0.195,113.2,120.7,1472.0
Textile,Standard,Medium,18.8,2.96,52.6,0.936,122.1,402.5,2885.0
Painting,Economy,Medium,5.6,1.65,73.8,0.84,146.6,200.0,1281.0
Metalware,Premium,Medium,11.2,3.42,67.4,0.494,89.9,900.0,2818.0
Woodwork,Standard,Large,3.6,5.53,62.7,0.308,112.1,736.0,2044.0
Woodwork,Standard,Medium,13.8,2.89,86.3,0.664,67.3,460.0,1912.0
Pottery,Standard,Medium,8.1,7.06,70.3,0.354,114.6,138.0,2339.0
Pottery,Economy,Large,5.0,4.39,78.6,0.123,132.6,153.6,1733.0
Pottery,Premium,Small,3.2,6.31,84.0,0.349,60.1,151.2,786.0
Textile,Premium,Large,6.8,4.27,72.8,0.773,129.8,1008.0,2998.0
Jewelry,Economy,Small,7.2,3.44,61.7,0.348,144.6,336.0,2439.0
Jewelry,Standard,Medium,1.9,1.99,86.2,0.891,115.1,690.0,1131.0
Jewelry,Premium,Small,4.7,3.89,82.6,0.332,126.5,756.0,2787.0
Textile,Economy,Large,6.6,4.67,68.4,0.262,116.4,448.0,2284.0
Leatherwork,Standard,Medium,7.9,3.98,73.9,0.899,116.0,517.5,2014.0
Pottery,Standard,Medium,5.5,2.94,100.0,0.473,79.9,138.0,1040.0
Textile,Economy,Medium,13.2,3.3,100.0,0.268,79.0,280.0,2255.0
Textile,Standard,Medium,4.0,2.29,70.7,0.392,103.6,402.5,1082.0
BambooCane,Standard,Small,8.3,7.76,100.0,0.569,138.5,120.7,3064.0
Painting,Standard,Small,6.9,5.69,69.8,0.184,124.4,201.2,2283.0
Textile,Economy,Small,11.3,7.03,72.9,0.782,120.6,196.0,2875.0
Metalware,Economy,Small,12.4,3.87,88.8,0.688,110.7,280.0,2899.0
Pottery,Premium,Small,8.9,8.59,78.0,0.667,102.0,151.2,2650.0
Textile,Standard,Medium,5.9,6.16,93.8,0.888,126.5,402.5,2115.0
Jewelry,Economy,Small,15.5,1.13,31.8,0.95,70.3,336.0,1230.0
Pottery,Economy,Medium,5.3,6.5,80.5,0.911,109.1,96.0,1232.0
Textile,Economy,Small,10.7,4.79,64.4,0.57,70.4,196.0,1695.0
Jewelry,Standard,Small,12.6,3.82,71.3,0.817,83.1,483.0,1824.0
Textile,Economy,Medium,8.2,2.15,90.6,0.635,101.7,280.0,1543.0
Textile,Economy,Small,6.2,1.54,82.8,0.186,133.9,196.0,1794.0
Metalware,Economy,Small,5.0,2.41,71.3,0.656,100.8,280.0,943.0
Textile,Standard,Large,6.9,5.5,100.0,0.364,68.8,644.0,2468.0
Pottery,Standard,Small,11.1,7.89,64.9,0.798,74.2,96.6,1640.0
BambooCane,Economy,Large,14.7,7.06,81.7,0.737,92.8,192.0,3109.0
BambooCane,Premium,Medium,14.3,4.45,77.2,0.609,138.9,270.0,4051.0
Woodwork,Economy,Small,3.9,6.04,66.6,0.931,135.8,224.0,1164.0
Pottery,Premium,Small,7.3,2.26,75.9,0.78,149.7,151.2,1654.0
Painting,Economy,Medium,12.3,5.92,99.3,0.886,107.2,200.0,2234.0
Painting,Premium,Small,14.2,5.16,88.6,0.427,106.7,315.0,4103.0
BambooCane,Economy,Medium,11.9,3.33,76.2,0.222,101.7,120.0,2475.0
Painting,Premium,Large,16.4,1.06,59.8,0.753,123.9,720.0,3267.0
BambooCane,Economy,Medium,28.7,5.36,54.9,0.149,108.8,120.0,5688.0
Leatherwork,Standard,Medium,6.8,0.73,73.1,0.183,78.8,517.5,1691.0
Metalware,Standard,Small,16.3,7.29,100.0,0.155,131.1,402.5,6583.0
Jewelry,Economy,Small,16.1,2.01,48.7,0.378,71.4,336.0,2060.0
Metalware,Economy,Small,9.7,5.21,71.9,0.539,76.3,280.0,1748.0
BambooCane,Economy,Medium,2.3,8.41,57.5,0.576,63.5,120.0,512.0
Woodwork,Premium,Medium,10.4,2.26,49.0,0.315,90.3,720.0,2383.0
Woodwork,Standard,Small,17.0,5.53,60.0,0.494,79.9,322.0,2902.0
Pottery,Standard,Medium,10.2,4.94,66.9,0.476,149.6,138.0,2751.0
Leatherwork,Economy,Medium,11.9,2.32,74.5,0.581,148.6,360.0,3205.0
Metalware,Premium,Large,11.2,5.04,60.2,0.482,70.5,1440.0,4440.0
Textile,Premium,Small,8.3,5.38,64.4,0.818,80.9,441.0,1549.0
Pottery,Economy,Large,22.5,5.55,57.2,0.55,72.5,153.6,2861.0
Metalware,Economy,Small,8.3,3.6,70.0,0.588,144.7,280.0,2375.0
Pottery,Standard,Small,6.9,4.96,100.0,0.562,126.8,96.6,1834.0
Jewelry,Premium,Medium,2.1,1.62,43.1,0.146,87.6,1080.0,1718.0
Pottery,Premium,Small,4.6,0.61,42.7,0.701,123.6,151.2,788.0
Leatherwork,Premium,Large,4.1,6.42,88.9,0.845,126.4,1296.0,3275.0
Painting,Premium,Large,13.8,3.22,64.7,0.451,121.0,720.0,3609.0
Woodwork,Standard,Small,12.7,4.03,77.2,0.333,78.3,322.0,2697.0
Leatherwork,Standard,Large,19.9,1.2,55.2,0.519,122.6,828.0,4522.0
Jewelry,Standard,Medium,1.6,3.81,89.7,0.193,73.5,690.0,1538.0
Leatherwork,Standard,Medium,10.4,2.62,80.0,0.255,142.7,517.5,3518.0
Metalware,Standard,Medium,5.5,3.3,78.1,0.425,144.9,575.0,2422.0
Woodwork,Standard,Medium,6.5,6.36,60.4,0.17,61.8,460.0,2056.0
Textile,Economy,Medium,9.9,3.35,76.9,0.778,126.4,280.0,2148.0
Pottery,Premium,Medium,9.9,2.81,74.5,0.297,92.6,216.0,1805.0
Painting,Economy,Small,10.2,6.75,86.4,0.204,64.0,140.0,1933.0
Painting,Premium,Large,11.3,4.29,66.3,0.368,100.1,720.0,3147.0
Textile,Standard,Large,11.4,4.02,54.8,0.697,134.9,644.0,3280.0
BambooCane,Standard,Small,6.4,5.81,56.0,0.413,136.0,120.7,2014.0
Jewelry,Premium,Medium,10.0,3.27,66.1,0.199,127.4,1080.0,4389.0
Metalware,Economy,Medium,8.3,2.42,80.4,0.211,66.8,400.0,1814.0
Painting,Premium,Small,2.4,2.02,90.7,0.583,123.1,315.0,1054.0
Woodwork,Economy,Small,5.2,2.6,51.8,0.428,78.4,224.0,924.0
Painting,Economy,Large,9.3,5.06,69.9,0.95,99.1,320.0,1911.0
Pottery,Standard,Large,5.4,3.42,76.4,0.655,139.2,220.8,1470.0
Textile,Premium,Medium,5.7,1.64,74.6,0.753,99.1,630.0,1578.0
Pottery,Economy,Small,12.2,3.5,64.5,0.232,68.0,67.2,1558.0
Pottery,Standard,Medium,7.4,5.05,67.2,0.434,137.5,138.0,2076.0
Leatherwork,Economy,Large,13.4,4.52,40.9,0.298,110.0,576.0,3215.0
Pottery,Standard,Medium,5.5,2.26,81.0,0.294,119.5,138.0,1142.0
Painting,Standard,Medium,1.9,5.46,60.5,0.295,131.5,287.5,1108.0
Jewelry,Standard,Large,11.1,4.52,65.8,0.889,103.4,1104.0,3079.0
Pottery,Economy,Small,7.5,4.89,76.1,0.186,139.2,67.2,2380.0
Woodwork,Standard,Small,12.6,7.25,22.0,0.601,115.0,322.0,2591.0
Pottery,Economy,Large,13.7,5.64,62.9,0.529,125.1,153.6,3242.0
Textile,Standard,Large,9.6,2.82,70.4,0.647,123.1,644.0,2770.0
Textile,Economy,Medium,6.4,6.12,80.8,0.555,83.6,280.0,1723.0
Woodwork,Premium,Medium,10.0,0.67,49.1,0.872,82.2,720.0,1441.0
Woodwork,Premium,Medium,9.5,1.89,66.0,0.581,130.7,720.0,2485.0
Metalware,Economy,Medium,1.6,1.87,60.1,0.558,83.6,400.0,578.0
Leatherwork,Standard,Medium,11.6,4.57,61.6,0.564,130.0,517.5,3891.0
Textile,Economy,Medium,6.1,5.6,80.6,0.242,80.9,280.0,1763.0
Woodwork,Standard,Large,9.6,6.51,58.8,0.848,69.2,736.0,1845.0
Jewelry,Standard,Small,15.0,4.8,74.0,0.44,79.1,483.0,2993.0
Woodwork,Economy,Medium,6.5,3.14,59.2,0.085,112.1,320.0,1889.0
Metalware,Premium,Medium,5.5,2.8,75.9,0.348,96.4,900.0,2521.0
Jewelry,Economy,Medium,4.4,4.59,89.9,0.308,69.3,480.0,1566.0
Pottery,Premium,Medium,10.6,7.76,60.7,0.126,128.7,216.0,3333.0
BambooCane,Standard,Small,16.3,6.02,97.4,0.652,122.0,120.7,4477.0
Pottery,Standard,Medium,5.3,2.38,75.9,0.254,94.4,138.0,1054.0
Painting,Premium,Large,21.1,4.6,61.2,0.95,75.6,720.0,3090.0
Woodwork,Premium,Small,10.4,3.95,56.6,0.474,140.5,504.0,2787.0
BambooCane,Economy,Medium,3.3,6.69,76.5,0.602,85.9,120.0,711.0
Textile,Economy,Medium,18.2,3.11,71.5,0.595,91.9,280.0,3006.0
Metalware,Standard,Large,7.3,4.42,74.9,0.862,139.0,920.0,2722.0
Pottery,Standard,Medium,15.5,4.4,86.3,0.635,131.9,138.0,3720.0
Textile,Premium,Medium,7.8,5.24,80.6,0.361,92.6,630.0,2959.0
BambooCane,Standard,Small,7.6,2.93,81.6,0.622,93.7,120.7,1371.0
Jewelry,Premium,Medium,6.7,3.73,76.1,0.733,125.4,1080.0,2990.0
BambooCane,Standard,Medium,5.2,2.03,56.6,0.588,109.0,172.5,970.0
Pottery,Premium,Large,15.1,0.84,74.4,0.149,97.2,345.6,2444.0
Leatherwork,Economy,Medium,1.6,3.39,78.2,0.283,125.6,360.0,958.0
Jewelry,Premium,Medium,7.1,2.27,59.9,0.353,70.9,1080.0,2315.0
BambooCane,Economy,Small,6.1,1.38,69.3,0.523,66.9,84.0,639.0
Textile,Economy,Medium,4.1,4.66,52.8,0.251,70.3,280.0,1092.0
Leatherwork,Standard,Medium,14.4,5.3,82.1,0.313,137.1,517.5,4889.0
Jewelry,Standard,Medium,4.7,4.48,90.5,0.338,127.3,690.0,3003.0
Painting,Standard,Large,9.3,6.7,54.0,0.392,99.5,460.0,2580.0
Textile,Economy,Large,1.8,4.25,87.4,0.353,95.7,448.0,1210.0
Painting,Standard,Small,12.3,5.38,68.5,0.759,91.5,201.2,2177.0
Painting,Economy,Large,8.0,5.31,50.0,0.398,139.9,320.0,2668.0
Textile,Standard,Large,15.2,2.23,66.6,0.211,83.4,644.0,2757.0
Painting,Premium,Small,3.2,2.39,72.8,0.585,61.6,315.0,777.0
Leatherwork,Standard,Small,10.7,3.26,61.0,0.318,80.8,362.2,2069.0
Pottery,Premium,Small,14.5,6.08,69.0,0.549,147.2,151.2,3892.0
Textile,Economy,Medium,10.2,6.49,79.0,0.572,68.9,280.0,1949.0
BambooCane,Standard,Large,7.4,2.33,81.9,0.463,90.2,276.0,1504.0
Pottery,Economy,Medium,3.3,5.03,67.8,0.29,121.5,96.0,1076.0
Pottery,Standard,Small,13.4,2.35,82.8,0.181,112.2,96.6,3192.0
Jewelry,Standard,Large,13.1,4.21,49.8,0.414,131.5,1104.0,4651.0
Pottery,Premium,Medium,9.5,5.81,81.9,0.515,143.5,216.0,3370.0
Jewelry,Standard,Small,18.3,4.01,74.8,0.1,76.2,483.0,3811.0
Painting,Premium,Small,3.5,4.73,89.4,0.182,86.7,315.0,1336.0
Metalware,Standard,Medium,12.3,2.47,91.7,0.304,96.8,575.0,3117.0
Pottery,Premium,Medium,23.6,5.11,90.3,0.578,149.4,216.0,7438.0
Pottery,Premium,Large,4.6,4.35,66.2,0.9,106.8,345.6,1101.0
Metalware,Standard,Large,9.0,2.52,80.1,0.811,72.3,920.0,1911.0
Metalware,Economy,Medium,5.0,2.46,82.5,0.114,136.1,400.0,2301.0
Textile,Standard,Small,7.7,2.43,73.4,0.285,112.5,281.7,2099.0
Painting,Economy,Large,14.5,5.12,69.4,0.072,114.2,320.0,4671.0
Woodwork,Standard,Medium,2.6,1.19,44.3,0.58,138.5,460.0,861.0
Pottery,Economy,Small,18.0,4.75,49.5,0.586,85.8,67.2,2474.0
BambooCane,Standard,Medium,6.1,4.22,69.5,0.209,116.4,172.5,1699.0
Leatherwork,Economy,Small,5.1,4.59,61.2,0.55,76.4,252.0,1170.0
Painting,Premium,Medium,7.1,5.12,83.5,0.755,140.9,450.0,2286.0
Metalware,Standard,Small,7.7,5.15,75.4,0.646,86.6,402.5,1920.0
Woodwork,Premium,Small,2.9,4.29,48.8,0.871,103.5,504.0,1165.0
Textile,Premium,Small,7.6,1.74,60.3,0.556,98.8,441.0,1457.0
Painting,Premium,Small,9.0,4.67,100.0,0.767,94.7,315.0,2126.0
Metalware,Premium,Small,7.5,2.35,90.6,0.933,97.6,630.0,1768.0
Painting,Standard,Medium,10.2,4.76,62.6,0.523,130.7,287.5,2930.0
Painting,Economy,Medium,6.8,5.17,56.3,0.236,102.5,200.0,1901.0
Textile,Standard,Medium,11.5,3.67,74.8,0.74,85.0,402.5,2020.0
Pottery,Premium,Large,16.1,6.26,53.5,0.69,89.5,345.6,2968.0
Pottery,Standard,Small,9.1,3.9,91.0,0.399,111.7,96.6,2297.0
Leatherwork,Premium,Medium,14.0,6.93,83.7,0.687,112.7,810.0,4988.0
Pottery,Premium,Small,8.6,2.77,85.4,0.589,66.6,151.2,1166.0
Jewelry,Economy,Small,3.3,3.59,71.2,0.848,148.5,336.0,1101.0
BambooCane,Standard,Small,4.9,4.35,77.4,0.359,60.4,120.7,754.0
BambooCane,Standard,Medium,9.6,2.13,98.0,0.454,148.5,172.5,2728.0
Painting,Standard,Large,14.1,1.85,79.1,0.47,125.8,460.0,3436.0
Metalware,Standard,Large,9.1,8.89,78.6,0.506,91.2,920.0,3688.0
Pottery,Standard,Small,3.2,1.11,76.9,0.621,123.3,96.6,668.0
Metalware,Premium,Medium,9.9,8.38,61.8,0.567,68.5,900.0,3243.0
Pottery,Standard,Small,10.9,3.95,52.1,0.163,92.6,96.6,2151.0
Painting,Standard,Small,8.8,1.17,80.9,0.177,106.4,201.2,1855.0
Textile,Economy,Large,16.0,5.59,71.3,0.648,70.6,448.0,2529.0
Pottery,Economy,Medium,3.1,2.39,74.7,0.167,101.9,96.0,710.0
Textile,Standard,Small,10.6,5.3,66.3,0.537,144.0,281.7,3106.0
BambooCane,Standard,Small,5.4,6.69,81.4,0.84,86.5,120.7,1100.0
Leatherwork,Economy,Small,1.7,1.54,73.4,0.177,91.1,252.0,677.0
Woodwork,Economy,Medium,14.9,1.95,64.1,0.476,81.3,320.0,2383.0
Woodwork,Economy,Large,18.4,2.45,46.1,0.509,122.0,512.0,3776.0
Metalware,Standard,Small,18.0,1.62,84.1,0.91,79.9,402.5,2062.0
Painting,Economy,Medium,3.8,5.82,35.9,0.335,90.4,200.0,883.0
Metalware,Standard,Small,5.5,5.51,70.5,0.396,81.9,402.5,1501.0
Metalware,Premium,Large,11.4,5.23,66.3,0.323,82.8,1440.0,4528.0
Jewelry,Standard,Medium,1.0,3.91,44.6,0.138,122.1,690.0,1529.0
Woodwork,Premium,Medium,3.1,1.76,88.2,0.461,121.0,720.0,1782.0
Pottery,Standard,Small,11.4,5.44,54.8,0.129,94.0,96.6,2430.0
Metalware,Standard,Small,12.6,5.22,71.7,0.24,88.4,402.5,2945.0
Leatherwork,Standard,Medium,12.1,3.67,46.1,0.669,74.4,517.5,2025.0
Textile,Standard,Medium,4.4,3.52,77.5,0.768,76.8,402.5,1027.0
Leatherwork,Standard,Medium,16.5,3.19,76.0,0.766,93.8,517.5,2701.0
Pottery,Standard,Medium,17.7,4.69,64.8,0.494,92.7,138.0,3301.0
Jewelry,Economy,Medium,7.5,2.12,58.7,0.751,76.0,480.0,1187.0
Pottery,Standard,Large,14.2,8.31,73.1,0.603,134.0,220.8,4170.0
Jewelry,Standard,Medium,17.4,1.09,74.3,0.644,68.6,690.0,2271.0
BambooCane,Premium,Small,3.8,1.32,76.0,0.441,68.5,189.0,585.0
Jewelry,Standard,Large,7.4,2.99,92.8,0.388,91.9,1104.0,3295.0
Metalware,Premium,Small,3.9,1.53,81.5,0.691,93.0,630.0,1455.0
Jewelry,Economy,Small,6.6,2.34,61.1,0.212,73.9,336.0,1367.0
Textile,Economy,Medium,3.3,2.43,86.0,0.424,73.0,280.0,932.0
BambooCane,Economy,Large,8.5,2.78,65.4,0.691,112.1,192.0,1767.0
Pottery,Premium,Medium,9.5,7.17,59.2,0.561,86.2,216.0,2198.0
Painting,Economy,Medium,11.6,5.98,57.9,0.63,128.5,200.0,3096.0
Textile,Standard,Medium,8.5,4.5,71.0,0.783,140.4,402.5,2316.0
Metalware,Premium,Medium,13.3,5.56,64.0,0.188,74.3,900.0,4023.0
Textile,Standard,Small,15.8,3.61,49.8,0.796,120.8,281.7,3006.0
Metalware,Economy,Medium,12.9,4.16,83.5,0.608,72.5,400.0,2534.0
Painting,Economy,Large,11.4,4.67,39.8,0.781,131.2,320.0,1871.0
Pottery,Economy,Medium,2.6,2.99,100.0,0.729,131.2,96.0,706.0
Pottery,Economy,Medium,5.3,0.5,42.9,0.258,96.1,96.0,715.0
Painting,Economy,Large,17.2,0.5,51.0,0.529,130.9,320.0,3082.0
Textile,Standard,Medium,7.6,4.48,52.1,0.559,64.4,402.5,1487.0
Painting,Premium,Small,13.7,3.5,55.6,0.459,80.5,315.0,2206.0
Woodwork,Economy,Large,25.1,4.09,45.1,0.451,86.6,512.0,3527.0
Jewelry,Standard,Small,17.6,6.65,72.9,0.577,114.0,483.0,4528.0
Pottery,Standard,Small,11.9,2.77,60.5,0.636,63.4,96.6,1217.0
Leatherwork,Premium,Medium,11.5,5.96,66.9,0.674,144.7,810.0,4558.0
Painting,Standard,Small,7.8,3.47,67.6,0.621,141.0,201.2,1868.0
Leatherwork,Premium,Medium,5.1,2.0,92.5,0.342,122.4,810.0,2109.0
Woodwork,Economy,Large,5.7,2.45,74.0,0.294,125.7,512.0,1945.0
Textile,Economy,Medium,8.0,2.82,63.5,0.744,61.8,280.0,996.0
BambooCane,Economy,Small,12.9,5.44,86.9,0.267,132.8,84.0,4008.0
Jewelry,Standard,Large,5.0,4.79,60.9,0.277,124.0,1104.0,3358.0
Jewelry,Economy,Medium,13.8,2.34,65.4,0.269,123.4,480.0,3821.0
Textile,Premium,Small,3.8,6.11,50.2,0.206,124.2,441.0,1864.0
Metalware,Standard,Medium,6.5,2.24,63.5,0.608,70.6,575.0,1413.0
Woodwork,Economy,Small,12.6,5.07,55.2,0.414,143.6,224.0,3217.0
Textile,Standard,Medium,6.5,0.75,100.0,0.403,97.6,402.5,1513.0
Textile,Economy,Large,8.7,3.48,84.4,0.524,68.7,448.0,1817.0
Leatherwork,Economy,Large,24.3,6.42,98.6,0.904,149.0,576.0,6929.0
Painting,Standard,Medium,3.4,1.07,72.3,0.571,92.7,287.5,795.0
Textile,Economy,Medium,4.8,3.63,82.6,0.814,100.6,280.0,1056.0
Metalware,Economy,Small,12.7,6.54,66.1,0.474,116.9,280.0,3405.0
Textile,Economy,Large,8.4,3.13,89.0,0.787,147.2,448.0,2939.0
Leatherwork,Standard,Small,6.3,4.73,80.9,0.831,81.6,362.2,1294.0
Pottery,Economy,Medium,9.5,4.16,46.0,0.434,115.8,96.0,2069.0
Textile,Economy,Small,10.0,3.57,59.9,0.362,73.5,196.0,1681.0
Leatherwork,Economy,Small,3.0,4.73,65.1,0.767,118.2,252.0,892.0
Metalware,Economy,Medium,9.6,3.22,86.8,0.122,125.5,400.0,3102.0
Metalware,Premium,Small,9.3,2.01,57.1,0.47,132.4,630.0,2450.0
Textile,Economy,Large,6.6,3.98,62.0,0.62,92.9,448.0,1844.0
Leatherwork,Economy,Small,6.7,3.77,97.4,0.25,66.0,252.0,1521.0
Painting,Economy,Small,4.7,5.91,71.5,0.341,67.0,140.0,984.0
Pottery,Standard,Medium,8.3,4.46,60.1,0.448,68.3,138.0,1206.0
BambooCane,Standard,Medium,3.2,0.5,73.1,0.466,89.2,172.5,619.0
Metalware,Premium,Medium,5.8,4.89,69.7,0.59,148.8,900.0,2811.0
Woodwork,Standard,Medium,13.2,4.91,71.4,0.107,67.8,460.0,3021.0
Textile,Standard,Small,6.3,4.63,86.3,0.239,68.3,281.7,1377.0
Painting,Economy,Large,7.8,7.23,32.8,0.417,100.2,320.0,2201.0
Painting,Economy,Small,5.7,2.95,83.8,0.644,93.4,140.0,1144.0
BambooCane,Standard,Medium,3.3,5.31,78.3,0.508,126.3,172.5,1019.0
Painting,Standard,Small,9.3,2.69,90.7,0.85,141.2,201.2,2176.0
BambooCane,Standard,Small,3.5,2.58,50.9,0.437,117.3,120.7,751.0
Woodwork,Standard,Large,4.2,7.3,81.8,0.285,137.2,736.0,3407.0
Woodwork,Economy,Small,16.3,4.86,100.0,0.376,137.8,224.0,5418.0
Metalware,Standard,Small,3.7,6.34,69.0,0.902,134.4,402.5,1197.0
Leatherwork,Economy,Medium,8.0,6.2,56.6,0.442,146.3,360.0,2546.0
Painting,Economy,Large,19.8,3.82,86.8,0.287,134.8,320.0,6203.0
Metalware,Economy,Medium,14.3,6.7,84.9,0.214,134.9,400.0,5636.0
BambooCane,Economy,Large,11.8,3.7,73.2,0.373,64.3,192.0,1561.0
Leatherwork,Economy,Large,6.8,2.02,82.9,0.415,79.4,576.0,2059.0
Woodwork,Economy,Small,11.2,1.0,79.0,0.748,106.8,224.0,1669.0
Painting,Economy,Medium,13.7,5.94,68.2,0.372,72.2,200.0,2198.0
Pottery,Standard,Medium,12.5,2.22,79.0,0.647,135.0,138.0,2790.0
Textile,Premium,Large,2.1,3.8,88.7,0.314,60.0,1008.0,2278.0
Painting,Standard,Medium,5.3,5.21,53.9,0.16,75.3,287.5,1179.0
BambooCane,Economy,Medium,2.9,5.53,84.4,0.356,117.4,120.0,997.0
Pottery,Standard,Large,5.0,6.02,85.2,0.203,121.0,220.8,1692.0
Jewelry,Standard,Medium,7.0,2.97,64.0,0.388,76.7,690.0,1873.0
Jewelry,Standard,Small,5.0,3.91,81.9,0.828,66.0,483.0,1196.0
Textile,Standard,Medium,7.6,3.96,42.1,0.65,100.8,402.5,1444.0
Pottery,Premium,Small,12.9,1.38,56.3,0.164,131.2,151.2,2607.0
Leatherwork,Standard,Medium,13.2,2.59,72.2,0.291,125.0,517.5,4174.0
Painting,Economy,Large,13.7,4.16,93.3,0.768,121.8,320.0,3147.0
Pottery,Premium,Small,13.0,2.93,82.6,0.626,75.2,151.2,1770.0
Textile,Premium,Small,5.5,2.02,70.8,0.461,142.8,441.0,1832.0
Metalware,Economy,Small,3.4,6.76,60.5,0.652,139.4,280.0,1144.0
Leatherwork,Standard,Small,9.5,7.96,42.8,0.404,118.5,362.2,2860.0
BambooCane,Standard,Medium,6.7,5.25,57.7,0.742,113.9,172.5,1387.0
BambooCane,Premium,Medium,3.1,7.06,51.9,0.807,83.1,270.0,871.0
Painting,Premium,Medium,8.6,0.97,69.6,0.535,106.9,450.0,1786.0
Textile,Standard,Small,10.7,5.13,73.4,0.546,66.1,281.7,1982.0
Leatherwork,Standard,Medium,13.7,2.62,52.7,0.825,96.9,517.5,2199.0
Jewelry,Economy,Medium,5.0,1.01,64.6,0.545,94.8,480.0,1379.0
Leatherwork,Standard,Medium,10.8,1.31,77.2,0.86,134.3,517.5,2502.0
Jewelry,Economy,Medium,18.1,4.01,67.4,0.184,104.9,480.0,4985.0
Painting,Economy,Small,14.8,5.79,41.6,0.051,137.7,140.0,4098.0
BambooCane,Economy,Medium,4.1,5.28,83.5,0.404,101.7,120.0,975.0
Woodwork,Standard,Medium,12.9,5.11,52.8,0.32,132.9,460.0,3455.0
Woodwork,Standard,Small,24.0,6.68,91.6,0.727,94.4,322.0,4824.0
Metalware,Premium,Small,4.0,4.87,71.0,0.757,124.0,630.0,1976.0
Painting,Economy,Small,2.5,0.5,91.3,0.779,139.2,140.0,676.0
Jewelry,Economy,Large,6.7,5.28,78.0,0.543,83.8,768.0,2546.0
Textile,Premium,Small,5.9,3.79,71.1,0.344,105.6,441.0,1682.0
Painting,Standard,Large,10.5,6.46,57.2,0.602,142.5,460.0,3181.0
Woodwork,Premium,Medium,10.2,1.06,69.0,0.571,148.6,720.0,3395.0
Painting,Economy,Medium,4.1,4.12,43.2,0.1,73.2,200.0,947.0
Leatherwork,Standard,Medium,11.4,4.05,64.7,0.519,60.7,517.5,2071.0
Textile,Premium,Medium,8.4,1.83,72.1,0.611,147.1,630.0,2692.0
Jewelry,Economy,Large,2.4,5.18,86.2,0.598,136.8,768.0,2114.0
Metalware,Standard,Medium,4.5,7.18,85.8,0.654,79.6,575.0,1837.0
Pottery,Standard,Medium,3.2,5.56,97.1,0.618,77.9,138.0,741.0
Jewelry,Economy,Small,14.1,0.96,72.1,0.294,146.3,336.0,3540.0
Leatherwork,Standard,Large,11.5,3.75,74.3,0.884,65.4,828.0,2096.0
Pottery,Standard,Medium,4.2,6.15,65.0,0.399,70.3,138.0,790.0
Pottery,Premium,Medium,4.4,1.54,34.7,0.166,90.0,216.0,781.0
Jewelry,Standard,Small,18.8,5.15,74.1,0.641,61.0,483.0,3350.0
Woodwork,Premium,Medium,23.2,3.37,58.6,0.724,124.4,720.0,4546.0
Woodwork,Standard,Small,8.0,3.01,62.3,0.758,134.1,322.0,1939.0
Painting,Standard,Medium,13.9,5.02,86.9,0.34,127.8,287.5,4236.0
Leatherwork,Standard,Large,10.9,1.63,39.3,0.623,116.4,828.0,2457.0
Woodwork,Economy,Small,17.7,2.09,77.3,0.613,123.2,224.0,3380.0
Painting,Standard,Medium,17.3,2.81,70.9,0.14,126.1,287.5,4427.0
Painting,Standard,Medium,8.8,5.22,63.9,0.95,85.9,287.5,1463.0
Textile,Economy,Medium,4.6,4.41,64.6,0.556,135.5,280.0,1408.0
Jewelry,Economy,Medium,3.1,4.95,64.4,0.682,134.1,480.0,1441.0
BambooCane,Standard,Small,8.3,7.19,66.6,0.1,79.2,120.7,1905.0
Woodwork,Economy,Small,17.1,5.84,79.0,0.252,91.0,224.0,3669.0
BambooCane,Standard,Medium,13.7,5.39,61.7,0.675,73.0,172.5,1895.0
Painting,Standard,Large,15.7,2.72,95.3,0.742,107.2,460.0,3392.0
Leatherwork,Economy,Small,8.4,2.98,69.9,0.18,115.3,252.0,2172.0
Painting,Economy,Small,10.5,5.59,76.8,0.379,86.2,140.0,2333.0
Painting,Premium,Medium,4.1,2.81,68.5,0.378,72.3,450.0,923.0
Jewelry,Standard,Medium,3.8,4.15,84.8,0.519,94.5,690.0,1851.0
Painting,Premium,Medium,5.2,6.05,79.7,0.779,125.9,450.0,1948.0
Pottery,Standard,Large,6.5,3.74,86.1,0.337,150.0,220.8,2162.0
Metalware,Economy,Medium,5.0,4.22,68.7,0.712,90.0,400.0,1264.0
Textile,Standard,Large,3.1,5.89,76.4,0.493,146.6,644.0,1672.0
BambooCane,Economy,Medium,11.7,3.73,74.9,0.772,68.1,120.0,1343.0
BambooCane,Standard,Small,9.8,2.56,49.2,0.157,104.6,120.7,1770.0
Painting,Premium,Large,7.2,3.63,59.2,0.685,139.3,720.0,2490.0
Jewelry,Standard,Medium,5.7,4.15,74.9,0.243,99.1,690.0,1962.0
Pottery,Economy,Medium,1.9,4.55,78.2,0.678,102.9,96.0,505.0
Textile,Standard,Medium,15.2,1.98,77.0,0.813,60.4,402.5,1756.0
Leatherwork,Economy,Medium,4.6,2.3,78.1,0.602,123.4,360.0,1350.0
Pottery,Standard,Small,7.3,7.55,66.4,0.504,140.2,96.6,2011.0
Painting,Economy,Large,4.9,2.26,66.2,0.342,103.9,320.0,1391.0
BambooCane,Standard,Small,3.8,4.71,86.9,0.601,85.0,120.7,752.0
Woodwork,Standard,Large,10.9,3.29,75.9,0.86,114.6,736.0,2450.0
Pottery,Standard,Small,15.5,4.77,96.5,0.403,106.1,96.6,3490.0
Metalware,Economy,Large,8.8,7.56,74.1,0.742,90.3,640.0,2411.0
Metalware,Economy,Medium,10.6,2.18,20.0,0.288,109.9,400.0,1691.0
Jewelry,Economy,Small,6.9,2.41,47.8,0.603,102.7,336.0,1226.0
Leatherwork,Economy,Medium,5.5,2.49,44.5,0.782,116.6,360.0,1198.0
Woodwork,Standard,Small,5.6,5.88,87.3,0.707,138.2,322.0,2172.0
Woodwork,Premium,Medium,7.7,5.29,67.6,0.294,144.3,720.0,3572.0
Metalware,Economy,Medium,7.6,5.86,94.4,0.846,105.7,400.0,2129.0
Metalware,Economy,Small,9.6,2.09,53.3,0.555,146.4,280.0,2100.0
Painting,Economy,Medium,7.6,2.32,59.8,0.649,123.7,200.0,1656.0
BambooCane,Economy,Medium,16.5,5.58,68.8,0.338,143.4,120.0,5330.0
Woodwork,Standard,Large,3.2,4.98,71.1,0.619,70.2,736.0,1534.0
Woodwork,Standard,Medium,3.0,1.54,64.1,0.111,117.3,460.0,1153.0
Metalware,Standard,Medium,6.6,0.71,60.1,0.804,147.2,575.0,1501.0
Woodwork,Economy,Small,6.7,5.42,78.6,0.676,127.3,224.0,1864.0
BambooCane,Economy,Medium,15.5,1.76,59.5,0.419,115.4,120.0,2561.0
Textile,Economy,Large,5.9,3.15,58.7,0.8,83.8,448.0,1020.0
Painting,Premium,Large,10.8,2.02,67.3,0.438,86.1,720.0,2386.0
Woodwork,Standard,Medium,17.8,6.39,91.1,0.641,143.9,460.0,6094.0
Textile,Economy,Medium,3.7,6.11,75.6,0.765,97.7,280.0,1210.0
Pottery,Premium,Medium,6.4,6.87,66.5,0.536,146.1,216.0,1879.0
Metalware,Standard,Medium,4.7,1.19,68.4,0.715,101.2,575.0,1269.0
Leatherwork,Standard,Small,10.3,1.19,72.5,0.538,126.0,362.2,2132.0
Painting,Standard,Small,14.9,4.0,89.6,0.677,82.7,201.2,2742.0
Textile,Standard,Small,9.6,8.04,75.7,0.208,66.4,281.7,2335.0
Leatherwork,Standard,Medium,3.3,2.24,100.0,0.599,95.1,517.5,1488.0
BambooCane,Economy,Small,8.9,4.23,62.3,0.396,90.9,84.0,1577.0
Painting,Economy,Small,13.9,1.73,86.6,0.705,105.2,140.0,2342.0
Textile,Standard,Small,1.0,3.8,79.3,0.617,95.8,281.7,594.0
Pottery,Economy,Large,9.1,0.93,77.5,0.727,149.1,153.6,1918.0
Textile,Economy,Large,9.3,1.84,47.9,0.467,107.3,448.0,1982.0
Metalware,Premium,Medium,1.8,0.5,83.9,0.257,90.7,900.0,1536.0
Leatherwork,Economy,Medium,10.1,3.89,72.9,0.591,72.9,360.0,1632.0
Metalware,Economy,Small,9.2,6.95,79.8,0.934,134.2,280.0,1879.0
Jewelry,Premium,Large,15.2,4.42,78.2,0.732,137.4,1728.0,6588.0
Painting,Economy,Large,20.7,2.85,70.2,0.383,122.0,320.0,4211.0
Pottery,Premium,Large,10.0,8.82,52.4,0.716,109.5,345.6,2643.0
Textile,Economy,Small,6.4,4.95,58.5,0.405,120.6,196.0,1797.0
Painting,Standard,Medium,16.9,6.19,81.8,0.495,81.4,287.5,3293.0
Textile,Standard,Small,4.9,1.71,71.3,0.326,133.6,281.7,1725.0
Leatherwork,Standard,Small,16.2,2.4,80.2,0.589,67.4,362.2,2207.0
Jewelry,Economy,Large,5.5,2.28,81.7,0.502,65.3,768.0,1796.0
BambooCane,Premium,Medium,23.6,4.22,52.2,0.543,91.3,270.0,3610.0
Textile,Economy,Large,10.3,1.89,82.6,0.867,136.8,448.0,2670.0
BambooCane,Economy,Small,3.5,1.74,65.5,0.773,88.4,84.0,552.0
Metalware,Premium,Small,2.1,5.63,58.7,0.354,91.1,630.0,1335.0
Metalware,Economy,Small,10.3,1.47,60.5,0.343,95.6,280.0,1577.0
Pottery,Economy,Small,13.8,7.58,53.6,0.595,118.0,67.2,3057.0
Painting,Premium,Small,9.3,6.23,69.9,0.447,83.0,315.0,2065.0
Leatherwork,Standard,Large,13.8,2.54,61.9,0.354,129.9,828.0,4649.0
BambooCane,Premium,Large,11.9,4.32,85.6,0.356,95.5,432.0,3084.0
Woodwork,Premium,Large,7.8,1.77,85.8,0.138,82.0,1152.0,3410.0
Metalware,Standard,Small,3.4,5.57,82.2,0.741,118.9,402.5,1427.0
Pottery,Economy,Small,11.3,2.18,73.7,0.756,120.3,67.2,1418.0
Metalware,Premium,Medium,11.8,3.9,44.9,0.455,69.4,900.0,2370.0
Metalware,Standard,Medium,3.1,5.38,46.4,0.118,121.1,575.0,1762.0
BambooCane,Standard,Small,4.1,5.02,100.0,0.351,140.3,120.7,1346.0
Metalware,Economy,Medium,4.8,1.1,80.2,0.587,124.2,400.0,1396.0
Textile,Premium,Small,7.1,3.28,70.2,0.813,76.3,441.0,1358.0
Painting,Economy,Small,12.0,6.1,87.9,0.627,103.0,140.0,2205.0
Leatherwork,Premium,Small,5.4,2.6,75.7,0.253,119.3,567.0,2181.0
Woodwork,Standard,Medium,6.7,5.54,85.6,0.537,75.2,460.0,2135.0
Leatherwork,Standard,Medium,15.8,4.69,66.6,0.642,113.2,517.5,3924.0
Textile,Standard,Medium,14.3,3.43,75.8,0.389,65.8,402.5,2203.0
Pottery,Economy,Medium,16.3,6.16,70.3,0.29,106.4,96.0,3717.0
Leatherwork,Economy,Medium,2.6,2.58,71.9,0.75,127.4,360.0,805.0
Leatherwork,Premium,Small,4.3,2.53,46.6,0.399,149.7,567.0,1615.0
Textile,Economy,Small,3.3,3.91,49.9,0.806,137.0,196.0,784.0
Leatherwork,Standard,Small,9.5,5.15,99.4,0.293,128.0,362.2,3521.0
BambooCane,Standard,Small,4.0,5.76,56.2,0.439,130.6,120.7,1207.0
Pottery,Economy,Medium,2.7,3.06,79.8,0.328,131.1,96.0,856.0
Jewelry,Standard,Medium,3.2,2.71,74.0,0.615,84.4,690.0,1367.0
Leatherwork,Economy,Small,6.4,7.22,75.1,0.584,122.3,252.0,1749.0
Metalware,Standard,Large,8.1,4.24,60.3,0.219,96.9,920.0,2745.0
Leatherwork,Standard,Medium,8.6,3.77,65.4,0.682,138.2,517.5,2550.0
Pottery,Economy,Medium,7.5,0.5,62.9,0.132,64.3,96.0,910.0
Textile,Standard,Large,18.7,1.1,43.6,0.544,76.7,644.0,2262.0
Leatherwork,Standard,Medium,25.3,2.03,72.6,0.112,123.4,517.5,6196.0
Pottery,Premium,Small,7.6,3.7,61.0,0.863,116.1,151.2,1163.0
Jewelry,Economy,Small,19.4,5.92,78.6,0.271,127.9,336.0,5313.0
Metalware,Economy,Large,16.2,1.38,76.3,0.373,117.2,640.0,4263.0
Painting,Economy,Medium,8.2,3.17,65.9,0.644,98.6,200.0,1484.0
Woodwork,Premium,Medium,5.7,3.51,59.3,0.544,149.3,720.0,2442.0
Painting,Economy,Medium,3.6,9.14,61.2,0.305,67.0,200.0,1086.0
Painting,Standard,Medium,3.1,0.63,57.0,0.418,87.4,287.5,790.0
Pottery,Standard,Large,6.7,3.3,72.7,0.445,106.5,220.8,1689.0
Woodwork,Economy,Large,4.7,5.47,100.0,0.825,61.2,512.0,1443.0
Leatherwork,Premium,Small,8.4,7.15,55.3,0.252,121.7,567.0,3100.0
Pottery,Premium,Small,5.0,2.52,83.7,0.112,61.5,151.2,864.0
Woodwork,Premium,Small,2.2,3.89,65.2,0.264,138.4,504.0,1442.0
Woodwork,Standard,Small,13.8,3.44,63.5,0.59,60.2,322.0,1635.0
Pottery,Economy,Medium,21.2,4.89,100.0,0.614,103.7,96.0,4435.0
Textile,Economy,Small,4.6,4.11,58.0,0.717,109.5,196.0,883.0
Pottery,Standard,Small,26.5,2.29,91.0,0.433,61.5,96.6,3030.0
Woodwork,Standard,Large,12.2,3.51,71.3,0.683,85.8,736.0,2716.0
Jewelry,Premium,Large,12.4,5.23,81.4,0.81,119.9,1728.0,5328.0
Pottery,Economy,Medium,6.5,6.01,80.8,0.619,103.7,96.0,1448.0
Woodwork,Economy,Large,12.4,1.56,87.9,0.449,109.1,512.0,2515.0
Pottery,Economy,Medium,16.4,6.31,39.7,0.728,95.5,96.0,2721.0
BambooCane,Economy,Large,11.4,0.96,73.0,0.625,91.3,192.0,1540.0
Leatherwork,Standard,Medium,9.9,5.48,95.4,0.757,102.5,517.5,2825.0
Textile,Premium,Medium,5.5,6.16,80.4,0.099,103.9,630.0,2945.0
BambooCane,Standard,Small,9.9,2.35,69.0,0.134,110.4,120.7,1773.0
Pottery,Standard,Medium,18.6,2.33,74.2,0.564,121.9,138.0,3497.0
BambooCane,Economy,Small,5.8,4.38,58.6,0.207,88.0,84.0,1064.0
Textile,Standard,Small,9.8,6.03,79.8,0.838,135.9,281.7,2666.0
Painting,Standard,Small,12.2,1.37,80.3,0.199,120.6,201.2,2583.0
Textile,Standard,Small,8.8,5.04,79.9,0.537,69.6,281.7,1710.0
Textile,Economy,Small,17.9,0.82,71.4,0.173,142.3,196.0,4154.0
Painting,Standard,Small,9.9,2.27,78.2,0.622,124.4,201.2,1875.0
Woodwork,Economy,Medium,4.2,2.21,42.4,0.146,97.5,320.0,985.0
Woodwork,Premium,Medium,17.5,6.19,88.6,0.681,122.6,720.0,5181.0
Metalware,Premium,Medium,9.4,5.45,70.6,0.769,96.9,900.0,2978.0
Metalware,Premium,Medium,16.3,3.85,73.2,0.331,133.0,900.0,5073.0
Jewelry,Standard,Medium,8.4,2.7,68.1,0.271,85.4,690.0,1850.0
Leatherwork,Standard,Small,3.2,5.37,67.2,0.562,78.8,362.2,996.0
Leatherwork,Economy,Small,6.8,2.19,96.3,0.882,72.7,252.0,919.0
Painting,Economy,Large,10.6,1.72,62.9,0.168,138.8,320.0,2549.0
Jewelry,Economy,Medium,7.7,4.99,75.6,0.404,80.5,480.0,2138.0
Leatherwork,Standard,Medium,9.6,1.4,64.8,0.684,95.3,517.5,1664.0
Painting,Standard,Medium,7.6,7.94,86.9,0.756,77.9,287.5,1780.0
Leatherwork,Economy,Small,5.3,2.51,54.5,0.084,64.7,252.0,1152.0
Textile,Economy,Medium,3.4,6.82,36.9,0.384,134.4,280.0,1246.0
Woodwork,Standard,Small,4.7,3.41,54.3,0.347,102.5,322.0,1052.0
BambooCane,Standard,Small,8.8,3.08,45.0,0.138,70.3,120.7,1247.0
Woodwork,Premium,Medium,8.7,4.48,79.2,0.516,83.5,720.0,2401.0
Metalware,Economy,Large,9.1,4.37,91.3,0.436,98.7,640.0,2878.0
Painting,Premium,Medium,3.0,8.37,75.1,0.764,71.4,450.0,1314.0
Jewelry,Economy,Large,18.4,4.72,74.2,0.396,148.6,768.0,6874.0
Pottery,Standard,Small,10.8,2.01,53.4,0.453,72.5,96.6,1364.0
Textile,Standard,Small,12.7,3.63,77.0,0.39,99.2,281.7,2804.0
Pottery,Economy,Large,18.0,3.22,66.5,0.621,111.9,153.6,3470.0
Leatherwork,Standard,Large,12.4,6.18,97.1,0.257,66.6,828.0,4158.0
Jewelry,Economy,Large,6.8,5.73,59.2,0.443,125.1,768.0,2965.0
Textile,Standard,Medium,5.5,1.71,87.2,0.701,120.7,402.5,1438.0
Textile,Premium,Large,6.7,6.0,80.0,0.451,135.8,1008.0,3780.0
Jewelry,Premium,Small,5.4,2.57,94.5,0.95,78.0,756.0,1401.0
BambooCane,Economy,Medium,13.0,5.21,65.7,0.652,89.5,120.0,1896.0
Painting,Economy,Medium,8.8,3.77,83.3,0.389,145.2,200.0,2676.0
Jewelry,Premium,Small,10.0,3.8,66.9,0.075,113.6,756.0,3295.0
Woodwork,Standard,Small,16.9,1.0,58.9,0.543,81.0,322.0,2167.0
Leatherwork,Standard,Medium,7.4,3.81,80.7,0.366,130.8,517.5,2764.0
Leatherwork,Economy,Large,6.5,1.77,80.2,0.3,132.8,576.0,2550.0
BambooCane,Premium,Medium,11.0,5.84,72.3,0.618,112.4,270.0,2605.0
BambooCane,Standard,Medium,7.7,2.39,71.4,0.55,106.5,172.5,1571.0
BambooCane,Economy,Small,11.8,4.26,64.6,0.149,77.7,84.0,1771.0
Woodwork,Premium,Small,2.8,5.36,84.4,0.801,99.4,504.0,1334.0
Pottery,Premium,Medium,5.4,2.6,77.3,0.731,100.8,216.0,1052.0
Jewelry,Economy,Medium,12.7,7.56,78.9,0.936,64.5,480.0,2136.0
Jewelry,Standard,Medium,11.1,3.12,45.2,0.548,79.4,690.0,2087.0
Pottery,Premium,Medium,11.3,6.16,54.1,0.452,148.0,216.0,3850.0
BambooCane,Economy,Small,14.7,2.43,64.0,0.513,115.7,84.0,2378.0
Leatherwork,Premium,Large,9.9,6.75,66.1,0.071,81.8,1296.0,5301.0
Jewelry,Standard,Medium,14.3,6.96,80.7,0.808,86.3,690.0,3560.0
BambooCane,Standard,Small,10.1,4.34,79.8,0.865,96.3,120.7,1493.0
Leatherwork,Premium,Medium,21.4,4.49,75.7,0.489,65.5,810.0,3857.0
BambooCane,Standard,Small,11.2,7.33,68.9,0.817,143.5,120.7,2886.0
Woodwork,Standard,Medium,18.1,4.88,64.9,0.303,148.0,460.0,6052.0
Painting,Economy,Small,8.6,4.33,60.0,0.216,134.5,140.0,2698.0
Leatherwork,Premium,Large,12.3,4.73,72.8,0.474,106.3,1296.0,4746.0
BambooCane,Standard,Large,1.0,1.7,48.8,0.945,85.6,276.0,379.0
Woodwork,Standard,Small,23.1,8.23,64.1,0.139,109.6,322.0,6321.0
Pottery,Standard,Medium,8.5,4.73,72.6,0.773,140.4,138.0,2085.0
Painting,Premium,Small,9.7,6.44,92.1,0.376,66.3,315.0,2139.0
Metalware,Premium,Medium,4.8,4.22,72.2,0.299,79.6,900.0,2143.0
Pottery,Standard,Medium,4.9,5.82,66.5,0.378,93.3,138.0,1242.0
BambooCane,Standard,Large,16.8,6.24,77.3,0.322,126.0,276.0,4651.0
Textile,Premium,Large,6.1,3.44,62.8,0.742,147.2,1008.0,2420.0
Metalware,Economy,Small,12.3,3.78,100.0,0.63,105.7,280.0,2358.0
Metalware,Premium,Medium,19.9,2.62,81.9,0.273,123.2,900.0,5536.0
Textile,Economy,Medium,13.2,1.48,69.7,0.547,103.8,280.0,2332.0
Jewelry,Standard,Medium,11.0,2.11,70.5,0.513,88.0,690.0,2456.0
Jewelry,Economy,Medium,7.7,2.12,54.3,0.371,121.4,480.0,2218.0
Leatherwork,Premium,Medium,6.4,8.35,76.3,0.653,124.1,810.0,3853.0
Woodwork,Economy,Large,4.3,2.83,73.9,0.316,126.3,512.0,1813.0
Metalware,Standard,Small,11.6,4.14,52.1,0.235,70.9,402.5,1929.0
BambooCane,Standard,Small,18.0,5.65,83.7,0.124,81.5,120.7,3469.0
BambooCane,Economy,Small,8.8,6.35,83.9,0.561,98.7,84.0,2023.0
Textile,Economy,Small,20.1,7.15,89.1,0.196,129.2,196.0,7256.0
Jewelry,Economy,Medium,6.2,8.47,51.0,0.232,131.4,480.0,2918.0
Textile,Standard,Small,7.7,4.31,74.9,0.827,106.1,281.7,1546.0
Pottery,Economy,Medium,10.3,3.36,83.1,0.81,126.0,96.0,1932.0
Painting,Standard,Medium,7.0,4.66,90.1,0.76,101.7,287.5,1894.0
Woodwork,Economy,Large,2.7,2.14,76.2,0.888,96.9,512.0,1024.0
Painting,Economy,Medium,5.6,7.1,72.4,0.866,69.7,200.0,859.0
Pottery,Standard,Small,1.0,6.47,87.4,0.703,89.5,96.6,339.0
Woodwork,Standard,Small,12.5,5.46,64.7,0.506,83.8,322.0,2436.0
Leatherwork,Economy,Medium,15.0,1.66,85.9,0.81,144.1,360.0,3111.0
Metalware,Premium,Medium,5.5,5.09,77.8,0.744,102.8,900.0,2299.0
Textile,Economy,Small,3.5,5.61,73.0,0.279,106.7,196.0,1222.0
Painting,Economy,Medium,10.1,1.63,75.2,0.505,73.6,200.0,1295.0
Woodwork,Economy,Large,7.7,3.05,80.3,0.161,118.9,512.0,3049.0
Leatherwork,Premium,Medium,1.0,4.93,57.0,0.561,104.5,810.0,1544.0
Woodwork,Economy,Medium,4.4,1.69,56.5,0.492,148.3,320.0,1114.0
Textile,Premium,Medium,6.3,4.14,84.9,0.164,79.7,630.0,2345.0
Painting,Premium,Medium,12.0,2.06,82.6,0.229,95.3,450.0,2765.0
Textile,Standard,Large,2.0,4.57,83.1,0.734,127.9,644.0,1732.0
Woodwork,Standard,Large,3.2,8.17,76.0,0.395,72.7,736.0,2283.0
Leatherwork,Premium,Medium,7.7,4.83,65.9,0.802,127.7,810.0,2129.0
Painting,Standard,Large,7.0,3.59,75.5,0.283,131.9,460.0,2687.0
Painting,Standard,Small,9.4,5.6,49.6,0.641,109.6,201.2,1820.0
Jewelry,Economy,Medium,12.5,3.11,86.1,0.541,65.9,480.0,2034.0
Woodwork,Standard,Small,11.8,2.1,33.8,0.734,62.2,322.0,1225.0
Leatherwork,Economy,Medium,14.4,4.61,74.1,0.514,132.9,360.0,3686.0
Metalware,Premium,Large,21.1,3.44,71.0,0.789,93.0,1440.0,4468.0
Metalware,Premium,Medium,6.7,4.86,96.8,0.556,63.6,900.0,2589.0
Painting,Economy,Small,17.9,3.17,87.8,0.296,136.6,140.0,5607.0
Pottery,Standard,Large,8.0,4.41,64.1,0.586,139.0,220.8,2052.0
Painting,Standard,Small,3.0,4.45,84.1,0.623,81.3,201.2,753.0
BambooCane,Premium,Medium,8.8,4.65,57.4,0.588,100.1,270.0,1850.0
Leatherwork,Standard,Small,11.2,5.24,66.4,0.839,73.1,362.2,1782.0
BambooCane,Economy,Medium,6.1,2.42,93.9,0.367,84.9,120.0,1164.0
Metalware,Economy,Large,9.4,3.99,81.6,0.206,109.2,640.0,3869.0
BambooCane,Standard,Small,4.1,4.38,83.3,0.499,133.3,120.7,1202.0
Textile,Standard,Medium,11.0,8.06,62.1,0.368,95.1,402.5,2949.0
Leatherwork,Standard,Small,6.2,2.15,69.6,0.845,82.3,362.2,1319.0
BambooCane,Economy,Small,2.8,3.92,92.1,0.8,71.5,84.0,439.0
Leatherwork,Standard,Medium,12.7,2.38,58.1,0.803,104.1,517.5,2361.0
Pottery,Economy,Small,4.9,2.6,72.9,0.727,148.8,67.2,1127.0
Pottery,Premium,Medium,9.7,6.62,79.7,0.401,134.3,216.0,3452.0
Pottery,Standard,Small,10.8,4.18,68.0,0.894,121.6,96.6,1793.0
Textile,Premium,Small,13.7,4.38,72.4,0.158,60.0,441.0,2723.0
Metalware,Economy,Medium,6.5,1.11,78.5,0.833,128.1,400.0,1591.0
Woodwork,Standard,Medium,5.3,6.14,73.1,0.724,73.7,460.0,1553.0
Textile,Premium,Medium,12.9,1.37,72.5,0.349,144.5,630.0,4055.0
BambooCane,Standard,Small,5.1,4.93,100.0,0.134,137.7,120.7,1869.0
BambooCane,Standard,Small,2.9,3.68,64.2,0.741,125.8,120.7,708.0
Woodwork,Economy,Large,2.4,4.74,100.0,0.169,110.3,512.0,1909.0
Jewelry,Standard,Medium,4.2,1.62,72.3,0.436,120.5,690.0,1856.0
Leatherwork,Economy,Small,8.4,2.88,68.9,0.838,78.3,252.0,1327.0
Jewelry,Economy,Large,23.2,2.7,53.8,0.472,108.6,768.0,4063.0
Textile,Standard,Medium,6.1,2.64,75.0,0.391,125.6,402.5,2079.0
BambooCane,Premium,Large,6.8,5.51,88.5,0.337,80.9,432.0,2037.0
Textile,Standard,Medium,9.0,2.45,58.0,0.62,76.3,402.5,1328.0
Pottery,Economy,Medium,12.0,5.05,84.7,0.203,77.8,96.0,2360.0
Woodwork,Standard,Small,10.2,1.8,68.3,0.21,77.6,322.0,2000.0
Textile,Standard,Large,15.4,1.75,80.3,0.947,101.8,644.0,2764.0
Textile,Standard,Medium,5.7,1.74,88.2,0.95,113.8,402.5,1319.0
Pottery,Economy,Medium,7.2,1.82,61.8,0.661,101.9,96.0,1191.0
Pottery,Economy,Small,9.0,2.76,100.0,0.704,139.9,67.2,2101.0
Woodwork,Economy,Medium,6.6,2.52,63.1,0.27,113.5,320.0,1858.0
Textile,Economy,Small,8.0,2.9,86.0,0.355,103.8,196.0,1937.0
Metalware,Standard,Medium,7.3,3.38,98.3,0.417,117.5,575.0,2484.0
Metalware,Economy,Medium,6.1,2.55,76.0,0.668,137.5,400.0,1767.0
Leatherwork,Standard,Medium,2.5,5.28,90.6,0.764,80.9,517.5,1321.0
Metalware,Economy,Small,9.6,1.26,81.5,0.425,74.0,280.0,1464.0
Leatherwork,Premium,Medium,8.6,6.04,85.0,0.116,134.2,810.0,5972.0
Pottery,Economy,Medium,4.5,1.56,36.7,0.682,93.2,96.0,615.0
Leatherwork,Economy,Small,20.9,3.88,64.3,0.567,120.5,252.0,4454.0
Painting,Standard,Medium,7.7,3.21,67.7,0.818,101.4,287.5,1529.0
Painting,Economy,Medium,5.5,3.37,87.4,0.618,128.6,200.0,1520.0
Metalware,Standard,Small,7.1,2.64,69.3,0.843,79.7,402.5,1215.0
Textile,Premium,Medium,3.5,4.63,80.2,0.663,105.3,630.0,1740.0
Metalware,Economy,Small,14.9,5.32,68.9,0.859,117.5,280.0,3586.0
Jewelry,Economy,Small,9.6,1.48,75.6,0.254,109.9,336.0,2447.0
Painting,Standard,Large,7.7,4.36,51.3,0.571,105.1,460.0,1954.0
Metalware,Economy,Large,5.8,5.85,58.5,0.52,125.3,640.0,2239.0
Jewelry,Standard,Small,6.1,1.28,78.1,0.738,106.1,483.0,1363.0
Metalware,Economy,Large,12.3,7.95,65.0,0.542,91.6,640.0,3270.0
Painting,Economy,Medium,3.9,3.61,76.8,0.385,61.7,200.0,727.0
Metalware,Economy,Large,6.4,3.37,48.2,0.371,102.0,640.0,2089.0
Painting,Standard,Small,16.6,1.86,96.4,0.42,123.8,201.2,3383.0
Metalware,Economy,Medium,4.8,4.0,100.0,0.431,64.5,400.0,1560.0
Jewelry,Economy,Small,4.5,2.37,84.2,0.18,90.7,336.0,1260.0
Woodwork,Standard,Medium,5.0,3.0,66.0,0.355,63.8,460.0,1348.0
Jewelry,Economy,Medium,16.6,5.18,69.3,0.725,114.4,480.0,3516.0
Jewelry,Standard,Small,10.2,4.24,72.7,0.444,83.7,483.0,2257.0
Jewelry,Economy,Small,2.8,5.85,66.4,0.715,103.6,336.0,965.0
Painting,Standard,Small,9.9,0.62,60.6,0.811,71.6,201.2,854.0
Leatherwork,Premium,Small,3.0,3.69,83.7,0.683,112.3,567.0,1475.0
Metalware,Standard,Large,5.5,6.11,86.7,0.851,89.4,920.0,2281.0
Leatherwork,Premium,Small,8.7,5.89,45.0,0.631,84.6,567.0,1715.0
Painting,Premium,Small,3.8,3.91,63.3,0.46,77.6,315.0,1022.0
BambooCane,Premium,Medium,6.2,1.56,83.5,0.791,127.4,270.0,1418.0
Textile,Economy,Small,14.7,0.95,79.4,0.936,106.6,196.0,1703.0
Pottery,Economy,Large,11.5,1.43,79.5,0.242,120.8,153.6,2396.0
Metalware,Economy,Small,7.4,1.44,77.2,0.869,100.2,280.0,1335.0
Metalware,Economy,Small,21.1,2.69,58.4,0.376,84.2,280.0,2968.0
Metalware,Premium,Medium,22.8,4.7,54.0,0.866,86.4,900.0,4217.0
BambooCane,Standard,Small,9.1,4.52,64.6,0.369,66.4,120.7,1173.0
Painting,Standard,Large,10.1,3.1,55.8,0.487,98.0,460.0,2234.0
Jewelry,Premium,Medium,5.7,2.85,49.0,0.747,132.4,1080.0,2054.0
Textile,Standard,Small,3.0,4.36,43.5,0.867,85.7,281.7,677.0
Leatherwork,Economy,Small,6.9,1.33,100.0,0.85,114.4,252.0,1443.0
Leatherwork,Standard,Small,2.1,6.9,80.0,0.843,104.7,362.2,1093.0
BambooCane,Economy,Small,6.4,2.36,94.4,0.701,84.8,84.0,909.0
Metalware,Economy,Medium,5.1,1.28,44.4,0.486,119.1,400.0,1193.0
Pottery,Economy,Medium,1.5,1.79,74.0,0.265,114.6,96.0,448.0
Woodwork,Standard,Small,6.1,2.73,67.8,0.622,129.7,322.0,1613.0
Textile,Standard,Small,12.1,6.72,88.5,0.813,69.5,281.7,2138.0
Woodwork,Economy,Medium,4.2,4.75,64.4,0.424,144.9,320.0,1554.0
BambooCane,Standard,Large,2.8,2.17,72.0,0.778,130.3,276.0,889.0
BambooCane,Standard,Large,6.9,2.91,87.8,0.602,102.6,276.0,1346.0
Woodwork,Economy,Small,5.4,8.85,63.0,0.55,111.3,224.0,1642.0
Woodwork,Standard,Large,4.5,1.91,90.1,0.497,60.8,736.0,1667.0
Woodwork,Economy,Small,5.0,1.33,92.8,0.575,123.3,224.0,1299.0
Woodwork,Standard,Large,11.3,5.56,72.4,0.616,118.3,736.0,3076.0
Textile,Economy,Medium,13.3,7.73,93.4,0.432,103.7,280.0,3795.0
Textile,Premium,Large,6.6,2.2,77.2,0.667,131.8,1008.0,2599.0
Textile,Economy,Medium,12.5,1.42,72.3,0.424,137.6,280.0,3166.0
Textile,Economy,Small,4.4,3.3,82.9,0.623,116.3,196.0,832.0
Pottery,Standard,Medium,5.3,4.39,60.2,0.691,109.5,138.0,1118.0
Textile,Premium,Small,13.4,3.05,78.5,0.515,127.7,441.0,3501.0
Metalware,Standard,Large,13.0,4.82,99.4,0.293,97.7,920.0,4726.0
Metalware,Economy,Small,10.2,2.45,67.9,0.288,60.2,280.0,1391.0
Leatherwork,Premium,Medium,10.7,5.09,86.6,0.29,133.2,810.0,4591.0
Metalware,Standard,Medium,7.3,7.16,75.6,0.336,93.6,575.0,2796.0
BambooCane,Economy,Large,8.2,2.28,53.8,0.593,78.4,192.0,1111.0
Metalware,Premium,Large,11.3,3.41,62.8,0.357,90.1,1440.0,4044.0
Woodwork,Economy,Large,3.9,3.67,78.0,0.314,113.3,512.0,1716.0
Pottery,Standard,Large,10.8,5.51,64.1,0.774,72.5,220.8,1537.0
Pottery,Premium,Large,8.9,3.33,100.0,0.071,149.1,345.6,4180.0
Jewelry,Economy,Large,9.2,3.26,55.6,0.664,75.8,768.0,2323.0
Pottery,Economy,Large,5.0,3.68,58.6,0.311,60.9,153.6,855.0
Leatherwork,Economy,Small,8.0,3.28,51.5,0.779,116.1,252.0,1696.0
Pottery,Economy,Small,4.5,1.43,88.7,0.373,66.4,67.2,590.0
Painting,Premium,Medium,3.3,5.15,76.2,0.64,75.4,450.0,1314.0
Jewelry,Standard,Medium,8.2,5.36,49.2,0.581,149.2,690.0,2504.0
Textile,Standard,Medium,11.1,8.87,80.9,0.155,88.3,402.5,3443.0
Pottery,Standard,Large,6.8,5.88,75.2,0.313,141.6,220.8,2477.0
Jewelry,Premium,Small,2.2,6.05,100.0,0.39,86.0,756.0,2057.0
Metalware,Standard,Large,3.8,6.44,65.8,0.477,78.2,920.0,2353.0
Textile,Premium,Medium,3.1,1.85,59.1,0.333,95.7,630.0,1228.0
Metalware,Standard,Medium,11.0,4.95,67.1,0.506,147.0,575.0,3625.0
BambooCane,Premium,Large,3.8,7.47,62.3,0.486,93.3,432.0,1561.0
Painting,Premium,Small,14.6,4.11,66.9,0.6,132.0,315.0,3369.0
Painting,Premium,Medium,4.5,4.54,77.3,0.828,62.6,450.0,1088.0
Painting,Standard,Large,19.3,4.11,74.8,0.459,140.5,460.0,5549.0
Leatherwork,Standard,Small,2.1,5.13,65.5,0.351,60.1,362.2,722.0
Textile,Standard,Small,9.6,0.54,45.1,0.922,82.6,281.7,903.0
Metalware,Economy,Medium,6.4,6.28,58.2,0.21,63.2,400.0,1877.0
Pottery,Standard,Medium,5.4,6.07,44.6,0.306,90.2,138.0,1203.0
Jewelry,Premium,Small,12.7,1.79,93.5,0.05,106.4,756.0,3827.0
Textile,Economy,Small,6.8,5.92,77.7,0.398,61.6,196.0,1190.0
Woodwork,Economy,Small,9.1,0.91,75.3,0.631,130.5,224.0,1827.0
Painting,Standard,Medium,5.0,2.76,77.3,0.343,71.0,287.5,1001.0
Jewelry,Premium,Small,6.0,1.69,82.0,0.203,87.3,756.0,2255.0
Woodwork,Standard,Medium,11.7,4.04,61.4,0.273,109.8,460.0,3163.0
Leatherwork,Standard,Medium,9.2,6.21,100.0,0.726,149.4,517.5,3490.0
Metalware,Standard,Small,12.6,8.22,100.0,0.369,94.1,402.5,3904.0
Jewelry,Economy,Small,11.2,3.25,84.8,0.543,101.8,336.0,2385.0
BambooCane,Economy,Large,9.7,2.34,61.1,0.942,148.1,192.0,2001.0
Painting,Standard,Large,6.3,2.53,77.7,0.67,122.0,460.0,1491.0
Leatherwork,Standard,Medium,7.8,2.03,57.5,0.707,124.5,517.5,1761.0
Leatherwork,Standard,Small,6.2,4.52,73.4,0.67,85.3,362.2,1519.0
Textile,Premium,Medium,6.0,2.85,66.6,0.469,79.7,630.0,1700.0
Metalware,Economy,Medium,18.5,2.39,85.4,0.369,111.9,400.0,3782.0
Pottery,Economy,Large,6.5,2.18,60.8,0.744,99.8,153.6,1041.0
Metalware,Economy,Small,7.9,3.84,59.7,0.485,63.0,280.0,1072.0
Jewelry,Premium,Large,1.7,1.62,75.0,0.309,119.1,1728.0,3031.0
Pottery,Economy,Small,8.8,0.91,43.2,0.921,124.3,67.2,1171.0
Pottery,Premium,Medium,5.8,3.03,75.8,0.852,104.2,216.0,1015.0
Pottery,Economy,Medium,10.6,2.66,65.2,0.485,124.3,96.0,1983.0
Leatherwork,Premium,Small,15.6,2.15,76.5,0.201,103.0,567.0,3798.0
Woodwork,Economy,Large,16.2,1.43,100.0,0.261,86.8,512.0,3214.0
Woodwork,Standard,Medium,6.2,5.04,57.4,0.75,147.2,460.0,1968.0
Pottery,Premium,Medium,4.8,3.49,42.4,0.341,70.0,216.0,792.0
Metalware,Economy,Small,7.4,5.89,80.9,0.212,146.7,280.0,3051.0
Textile,Standard,Small,13.2,7.53,66.2,0.447,123.9,281.7,4163.0
Leatherwork,Standard,Small,8.5,1.83,71.3,0.407,128.2,362.2,2353.0
Pottery,Economy,Medium,18.6,2.13,53.0,0.551,85.7,96.0,2182.0
Metalware,Standard,Small,9.4,4.46,75.7,0.449,135.8,402.5,2562.0
BambooCane,Economy,Medium,10.1,6.0,69.7,0.407,121.9,120.0,2844.0
Pottery,Standard,Medium,7.3,4.27,67.2,0.943,73.1,138.0,767.0
Jewelry,Standard,Small,8.0,5.16,47.6,0.244,113.1,483.0,2422.0
Leatherwork,Standard,Medium,10.4,7.79,92.9,0.604,81.0,517.5,2578.0
Metalware,Premium,Medium,16.9,7.84,87.0,0.676,106.5,900.0,5550.0
Metalware,Standard,Small,14.9,3.06,87.0,0.87,148.6,402.5,3657.0
Jewelry,Standard,Large,6.7,8.61,82.2,0.208,130.0,1104.0,6283.0
Woodwork,Economy,Large,18.0,1.27,53.4,0.686,120.2,512.0,3007.0
BambooCane,Economy,Large,12.8,0.5,90.2,0.693,108.4,192.0,2162.0
BambooCane,Economy,Medium,5.9,7.58,61.3,0.676,91.1,120.0,1081.0
Metalware,Economy,Medium,2.8,5.36,83.3,0.317,138.2,400.0,1636.0
Pottery,Economy,Medium,6.6,2.83,100.0,0.61,60.2,96.0,827.0
Metalware,Economy,Medium,6.0,7.04,74.0,0.458,105.0,400.0,2339.0
Metalware,Premium,Small,16.9,5.38,84.1,0.392,120.3,630.0,4642.0
BambooCane,Standard,Medium,5.5,3.19,50.4,0.439,75.0,172.5,762.0
Painting,Economy,Large,6.0,5.13,91.6,0.302,98.2,320.0,1543.0
Textile,Economy,Small,9.5,8.25,67.7,0.122,131.8,196.0,3652.0
Woodwork,Standard,Medium,10.7,1.83,76.6,0.559,102.4,460.0,2350.0
Leatherwork,Standard,Small,5.1,3.65,91.8,0.878,104.3,362.2,1195.0
Pottery,Economy,Medium,6.2,2.82,84.3,0.546,94.0,96.0,1057.0
BambooCane,Economy,Large,4.2,1.13,58.5,0.702,147.4,192.0,847.0
BambooCane,Economy,Medium,8.7,1.9,68.3,0.432,68.9,120.0,944.0
Metalware,Economy,Small,3.8,5.23,88.6,0.165,81.5,280.0,1432.0
BambooCane,Economy,Medium,7.2,4.58,69.6,0.099,62.2,120.0,1170.0
Woodwork,Premium,Large,9.2,4.29,89.4,0.613,117.0,1152.0,4102.0
BambooCane,Economy,Medium,3.5,4.62,71.9,0.215,120.5,120.0,1075.0
Pottery,Standard,Medium,7.1,4.82,61.1,0.834,85.5,138.0,1078.0
Jewelry,Premium,Small,12.6,6.31,56.1,0.7,131.0,756.0,3648.0
Textile,Standard,Small,4.4,2.17,71.1,0.382,92.8,281.7,1177.0
Pottery,Premium,Medium,4.2,6.36,80.2,0.407,91.8,216.0,1280.0
Pottery,Economy,Medium,14.1,3.44,73.9,0.189,64.7,96.0,2024.0
BambooCane,Standard,Medium,10.1,1.66,76.0,0.308,105.7,172.5,1857.0
Painting,Premium,Medium,7.7,3.02,61.1,0.95,140.3,450.0,1736.0
Woodwork,Economy,Large,16.9,6.19,71.4,0.43,134.6,512.0,6040.0
Metalware,Premium,Large,10.1,3.3,73.1,0.779,65.0,1440.0,3108.0
Woodwork,Standard,Small,10.1,1.59,74.9,0.37,130.3,322.0,2454.0
Jewelry,Economy,Small,11.6,4.57,63.6,0.339,147.7,336.0,3664.0
Textile,Standard,Medium,6.6,2.05,61.8,0.294,64.3,402.5,1265.0
Metalware,Premium,Small,14.2,7.24,67.4,0.246,104.8,630.0,5125.0
Textile,Premium,Medium,3.2,3.06,94.4,0.95,129.8,630.0,1588.0
BambooCane,Economy,Small,7.4,5.67,94.6,0.321,141.2,84.0,2900.0
Woodwork,Economy,Medium,5.6,2.76,100.0,0.112,111.8,320.0,2114.0
Jewelry,Economy,Medium,6.4,2.82,70.6,0.226,65.2,480.0,1390.0
Painting,Standard,Medium,6.7,4.71,79.4,0.252,111.6,287.5,1846.0
Pottery,Standard,Small,6.3,8.09,74.8,0.56,61.9,96.6,901.0
Pottery,Standard,Small,10.6,2.38,84.7,0.081,128.4,96.6,2983.0
Jewelry,Standard,Small,9.0,1.9,88.1,0.607,91.9,483.0,2227.0
Woodwork,Economy,Small,11.5,4.28,79.1,0.449,98.4,224.0,2649.0
Pottery,Standard,Small,4.3,3.52,69.4,0.532,130.1,96.6,1120.0
Textile,Economy,Small,11.1,6.24,63.2,0.555,73.1,196.0,1815.0
Woodwork,Standard,Small,2.0,2.7,78.1,0.353,146.6,322.0,1006.0
Pottery,Economy,Medium,7.6,3.98,71.8,0.735,64.6,96.0,922.0
Jewelry,Standard,Large,2.8,5.13,58.1,0.736,117.2,1104.0,2194.0
BambooCane,Premium,Medium,11.3,8.0,80.8,0.437,102.3,270.0,3490.0
Pottery,Standard,Small,3.5,4.81,88.4,0.249,137.2,96.6,1263.0
Metalware,Economy,Small,2.2,2.33,76.5,0.774,89.3,280.0,614.0
Painting,Standard,Small,2.4,7.6,63.6,0.556,136.8,201.2,972.0
Pottery,Standard,Medium,18.2,4.9,85.1,0.255,83.1,138.0,3013.0
Jewelry,Premium,Large,12.7,1.7,51.8,0.372,107.6,1728.0,4041.0
Leatherwork,Premium,Small,9.0,5.29,82.8,0.661,76.0,567.0,2240.0
Metalware,Standard,Small,12.4,3.41,68.1,0.273,115.6,402.5,3648.0
Woodwork,Premium,Small,11.0,2.09,81.1,0.737,114.9,504.0,2412.0
Textile,Economy,Small,7.0,0.5,100.0,0.434,134.4,196.0,1881.0
Leatherwork,Premium,Medium,13.7,3.75,75.2,0.663,76.7,810.0,2730.0
Metalware,Standard,Medium,10.1,5.87,88.6,0.308,137.8,575.0,4669.0
BambooCane,Premium,Large,6.4,6.5,74.1,0.656,64.5,432.0,1536.0
BambooCane,Economy,Small,10.4,1.03,74.9,0.05,146.4,84.0,2876.0
Leatherwork,Economy,Medium,14.1,4.66,60.3,0.69,63.0,360.0,1857.0
Textile,Standard,Large,11.9,5.08,70.1,0.372,102.8,644.0,3227.0
Textile,Premium,Small,12.0,4.22,58.7,0.58,111.4,441.0,2744.0
Painting,Standard,Medium,6.9,7.58,94.5,0.789,142.1,287.5,2584.0
Pottery,Economy,Medium,13.0,3.45,58.4,0.519,102.3,96.0,2188.0
Pottery,Standard,Small,17.0,5.32,72.1,0.944,135.2,96.6,4029.0
Woodwork,Premium,Medium,4.1,4.16,70.5,0.233,82.2,720.0,1979.0
Metalware,Premium,Medium,15.0,6.81,57.1,0.66,77.4,900.0,3373.0
BambooCane,Standard,Medium,5.2,2.3,72.5,0.814,115.3,172.5,991.0
BambooCane,Standard,Small,3.9,2.1,70.2,0.436,113.2,120.7,927.0
Woodwork,Premium,Medium,16.2,1.93,62.1,0.275,68.5,720.0,2952.0
Woodwork,Economy,Medium,20.1,5.14,72.2,0.233,125.8,320.0,6135.0
Pottery,Premium,Medium,9.7,4.79,71.5,0.252,139.8,216.0,2906.0
Jewelry,Standard,Small,16.2,6.34,77.9,0.644,80.6,483.0,3216.0
Woodwork,Standard,Medium,9.1,4.93,69.7,0.76,139.6,460.0,2466.0
Pottery,Economy,Small,9.8,1.63,39.9,0.785,87.4,67.2,845.0
Leatherwork,Premium,Large,8.0,6.24,78.2,0.697,66.8,1296.0,3088.0
Pottery,Standard,Large,17.5,3.61,82.8,0.427,75.2,220.8,2740.0
Jewelry,Economy,Small,8.1,2.31,67.9,0.567,107.7,336.0,1800.0
Metalware,Economy,Medium,10.0,8.64,96.6,0.242,87.8,400.0,3744.0
BambooCane,Economy,Medium,17.0,1.74,87.6,0.399,120.9,120.0,3755.0
BambooCane,Standard,Large,5.8,4.19,91.2,0.179,136.8,276.0,2525.0
Metalware,Premium,Small,24.4,2.79,54.8,0.19,101.0,630.0,4366.0
Painting,Premium,Large,18.3,3.01,69.2,0.281,114.2,720.0,5097.0
Textile,Premium,Large,8.0,6.42,87.0,0.426,79.5,1008.0,3777.0
BambooCane,Standard,Small,9.3,1.51,74.8,0.458,79.2,120.7,1291.0
Jewelry,Standard,Medium,7.5,5.64,73.9,0.804,60.4,690.0,1830.0
Woodwork,Economy,Large,7.2,1.99,100.0,0.706,88.3,512.0,1509.0
Metalware,Standard,Medium,16.8,1.1,80.6,0.464,143.7,575.0,4323.0
Painting,Economy,Medium,5.3,3.2,77.5,0.442,96.5,200.0,1180.0
Pottery,Standard,Small,6.6,4.23,73.8,0.783,115.3,96.6,1284.0
Painting,Premium,Small,3.7,2.54,55.2,0.663,74.4,315.0,802.0
Metalware,Premium,Medium,11.4,6.65,88.9,0.356,96.1,900.0,4520.0
BambooCane,Premium,Medium,11.7,4.57,75.4,0.481,130.4,270.0,3296.0
Textile,Economy,Large,4.0,7.31,53.3,0.682,148.8,448.0,1759.0
Metalware,Economy,Medium,14.8,1.57,66.2,0.316,85.9,400.0,2701.0
Metalware,Standard,Large,7.7,4.06,52.0,0.23,98.0,920.0,3205.0
BambooCane,Economy,Small,9.8,2.5,59.2,0.413,125.2,84.0,2104.0
Pottery,Economy,Medium,20.0,4.17,61.4,0.54,119.7,96.0,4397.0
Pottery,Standard,Small,8.8,2.17,89.4,0.391,66.3,96.6,1077.0
Jewelry,Premium,Medium,5.0,4.29,94.8,0.359,62.4,1080.0,2872.0
BambooCane,Standard,Small,2.6,4.84,78.7,0.509,148.7,120.7,880.0
Textile,Premium,Small,21.2,2.81,71.9,0.682,132.9,441.0,4775.0
Jewelry,Economy,Large,10.9,6.7,91.0,0.776,119.6,768.0,4559.0
Pottery,Standard,Large,11.9,4.41,55.1,0.855,105.6,220.8,2264.0
Woodwork,Economy,Medium,8.7,4.76,74.3,0.656,128.7,320.0,2247.0
Painting,Economy,Small,6.0,5.81,60.4,0.645,130.2,140.0,1615.0
Painting,Premium,Large,5.4,9.06,60.6,0.33,130.9,720.0,3470.0
Metalware,Economy,Medium,12.1,5.8,71.1,0.715,95.8,400.0,2444.0
BambooCane,Standard,Small,12.5,3.96,100.0,0.162,101.5,120.7,3081.0
Jewelry,Standard,Small,6.6,2.21,61.9,0.451,143.5,483.0,1910.0
Painting,Economy,Medium,22.9,4.59,57.5,0.367,73.5,200.0,3108.0
Pottery,Economy,Small,3.6,4.07,82.7,0.331,134.7,67.2,1117.0
BambooCane,Standard,Small,10.0,1.5,79.2,0.317,87.6,120.7,1333.0
Painting,Economy,Large,8.9,4.04,77.0,0.49,91.9,320.0,2123.0
Leatherwork,Economy,Medium,7.2,0.96,87.8,0.062,66.1,360.0,1627.0
Pottery,Premium,Large,19.0,4.85,98.1,0.289,129.3,345.6,6639.0
Metalware,Economy,Small,13.1,6.69,88.7,0.447,103.8,280.0,3525.0
Woodwork,Standard,Small,14.2,3.23,50.8,0.583,99.9,322.0,2386.0
Woodwork,Economy,Small,5.3,4.92,45.2,0.158,113.2,224.0,1318.0
Pottery,Premium,Small,6.7,2.47,67.1,0.098,106.3,151.2,1558.0
Leatherwork,Standard,Medium,8.3,6.19,89.7,0.8,80.0,517.5,2086.0
Jewelry,Economy,Small,2.1,2.51,61.2,0.502,76.1,336.0,764.0
Woodwork,Premium,Large,3.4,1.84,75.4,0.451,90.5,1152.0,2453.0
BambooCane,Economy,Small,24.6,6.86,76.6,0.435,139.9,84.0,8127.0
Woodwork,Standard,Small,3.6,6.79,56.8,0.615,90.7,322.0,1247.0
Textile,Economy,Small,10.8,2.25,48.6,0.404,63.7,196.0,1315.0
Woodwork,Economy,Small,12.2,4.35,78.8,0.547,145.6,224.0,3877.0
Pottery,Premium,Small,12.1,1.15,82.7,0.615,86.2,151.2,1644.0
Textile,Standard,Large,12.3,4.78,70.4,0.429,76.3,644.0,2744.0
Leatherwork,Economy,Medium,16.2,2.7,59.9,0.246,73.1,360.0,2557.0
Painting,Economy,Large,17.8,4.71,58.1,0.136,73.7,320.0,3051.0
Pottery,Premium,Medium,11.5,4.56,74.7,0.269,144.9,216.0,3891.0
Woodwork,Economy,Small,8.7,5.18,83.8,0.209,112.7,224.0,2449.0
Leatherwork,Standard,Small,30.7,7.95,61.9,0.168,79.3,362.2,6841.0
BambooCane,Economy,Medium,8.6,3.29,68.3,0.201,102.7,120.0,1558.0
Painting,Premium,Small,19.7,3.29,79.7,0.841,81.4,315.0,2694.0
Textile,Economy,Medium,6.7,4.11,69.9,0.131,87.3,280.0,1635.0
Jewelry,Economy,Medium,9.6,2.25,64.3,0.516,98.6,480.0,1911.0
BambooCane,Standard,Small,14.2,7.85,81.8,0.658,72.3,120.7,2736.0
Woodwork,Economy,Small,14.5,7.89,84.0,0.727,86.9,224.0,2962.0
Pottery,Economy,Small,9.8,7.11,53.9,0.823,109.0,67.2,1956.0
Painting,Standard,Large,3.6,5.83,88.3,0.576,68.1,460.0,1484.0
Textile,Economy,Medium,8.2,1.84,87.2,0.351,77.7,280.0,1496.0
Metalware,Economy,Small,13.0,2.35,84.3,0.783,75.1,280.0,1894.0
Leatherwork,Premium,Small,8.4,4.77,55.8,0.6,99.4,567.0,2342.0
Leatherwork,Premium,Small,7.7,6.37,56.1,0.365,61.1,567.0,1795.0
Textile,Standard,Medium,10.0,1.73,91.1,0.691,66.1,402.5,1552.0
Painting,Standard,Small,10.3,2.22,52.2,0.807,96.6,201.2,1297.0
Leatherwork,Standard,Large,5.2,5.99,63.0,0.124,62.8,828.0,2768.0
Painting,Premium,Medium,4.6,2.56,77.8,0.524,138.1,450.0,1660.0
Leatherwork,Standard,Medium,1.6,5.04,89.4,0.262,119.7,517.5,1450.0
Metalware,Premium,Small,5.5,6.19,62.2,0.403,64.7,630.0,2052.0
Woodwork,Standard,Large,10.9,6.2,86.6,0.617,135.6,736.0,4731.0
Metalware,Economy,Medium,9.5,3.29,62.0,0.95,91.0,400.0,1459.0
Textile,Standard,Medium,14.1,3.16,25.5,0.522,131.4,402.5,2387.0
Leatherwork,Standard,Medium,8.7,6.67,78.2,0.579,114.2,517.5,2616.0
Woodwork,Standard,Small,17.6,2.23,55.5,0.703,145.4,322.0,3477.0
Metalware,Standard,Medium,7.3,3.76,60.2,0.757,119.4,575.0,1762.0
Textile,Standard,Medium,2.6,6.57,71.4,0.465,138.3,402.5,1588.0
Textile,Premium,Medium,14.3,2.12,70.0,0.317,119.5,630.0,3734.0
Leatherwork,Premium,Large,7.8,1.77,56.8,0.483,62.4,1296.0,2252.0
Painting,Economy,Small,4.8,1.53,79.9,0.333,143.9,140.0,1161.0
Woodwork,Standard,Small,16.3,1.74,69.8,0.627,114.6,322.0,3046.0
BambooCane,Economy,Small,2.4,2.51,76.5,0.496,80.1,84.0,394.0
Jewelry,Standard,Large,9.3,5.28,83.3,0.928,72.6,1104.0,2491.0
Painting,Premium,Small,6.4,6.77,66.4,0.489,133.0,315.0,2142.0
Pottery,Economy,Medium,2.1,3.93,53.4,0.2,147.7,96.0,749.0
Textile,Premium,Small,9.7,8.11,93.2,0.53,103.2,441.0,2944.0
Painting,Premium,Medium,2.7,2.77,91.4,0.202,86.1,450.0,1429.0
BambooCane,Economy,Medium,4.1,1.24,81.8,0.588,129.3,120.0,919.0
BambooCane,Premium,Large,12.0,8.43,63.1,0.284,94.2,432.0,3623.0
Leatherwork,Standard,Large,3.8,5.79,84.4,0.337,86.1,828.0,2302.0
Pottery,Economy,Large,4.4,5.3,63.5,0.135,72.9,153.6,1022.0
Leatherwork,Economy,Medium,18.8,1.28,85.6,0.502,95.0,360.0,3233.0
Painting,Standard,Medium,3.7,5.72,71.9,0.648,103.3,287.5,1133.0
Pottery,Premium,Small,10.1,3.17,72.8,0.918,87.3,151.2,1491.0
Leatherwork,Standard,Medium,7.2,2.49,83.8,0.467,112.4,517.5,2186.0
Jewelry,Economy,Large,9.3,1.04,50.1,0.798,117.7,768.0,1948.0
Painting,Economy,Medium,5.8,3.92,92.9,0.564,132.0,200.0,1824.0
Woodwork,Economy,Medium,12.8,1.28,85.3,0.327,79.2,320.0,1944.0
Painting,Standard,Medium,4.6,4.0,61.2,0.464,73.3,287.5,886.0
Leatherwork,Economy,Small,4.9,6.85,73.9,0.817,75.2,252.0,1020.0
Jewelry,Premium,Small,8.5,7.23,72.5,0.58,67.4,756.0,2478.0
Pottery,Economy,Medium,16.0,5.32,77.6,0.487,127.7,96.0,4427.0
Painting,Premium,Large,7.7,6.65,68.9,0.488,120.7,720.0,2953.0
Textile,Standard,Small,6.4,2.79,100.0,0.672,131.2,281.7,1991.0
BambooCane,Premium,Medium,14.7,5.96,63.5,0.184,75.0,270.0,2592.0
Textile,Economy,Medium,9.5,5.9,56.3,0.566,129.4,280.0,2610.0
Metalware,Standard,Medium,3.9,4.79,70.6,0.394,128.6,575.0,2079.0
Painting,Economy,Medium,23.2,5.42,73.0,0.471,116.2,200.0,5703.0
BambooCane,Premium,Large,5.4,1.25,52.1,0.859,69.3,432.0,811.0
Woodwork,Economy,Large,8.4,3.71,60.1,0.612,87.9,512.0,1853.0
Textile,Premium,Small,2.9,4.25,74.1,0.847,96.3,441.0,854.0
Metalware,Economy,Medium,11.3,3.72,83.7,0.236,140.2,400.0,3037.0
Jewelry,Economy,Medium,8.5,4.49,64.4,0.727,101.9,480.0,2056.0
BambooCane,Economy,Medium,5.3,2.95,45.7,0.46,63.9,120.0,606.0
Painting,Standard,Medium,8.1,1.99,48.6,0.797,133.9,287.5,1453.0
Pottery,Premium,Small,5.7,5.58,67.1,0.16,68.5,151.2,1178.0
Metalware,Premium,Large,10.7,4.66,72.6,0.212,144.2,1440.0,6566.0
Woodwork,Economy,Large,5.2,3.94,76.9,0.812,131.6,512.0,2023.0
BambooCane,Economy,Small,11.8,6.87,69.8,0.379,64.3,84.0,1661.0
Metalware,Premium,Medium,22.8,3.11,74.9,0.48,86.6,900.0,4637.0
Painting,Standard,Medium,5.7,1.29,93.0,0.779,95.9,287.5,1208.0
BambooCane,Standard,Large,20.3,1.36,89.1,0.441,146.4,276.0,4123.0
Woodwork,Standard,Small,5.4,2.79,85.5,0.515,110.1,322.0,1236.0
Jewelry,Standard,Medium,2.0,5.53,95.5,0.548,114.4,690.0,1747.0
BambooCane,Premium,Medium,9.1,1.32,53.8,0.657,72.3,270.0,1053.0
Jewelry,Standard,Medium,13.7,3.17,96.9,0.066,147.2,690.0,5218.0
Textile,Economy,Small,8.9,2.51,69.2,0.46,64.2,196.0,1262.0
Jewelry,Economy,Medium,2.0,2.44,80.9,0.335,90.1,480.0,1222.0
Jewelry,Premium,Medium,10.9,0.79,63.2,0.635,105.6,1080.0,2562.0
Woodwork,Economy,Large,18.8,2.91,83.2,0.332,134.8,512.0,6263.0
BambooCane,Economy,Small,14.3,2.25,73.4,0.234,113.0,84.0,3113.0
Leatherwork,Premium,Medium,3.8,2.27,55.0,0.633,112.5,810.0,1727.0
Textile,Premium,Small,16.1,6.08,62.1,0.35,81.6,441.0,3767.0
Painting,Economy,Small,6.8,1.57,56.7,0.511,130.0,140.0,1308.0
BambooCane,Standard,Small,6.4,3.51,58.9,0.645,91.4,120.7,1019.0
BambooCane,Standard,Small,2.7,2.67,84.0,0.449,143.9,120.7,741.0
Textile,Premium,Medium,8.2,5.9,64.1,0.126,130.1,630.0,3414.0
BambooCane,Economy,Medium,9.6,4.51,79.7,0.813,93.8,120.0,1595.0
Metalware,Premium,Large,7.0,4.14,79.9,0.38,83.8,1440.0,3653.0
Pottery,Standard,Small,10.7,5.41,58.5,0.315,124.8,96.6,2404.0
Textile,Economy,Medium,6.5,7.13,93.9,0.196,88.0,280.0,2022.0
Painting,Economy,Medium,14.4,5.88,60.5,0.396,74.1,200.0,2181.0
BambooCane,Economy,Small,4.0,2.88,82.8,0.765,62.4,84.0,514.0
Jewelry,Economy,Large,10.0,5.76,60.5,0.418,99.4,768.0,2904.0
Jewelry,Standard,Small,5.1,5.2,81.3,0.387,148.7,483.0,2766.0
Painting,Premium,Small,10.3,7.14,98.0,0.748,68.4,315.0,1928.0
Textile,Economy,Medium,5.6,0.67,49.2,0.33,76.8,280.0,914.0
Pottery,Standard,Medium,6.8,6.81,63.7,0.426,69.1,138.0,1186.0
Painting,Economy,Small,14.2,3.41,55.3,0.42,128.1,140.0,3103.0
Metalware,Premium,Large,13.7,3.51,61.2,0.324,83.1,1440.0,4918.0
Jewelry,Standard,Medium,9.3,5.1,86.0,0.451,73.5,690.0,2725.0
Jewelry,Standard,Medium,4.3,1.98,59.7,0.481,108.4,690.0,1837.0
Painting,Premium,Medium,13.2,6.86,73.5,0.24,75.3,450.0,3810.0
Jewelry,Standard,Small,12.5,1.86,71.7,0.497,92.9,483.0,2530.0
Woodwork,Economy,Medium,12.5,1.33,75.9,0.454,104.8,320.0,2266.0
Metalware,Standard,Large,13.6,2.98,65.8,0.289,103.8,920.0,4145.0
Painting,Economy,Small,3.4,4.05,65.3,0.385,148.5,140.0,1186.0
Painting,Standard,Small,14.4,6.28,76.5,0.268,103.4,201.2,3866.0
BambooCane,Standard,Small,5.5,5.74,70.5,0.428,79.4,120.7,1078.0
Painting,Standard,Small,7.4,1.98,77.4,0.782,73.4,201.2,922.0
Metalware,Standard,Small,8.6,9.21,72.2,0.695,62.1,402.5,2199.0
Painting,Economy,Large,1.0,4.43,88.3,0.48,69.7,320.0,662.0
Textile,Economy,Medium,4.7,4.66,60.3,0.736,94.3,280.0,1040.0
Pottery,Premium,Large,8.2,2.23,56.1,0.505,145.6,345.6,2491.0
Pottery,Economy,Small,4.5,0.78,81.1,0.607,74.3,67.2,490.0
Textile,Standard,Small,3.6,2.78,89.5,0.631,145.5,281.7,1263.0
Metalware,Economy,Medium,11.6,0.99,56.5,0.445,106.0,400.0,2330.0
Metalware,Economy,Small,11.4,7.24,77.3,0.239,74.6,280.0,2550.0
Metalware,Economy,Medium,5.1,2.21,100.0,0.824,119.2,400.0,1454.0
Woodwork,Premium,Small,2.6,4.76,66.6,0.802,77.5,504.0,935.0
BambooCane,Economy,Large,3.4,2.56,81.1,0.512,76.0,192.0,670.0
BambooCane,Standard,Medium,6.1,2.31,50.9,0.431,88.9,172.5,903.0
Woodwork,Standard,Small,3.1,3.86,87.7,0.577,74.8,322.0,908.0
Pottery,Standard,Small,11.0,1.11,91.3,0.565,65.1,96.6,1125.0
Painting,Economy,Medium,3.4,4.89,77.8,0.329,68.0,200.0,986.0
Metalware,Premium,Large,2.3,7.56,83.9,0.363,67.8,1440.0,3455.0
Woodwork,Standard,Large,9.5,5.88,91.9,0.484,66.9,736.0,2520.0
Painting,Economy,Medium,12.0,2.43,87.4,0.856,76.2,200.0,1055.0
BambooCane,Economy,Small,8.3,4.57,66.1,0.377,62.2,84.0,1035.0
Jewelry,Standard,Medium,9.0,3.4,82.2,0.633,60.0,690.0,2033.0
Leatherwork,Premium,Medium,8.9,6.85,75.3,0.736,85.5,810.0,2782.0
Leatherwork,Standard,Medium,16.0,5.9,100.0,0.705,70.3,517.5,3159.0
Jewelry,Standard,Small,14.2,3.43,70.8,0.542,77.3,483.0,2672.0
BambooCane,Standard,Medium,7.1,5.98,65.1,0.439,120.5,172.5,2041.0
Textile,Standard,Medium,6.1,2.84,82.1,0.756,63.1,402.5,1143.0
Pottery,Economy,Medium,12.5,5.94,53.5,0.679,146.2,96.0,3353.0
Textile,Standard,Small,17.6,1.8,72.3,0.57,83.8,281.7,2637.0
BambooCane,Economy,Medium,9.0,6.14,78.3,0.531,121.0,120.0,2455.0
Woodwork,Premium,Small,8.3,1.23,61.9,0.545,138.1,504.0,2229.0
BambooCane,Standard,Medium,4.9,6.51,65.3,0.23,98.3,172.5,1255.0
Leatherwork,Economy,Medium,7.9,8.09,86.6,0.597,94.6,360.0,2250.0
Textile,Economy,Small,2.5,3.07,81.9,0.605,75.8,196.0,598.0
Textile,Economy,Medium,8.8,4.0,93.0,0.149,116.1,280.0,2663.0
Textile,Standard,Medium,7.1,6.95,93.9,0.559,112.3,402.5,2499.0
Leatherwork,Standard,Medium,9.1,2.14,80.0,0.568,110.2,517.5,2113.0
Jewelry,Economy,Small,12.4,7.41,57.0,0.172,65.1,336.0,2364.0
Leatherwork,Economy,Medium,10.4,5.65,95.2,0.683,136.8,360.0,3923.0
Metalware,Economy,Medium,10.7,5.79,66.4,0.441,66.1,400.0,2088.0
Metalware,Standard,Medium,8.6,0.5,93.0,0.599,60.5,575.0,1531.0
BambooCane,Standard,Small,4.2,1.37,54.3,0.458,86.6,120.7,646.0
Woodwork,Premium,Medium,1.9,2.69,75.1,0.496,136.4,720.0,1694.0
Jewelry,Standard,Small,5.4,5.77,69.3,0.774,142.7,483.0,2120.0
Painting,Standard,Small,10.1,0.84,54.9,0.95,62.9,201.2,732.0
Painting,Economy,Medium,13.2,5.65,88.7,0.715,66.1,200.0,1960.0
Textile,Economy,Large,2.8,6.24,67.0,0.357,126.9,448.0,1574.0
Painting,Economy,Medium,4.2,4.02,78.7,0.398,145.2,200.0,1565.0
Woodwork,Premium,Large,15.7,4.48,53.9,0.689,107.2,1152.0,3492.0
Jewelry,Premium,Small,11.3,6.45,73.5,0.847,138.4,756.0,3848.0
Pottery,Standard,Medium,11.8,1.73,44.3,0.536,84.7,138.0,1513.0
Metalware,Economy,Large,5.7,7.42,77.3,0.122,65.7,640.0,2793.0
Metalware,Economy,Small,10.6,2.79,67.5,0.579,123.2,280.0,2417.0
Woodwork,Standard,Small,7.6,6.81,72.5,0.739,94.8,322.0,1786.0
Painting,Economy,Large,5.4,4.71,92.4,0.444,137.6,320.0,1938.0
Leatherwork,Economy,Small,9.9,4.87,37.5,0.886,87.8,252.0,1368.0
Jewelry,Standard,Small,2.6,4.98,54.5,0.43,139.7,483.0,1453.0
Pottery,Premium,Small,11.9,5.39,79.5,0.264,101.1,151.2,2797.0
Jewelry,Economy,Large,7.6,3.48,84.3,0.52,84.7,768.0,2082.0
Metalware,Economy,Medium,3.8,4.46,72.4,0.114,82.5,400.0,1522.0
Metalware,Economy,Medium,11.9,0.93,71.9,0.235,103.1,400.0,2643.0
Painting,Premium,Small,7.1,4.22,77.6,0.559,61.3,315.0,1098.0
Woodwork,Economy,Small,8.1,2.77,83.3,0.714,106.6,224.0,1491.0
Leatherwork,Premium,Medium,6.4,3.7,68.9,0.324,64.4,810.0,2380.0
BambooCane,Premium,Large,7.5,4.34,57.7,0.625,133.5,432.0,2236.0
Pottery,Economy,Small,6.6,8.32,71.8,0.224,75.9,67.2,1511.0
Jewelry,Standard,Large,3.4,6.35,50.0,0.447,81.0,1104.0,2294.0
Painting,Economy,Medium,3.0,0.54,86.0,0.197,114.9,200.0,906.0
Jewelry,Economy,Medium,7.4,5.2,68.6,0.66,146.5,480.0,2390.0
Textile,Standard,Medium,1.3,5.5,42.2,0.675,115.6,402.5,823.0
Metalware,Premium,Medium,7.5,4.3,52.3,0.95,137.1,900.0,2035.0
Woodwork,Premium,Medium,9.4,3.89,66.3,0.496,110.8,720.0,2723.0
Painting,Standard,Medium,10.5,6.78,67.6,0.145,71.7,287.5,2749.0
Pottery,Standard,Large,6.6,7.34,73.3,0.174,77.0,220.8,1752.0
Metalware,Standard,Medium,6.2,2.76,76.6,0.725,127.7,575.0,1920.0
Textile,Standard,Medium,6.6,6.29,100.0,0.775,110.6,402.5,2223.0
Leatherwork,Standard,Medium,14.8,4.21,72.7,0.106,131.8,517.5,5415.0
Metalware,Standard,Medium,13.8,3.31,55.8,0.472,64.1,575.0,2345.0
Woodwork,Economy,Medium,8.8,2.47,62.2,0.449,131.0,320.0,2217.0
Leatherwork,Standard,Medium,3.8,3.88,82.4,0.448,106.8,517.5,1718.0
BambooCane,Premium,Medium,3.0,4.26,84.2,0.272,95.5,270.0,1027.0
BambooCane,Economy,Medium,4.0,3.43,83.1,0.236,120.2,120.0,1116.0
BambooCane,Economy,Large,1.8,4.46,46.9,0.667,68.0,192.0,473.0
Metalware,Standard,Medium,7.6,4.77,83.5,0.651,108.7,575.0,2753.0
Textile,Standard,Small,3.5,2.57,68.7,0.647,75.6,281.7,702.0
Metalware,Standard,Medium,13.4,4.38,76.5,0.449,87.9,575.0,3533.0
Textile,Economy,Medium,15.3,6.76,56.4,0.711,83.7,280.0,2428.0
Pottery,Standard,Small,5.6,2.67,54.8,0.151,137.7,96.6,1664.0
Jewelry,Economy,Small,9.2,1.46,80.6,0.63,71.7,336.0,1575.0
Textile,Economy,Small,4.8,4.63,77.6,0.086,127.2,196.0,1889.0
Jewelry,Standard,Small,6.4,3.02,97.5,0.516,76.9,483.0,1746.0
Pottery,Standard,Medium,3.2,2.47,85.6,0.368,72.6,138.0,636.0
Woodwork,Economy,Large,13.1,4.02,61.5,0.538,110.7,512.0,2637.0
Woodwork,Economy,Large,7.8,4.33,99.2,0.414,87.4,512.0,2378.0
Jewelry,Premium,Small,14.1,0.83,60.4,0.531,135.5,756.0,3576.0
Leatherwork,Premium,Medium,12.8,7.67,66.4,0.637,115.0,810.0,4816.0
Pottery,Economy,Medium,7.8,3.47,71.6,0.159,78.3,96.0,1186.0
Woodwork,Standard,Small,5.6,2.93,66.5,0.38,84.7,322.0,1254.0
Leatherwork,Economy,Small,17.3,3.18,76.1,0.428,65.8,252.0,2243.0
Textile,Economy,Medium,5.4,7.81,60.0,0.492,79.6,280.0,1412.0
Leatherwork,Standard,Medium,10.2,3.79,84.0,0.715,77.6,517.5,2282.0
Textile,Economy,Medium,10.7,4.62,70.9,0.639,104.3,280.0,2272.0
Pottery,Standard,Small,6.5,3.09,82.9,0.252,135.5,96.6,1807.0
Painting,Economy,Medium,8.4,1.19,54.6,0.726,112.3,200.0,1071.0
Painting,Economy,Medium,18.1,3.48,43.2,0.526,65.2,200.0,1758.0
Jewelry,Economy,Small,5.2,4.01,62.1,0.152,90.7,336.0,1186.0
Leatherwork,Premium,Large,17.8,3.54,79.3,0.494,133.0,1296.0,7051.0
Woodwork,Premium,Large,10.8,3.02,66.2,0.599,72.4,1152.0,2820.0
BambooCane,Standard,Medium,1.5,6.05,45.8,0.314,79.6,172.5,467.0
Jewelry,Standard,Medium,8.6,3.31,76.0,0.633,141.3,690.0,3000.0
BambooCane,Economy,Large,8.1,1.27,77.1,0.549,113.4,192.0,1403.0
BambooCane,Economy,Medium,6.9,4.18,69.4,0.395,82.4,120.0,1123.0
Textile,Standard,Medium,9.1,3.03,82.6,0.606,71.2,402.5,1627.0
Metalware,Economy,Small,1.0,1.95,60.6,0.683,96.3,280.0,527.0
BambooCane,Economy,Small,13.0,5.84,45.0,0.338,118.5,84.0,2980.0
Textile,Premium,Medium,12.7,4.25,83.5,0.454,148.1,630.0,3825.0
Painting,Premium,Medium,3.9,5.86,82.0,0.359,131.4,450.0,2186.0
Pottery,Economy,Small,3.8,2.39,79.7,0.42,94.0,67.2,771.0
Pottery,Premium,Small,9.4,0.67,80.0,0.592,107.4,151.2,1702.0
Pottery,Economy,Large,4.8,4.78,65.4,0.17,84.1,153.6,1109.0
Jewelry,Standard,Medium,10.9,3.31,58.3,0.389,96.7,690.0,2573.0
Pottery,Standard,Medium,14.2,4.63,41.0,0.417,83.3,138.0,2260.0
Pottery,Premium,Large,11.6,7.55,82.9,0.529,132.4,345.6,4308.0
Pottery,Premium,Small,7.9,3.15,66.5,0.315,93.6,151.2,1583.0
Pottery,Standard,Large,8.8,3.53,71.5,0.662,67.7,220.8,1135.0
Jewelry,Premium,Small,6.9,1.83,100.0,0.843,131.8,756.0,2108.0
Textile,Standard,Large,9.9,0.74,70.6,0.339,72.6,644.0,1835.0
Woodwork,Standard,Large,6.6,5.36,39.5,0.535,105.9,736.0,2194.0
Textile,Economy,Medium,8.4,2.47,44.4,0.206,119.8,280.0,1851.0
BambooCane,Economy,Small,4.9,7.31,60.1,0.594,121.6,84.0,1131.0
Metalware,Economy,Small,3.9,2.46,73.4,0.95,98.0,280.0,921.0
Leatherwork,Standard,Medium,11.4,5.35,76.7,0.498,122.6,517.5,4336.0
Painting,Standard,Medium,3.2,6.24,79.3,0.282,105.3,287.5,1416.0
BambooCane,Economy,Small,2.2,2.57,59.8,0.464,102.9,84.0,471.0
BambooCane,Economy,Medium,9.5,7.03,77.3,0.629,69.7,120.0,1656.0
Metalware,Standard,Large,3.6,4.58,90.6,0.479,107.5,920.0,2571.0
Metalware,Standard,Medium,4.5,3.61,62.0,0.384,76.3,575.0,1608.0
Pottery,Premium,Medium,5.9,4.28,67.5,0.416,73.3,216.0,1105.0
Leatherwork,Economy,Small,6.7,5.15,54.6,0.488,70.8,252.0,1208.0
BambooCane,Standard,Small,2.9,5.1,50.6,0.645,60.0,120.7,473.0
Textile,Premium,Large,22.9,2.9,79.5,0.725,90.8,1008.0,4623.0
Pottery,Standard,Medium,9.9,4.36,89.1,0.549,69.9,138.0,1468.0
Jewelry,Economy,Medium,8.7,0.5,72.1,0.278,78.5,480.0,1818.0
Leatherwork,Economy,Small,9.6,3.2,97.2,0.56,93.3,252.0,2002.0
Woodwork,Standard,Small,11.0,5.59,92.3,0.39,90.1,322.0,2826.0
BambooCane,Premium,Medium,5.1,5.32,65.5,0.425,129.0,270.0,1696.0
Painting,Standard,Large,16.7,3.27,91.4,0.438,112.0,460.0,4361.0
Textile,Standard,Small,7.6,5.3,62.5,0.337,70.8,281.7,1643.0
Leatherwork,Economy,Small,9.9,3.7,67.1,0.457,131.0,252.0,2693.0
Woodwork,Economy,Small,6.7,3.89,86.5,0.242,85.7,224.0,1635.0
Metalware,Standard,Medium,10.4,3.17,48.7,0.431,139.4,575.0,2814.0
Painting,Economy,Medium,8.7,5.73,96.0,0.447,148.0,200.0,3419.0
BambooCane,Premium,Small,14.1,4.68,72.2,0.549,124.6,189.0,3424.0
Leatherwork,Standard,Medium,10.8,0.87,90.7,0.95,123.0,517.5,2370.0
BambooCane,Standard,Small,9.8,2.58,67.4,0.858,109.8,120.7,1541.0
Pottery,Economy,Small,9.8,0.9,81.9,0.405,67.0,67.2,880.0
Jewelry,Standard,Small,6.8,5.01,55.0,0.123,133.3,483.0,2501.0
Textile,Standard,Medium,4.0,4.14,53.4,0.523,92.0,402.5,1076.0
Textile,Economy,Small,13.2,4.32,52.8,0.326,106.4,196.0,2910.0
Painting,Economy,Large,3.4,4.68,77.5,0.675,135.8,320.0,1328.0
BambooCane,Economy,Medium,4.9,5.49,56.6,0.473,67.6,120.0,727.0
Leatherwork,Standard,Large,8.2,1.52,77.4,0.49,135.1,828.0,2872.0
Leatherwork,Standard,Medium,9.8,4.3,72.5,0.889,64.3,517.5,1609.0
Leatherwork,Premium,Large,13.0,7.16,67.6,0.95,135.9,1296.0,5039.0
Woodwork,Economy,Large,7.2,5.6,92.4,0.384,145.8,512.0,3353.0
Metalware,Standard,Large,3.5,1.29,60.1,0.314,66.0,920.0,1557.0
Jewelry,Standard,Large,5.4,6.25,57.5,0.379,99.6,1104.0,2943.0
Painting,Economy,Small,7.8,3.6,60.6,0.45,112.9,140.0,1654.0
BambooCane,Premium,Medium,17.3,4.98,66.1,0.779,110.1,270.0,3810.0
BambooCane,Economy,Small,3.4,1.19,97.4,0.579,130.1,84.0,679.0
Painting,Economy,Medium,7.0,3.13,54.4,0.165,81.4,200.0,1404.0
Painting,Standard,Small,8.5,5.87,67.2,0.303,99.1,201.2,2203.0
Leatherwork,Economy,Large,4.4,7.48,78.0,0.249,124.4,576.0,2684.0
Metalware,Premium,Small,12.4,1.45,75.2,0.691,84.8,630.0,2075.0
Painting,Economy,Small,6.4,4.8,66.8,0.492,89.9,140.0,1175.0
Metalware,Standard,Large,6.9,5.54,77.5,0.65,140.2,920.0,2816.0
BambooCane,Economy,Small,7.4,6.05,100.0,0.635,109.7,84.0,1821.0
Metalware,Premium,Large,11.1,4.3,58.6,0.64,147.5,1440.0,5394.0
Textile,Economy,Small,6.8,5.2,74.1,0.631,105.6,196.0,1717.0
Leatherwork,Premium,Medium,23.9,5.78,78.3,0.454,129.8,810.0,6857.0
Textile,Standard,Large,5.8,5.92,83.4,0.443,123.4,644.0,3109.0
Woodwork,Economy,Medium,5.2,2.39,47.7,0.301,81.9,320.0,1074.0
Metalware,Premium,Small,4.7,6.43,63.5,0.745,97.5,630.0,2000.0
Leatherwork,Economy,Medium,8.7,2.01,89.9,0.697,90.2,360.0,1623.0
Painting,Standard,Small,6.0,2.34,62.9,0.622,127.9,201.2,1496.0
Jewelry,Standard,Small,12.0,4.05,84.4,0.718,77.1,483.0,2632.0
Woodwork,Economy,Large,15.7,8.17,80.0,0.57,113.3,512.0,4883.0
Pottery,Economy,Medium,14.4,4.13,46.3,0.663,134.5,96.0,3083.0
Jewelry,Premium,Large,4.0,5.47,47.1,0.434,110.1,1728.0,3245.0
Painting,Standard,Small,13.0,3.85,98.2,0.815,93.3,201.2,2684.0
Jewelry,Standard,Medium,12.3,2.02,78.9,0.296,94.4,690.0,3256.0
Pottery,Standard,Small,6.1,8.43,74.3,0.867,89.2,96.6,1082.0
Jewelry,Standard,Small,9.4,7.18,54.0,0.117,94.0,483.0,2692.0
Metalware,Standard,Small,11.8,2.97,57.9,0.221,134.9,402.5,3285.0
BambooCane,Standard,Small,13.0,3.88,78.1,0.532,136.0,120.7,3387.0
Woodwork,Economy,Medium,1.7,2.16,93.5,0.255,115.9,320.0,1011.0
BambooCane,Economy,Medium,4.5,6.09,90.5,0.884,145.0,120.0,1253.0
Jewelry,Economy,Small,19.7,5.08,95.5,0.637,105.1,336.0,4492.0
Textile,Standard,Medium,9.5,6.35,76.5,0.858,74.9,402.5,1982.0
Woodwork,Economy,Medium,16.1,5.42,80.9,0.291,72.4,320.0,3320.0
BambooCane,Premium,Large,9.1,3.81,74.6,0.588,131.0,432.0,2358.0
Jewelry,Economy,Small,16.7,5.05,71.0,0.738,100.0,336.0,3498.0
Metalware,Economy,Large,2.7,4.03,63.2,0.917,98.2,640.0,1098.0
Pottery,Economy,Small,20.5,1.9,82.4,0.417,108.0,67.2,3724.0
BambooCane,Premium,Medium,6.2,2.42,74.9,0.447,104.1,270.0,1400.0
Metalware,Premium,Small,4.8,4.29,48.5,0.736,115.3,630.0,1669.0
Pottery,Standard,Large,3.7,4.62,80.3,0.494,125.5,220.8,1214.0
Painting,Standard,Small,5.1,3.91,87.4,0.506,88.5,201.2,1349.0
Jewelry,Standard,Small,18.8,2.66,75.0,0.302,75.3,483.0,3014.0
Pottery,Standard,Medium,10.1,7.84,80.8,0.598,117.5,138.0,2667.0
Pottery,Standard,Large,3.0,3.71,57.5,0.492,88.2,220.8,694.0
Pottery,Economy,Small,1.6,5.87,59.9,0.904,119.4,67.2,356.0
Metalware,Standard,Large,7.8,6.27,71.0,0.231,95.1,920.0,3457.0
Leatherwork,Economy,Small,22.3,1.36,69.8,0.316,133.9,252.0,5462.0
Textile,Economy,Large,10.5,2.8,77.1,0.264,121.8,448.0,3101.0
BambooCane,Standard,Medium,7.1,3.03,64.9,0.474,135.4,172.5,1989.0
BambooCane,Economy,Medium,2.3,6.22,92.0,0.445,111.4,120.0,900.0
Metalware,Economy,Medium,2.8,6.43,76.0,0.421,78.8,400.0,1376.0
Jewelry,Economy,Medium,3.1,1.45,91.6,0.75,134.2,480.0,1312.0
Pottery,Standard,Large,6.6,5.42,81.7,0.799,121.7,220.8,1863.0
Pottery,Economy,Medium,8.5,5.04,74.4,0.413,127.2,96.0,2065.0
BambooCane,Standard,Medium,10.6,1.03,95.1,0.451,102.2,172.5,1949.0
Leatherwork,Standard,Medium,5.3,5.93,28.1,0.073,116.4,517.5,1921.0
Leatherwork,Premium,Small,3.1,2.58,67.3,0.54,133.8,567.0,1366.0
Metalware,Premium,Small,13.2,4.68,67.9,0.316,88.0,630.0,3099.0
Textile,Economy,Small,3.6,2.33,77.4,0.527,66.1,196.0,626.0
BambooCane,Economy,Small,6.9,1.12,66.5,0.37,126.5,84.0,1340.0
Textile,Economy,Medium,14.9,2.82,55.7,0.718,113.9,280.0,2611.0
Jewelry,Standard,Medium,4.7,5.92,60.5,0.677,126.9,690.0,2314.0
Textile,Premium,Large,4.8,5.0,95.6,0.425,68.3,1008.0,2435.0
Textile,Standard,Small,3.6,5.07,53.9,0.572,68.3,281.7,850.0
Woodwork,Standard,Medium,8.1,3.97,58.9,0.943,113.8,460.0,1592.0
Leatherwork,Standard,Medium,10.7,7.37,69.1,0.619,70.9,517.5,2621.0
Jewelry,Standard,Large,9.0,3.72,63.1,0.246,104.4,1104.0,3987.0
Woodwork,Standard,Medium,13.8,1.24,64.1,0.15,98.8,460.0,2924.0
Painting,Standard,Large,2.0,6.1,79.3,0.312,67.3,460.0,1354.0
Painting,Economy,Medium,7.5,7.02,75.2,0.112,111.2,200.0,2454.0
BambooCane,Standard,Small,18.0,4.19,100.0,0.562,123.3,120.7,3952.0
Leatherwork,Economy,Medium,5.8,1.99,71.3,0.498,78.5,360.0,1380.0
Leatherwork,Economy,Medium,4.0,2.51,100.0,0.783,61.1,360.0,956.0
Metalware,Economy,Small,9.1,6.07,62.6,0.716,71.3,280.0,1679.0
Metalware,Economy,Small,18.4,3.11,84.0,0.81,125.7,280.0,3633.0
Woodwork,Economy,Medium,2.7,1.88,45.2,0.101,118.4,320.0,903.0
Jewelry,Premium,Medium,8.0,3.83,55.0,0.126,97.1,1080.0,3277.0
Jewelry,Standard,Small,1.3,1.94,63.8,0.64,68.4,483.0,866.0
BambooCane,Economy,Medium,19.2,4.08,49.8,0.293,100.2,120.0,3424.0
Painting,Standard,Large,8.1,6.76,73.8,0.564,107.3,460.0,2699.0
Woodwork,Economy,Small,15.2,7.62,93.8,0.55,118.0,224.0,4330.0
Metalware,Economy,Small,13.0,2.86,68.0,0.431,91.6,280.0,2530.0
Painting,Standard,Small,11.5,3.57,74.2,0.344,87.2,201.2,2403.0
Woodwork,Standard,Medium,4.6,2.99,63.9,0.644,131.2,460.0,1664.0
Painting,Economy,Medium,4.5,6.09,74.7,0.558,102.7,200.0,1231.0
Pottery,Economy,Medium,13.7,4.73,85.4,0.302,75.3,96.0,2055.0
Textile,Economy,Medium,2.8,3.12,76.0,0.748,99.3,280.0,871.0
Painting,Premium,Medium,7.0,3.14,100.0,0.808,142.9,450.0,2552.0
Textile,Standard,Small,5.6,2.57,53.5,0.474,106.6,281.7,1119.0
Painting,Standard,Large,3.1,1.16,76.8,0.825,112.7,460.0,916.0
Textile,Economy,Small,7.1,0.72,81.1,0.697,68.3,196.0,770.0
Jewelry,Economy,Medium,10.8,0.55,75.1,0.681,72.0,480.0,1538.0
Jewelry,Standard,Large,2.5,1.85,67.8,0.898,115.1,1104.0,1496.0
Woodwork,Economy,Small,7.9,0.93,84.6,0.606,98.1,224.0,1515.0
Textile,Economy,Small,5.6,2.27,74.5,0.333,113.5,196.0,1169.0
BambooCane,Premium,Medium,5.2,4.8,100.0,0.143,89.5,270.0,1683.0
Textile,Premium,Medium,5.2,2.72,82.8,0.456,105.2,630.0,2153.0
Leatherwork,Economy,Medium,11.7,3.41,66.0,0.836,63.0,360.0,1471.0
Woodwork,Premium,Medium,6.4,5.68,75.2,0.609,103.5,720.0,2429.0
Leatherwork,Premium,Medium,4.4,3.48,75.2,0.478,86.1,810.0,2566.0
Textile,Economy,Small,4.9,8.03,53.7,0.73,106.3,196.0,1321.0
Textile,Economy,Large,10.3,4.06,53.2,0.334,100.8,448.0,1921.0
Painting,Economy,Small,14.8,2.86,78.8,0.481,119.9,140.0,3003.0
Textile,Standard,Large,13.2,2.43,68.3,0.819,125.7,644.0,2625.0
Metalware,Economy,Large,10.2,6.06,79.7,0.485,70.3,640.0,2726.0
BambooCane,Standard,Medium,6.6,5.74,83.3,0.535,81.1,172.5,1523.0
Metalware,Economy,Medium,8.5,1.12,83.7,0.682,71.8,400.0,1252.0
Pottery,Standard,Medium,15.6,2.17,83.2,0.773,134.4,138.0,3318.0
Painting,Standard,Large,6.3,4.84,73.5,0.752,70.2,460.0,1304.0
Pottery,Standard,Small,4.9,2.62,65.8,0.627,101.2,96.6,775.0
Painting,Economy,Medium,17.0,6.36,86.5,0.546,127.1,200.0,5055.0
Woodwork,Standard,Large,12.6,5.0,81.5,0.602,142.4,736.0,4848.0
Jewelry,Economy,Small,6.5,2.52,64.3,0.743,72.8,336.0,974.0
Jewelry,Economy,Medium,3.3,3.16,81.5,0.077,107.1,480.0,1913.0
Painting,Standard,Small,8.3,3.37,57.9,0.911,126.8,201.2,1591.0
Woodwork,Economy,Medium,7.6,5.23,65.9,0.879,92.3,320.0,1052.0
Jewelry,Economy,Medium,4.3,2.1,87.6,0.336,75.4,480.0,1298.0
Woodwork,Economy,Small,12.3,1.77,65.1,0.081,134.0,224.0,2825.0
Woodwork,Standard,Large,13.7,2.36,70.4,0.898,146.3,736.0,3516.0
Painting,Standard,Medium,8.7,7.09,70.3,0.471,149.6,287.5,2833.0
Metalware,Standard,Medium,6.2,6.13,87.6,0.292,64.8,575.0,2361.0
BambooCane,Economy,Large,4.3,5.92,73.0,0.694,149.4,192.0,1290.0
Pottery,Economy,Medium,12.8,7.78,75.7,0.776,125.0,96.0,3038.0
Woodwork,Standard,Medium,8.4,5.78,70.6,0.343,117.0,460.0,2202.0
Jewelry,Standard,Large,20.5,2.04,62.7,0.44,75.4,1104.0,3999.0
Leatherwork,Standard,Large,6.9,4.04,60.6,0.314,132.0,828.0,3127.0
Metalware,Standard,Small,10.5,6.34,71.9,0.257,83.2,402.5,2932.0
Woodwork,Standard,Large,3.7,4.62,76.2,0.6,110.6,736.0,1990.0
Jewelry,Economy,Medium,2.2,5.12,92.8,0.212,146.7,480.0,2073.0
Leatherwork,Standard,Small,11.1,6.38,72.6,0.73,64.4,362.2,1918.0
Pottery,Standard,Medium,10.3,3.42,53.6,0.524,103.8,138.0,1821.0
Textile,Standard,Medium,3.4,2.19,70.1,0.706,87.7,402.5,907.0
Painting,Economy,Medium,4.7,7.34,92.9,0.281,71.4,200.0,1266.0
Leatherwork,Economy,Large,6.8,3.71,90.1,0.377,63.4,576.0,1795.0
Leatherwork,Standard,Medium,7.5,3.19,65.3,0.699,84.4,517.5,1547.0
Jewelry,Economy,Small,5.6,7.49,100.0,0.05,76.6,336.0,2275.0
BambooCane,Economy,Medium,6.0,2.13,62.0,0.875,71.7,120.0,702.0
BambooCane,Standard,Small,16.0,4.82,75.9,0.457,75.7,120.7,2812.0
Metalware,Standard,Small,11.6,3.06,76.2,0.349,112.5,402.5,2937.0
Metalware,Premium,Medium,1.9,2.06,66.0,0.151,86.5,900.0,1637.0
Leatherwork,Standard,Small,7.0,3.96,56.1,0.54,115.3,362.2,1533.0
Painting,Standard,Medium,10.4,5.46,49.5,0.698,87.1,287.5,1602.0
Metalware,Premium,Small,8.0,3.17,63.6,0.549,127.0,630.0,2420.0
Woodwork,Economy,Medium,10.0,6.62,73.7,0.277,84.2,320.0,2521.0
Woodwork,Standard,Large,9.8,6.02,65.2,0.622,147.0,736.0,2942.0
Jewelry,Economy,Small,11.5,2.17,87.2,0.738,126.0,336.0,2759.0
Pottery,Economy,Medium,15.2,3.84,87.8,0.826,60.9,96.0,1688.0
Painting,Premium,Medium,11.1,4.46,58.3,0.213,75.5,450.0,2156.0
Leatherwork,Economy,Small,13.0,4.68,72.5,0.29,74.0,252.0,2586.0
Pottery,Economy,Small,14.6,1.77,62.6,0.596,130.8,67.2,2585.0
BambooCane,Standard,Medium,3.6,5.58,52.5,0.655,60.7,172.5,599.0
Painting,Economy,Small,11.0,7.52,57.3,0.621,138.2,140.0,2214.0
Leatherwork,Economy,Medium,24.2,4.92,100.0,0.402,86.7,360.0,5634.0
Jewelry,Economy,Small,3.9,5.14,56.1,0.638,98.1,336.0,1205.0
Textile,Standard,Medium,4.6,2.43,100.0,0.543,121.6,402.5,1648.0
Textile,Economy,Medium,6.7,0.57,41.6,0.661,123.4,280.0,1158.0
Jewelry,Economy,Small,7.9,8.03,66.9,0.611,80.6,336.0,2219.0
Painting,Standard,Large,4.0,1.34,67.8,0.46,100.2,460.0,1070.0
Metalware,Premium,Small,2.7,4.58,69.8,0.598,67.2,630.0,1282.0
Textile,Standard,Medium,11.9,6.67,78.1,0.371,89.6,402.5,2858.0
Painting,Standard,Medium,11.6,4.23,73.0,0.782,139.7,287.5,3105.0
Pottery,Standard,Small,3.4,3.19,90.0,0.591,66.0,96.6,567.0
Woodwork,Standard,Small,6.3,6.12,84.5,0.644,103.9,322.0,1831.0
Leatherwork,Premium,Medium,16.9,5.92,100.0,0.398,77.9,810.0,4671.0
Metalware,Economy,Small,1.0,6.01,82.1,0.175,99.8,280.0,932.0
Painting,Economy,Large,5.0,2.75,74.7,0.156,120.7,320.0,1606.0
BambooCane,Economy,Medium,5.8,5.8,73.2,0.469,106.8,120.0,1455.0
Textile,Standard,Medium,4.8,2.68,94.9,0.441,68.2,402.5,1469.0
Metalware,Premium,Large,7.4,7.35,72.1,0.729,130.4,1440.0,4296.0
Metalware,Standard,Medium,4.8,3.33,87.0,0.186,110.4,575.0,2235.0
Jewelry,Economy,Large,25.0,7.54,91.5,0.773,123.3,768.0,6829.0
Jewelry,Standard,Large,5.5,7.95,58.6,0.502,80.1,1104.0,2920.0
Textile,Standard,Large,8.7,2.02,51.6,0.651,101.6,644.0,1740.0
Leatherwork,Premium,Medium,1.2,6.34,39.2,0.483,86.2,810.0,1473.0
Textile,Economy,Medium,7.0,2.91,56.4,0.591,77.7,280.0,888.0
Pottery,Standard,Medium,15.4,2.62,66.8,0.131,66.6,138.0,2218.0
Woodwork,Premium,Large,1.7,6.99,65.9,0.537,124.5,1152.0,2512.0
Woodwork,Economy,Small,3.2,3.65,71.9,0.567,72.0,224.0,699.0
Woodwork,Premium,Medium,6.2,8.66,75.1,0.235,62.2,720.0,2932.0
Woodwork,Economy,Medium,7.4,2.61,97.7,0.735,110.4,320.0,1657.0
Leatherwork,Economy,Medium,10.4,2.28,71.4,0.393,104.1,360.0,2185.0
Painting,Premium,Medium,8.2,6.73,64.8,0.509,87.6,450.0,2429.0
Painting,Standard,Small,9.1,2.28,77.0,0.548,66.1,201.2,1070.0
Jewelry,Standard,Small,16.9,6.22,83.2,0.126,110.4,483.0,6116.0
Pottery,Economy,Medium,19.1,3.56,78.9,0.426,119.8,96.0,4139.0
Jewelry,Standard,Small,5.5,6.96,83.9,0.406,115.1,483.0,2923.0
Jewelry,Standard,Large,4.7,0.62,49.5,0.816,61.4,1104.0,1235.0
Pottery,Standard,Small,7.1,0.74,49.1,0.691,96.3,96.6,841.0
BambooCane,Economy,Medium,8.1,5.92,99.4,0.446,128.3,120.0,2551.0
BambooCane,Economy,Medium,6.4,5.18,66.3,0.914,83.5,120.0,1036.0
Textile,Standard,Large,9.4,3.03,51.0,0.119,95.4,644.0,2304.0
Textile,Standard,Small,10.2,4.12,60.7,0.308,148.7,281.7,3263.0
Textile,Standard,Small,6.1,1.65,79.5,0.336,80.9,281.7,1203.0
Woodwork,Standard,Medium,6.9,5.92,68.1,0.671,127.2,460.0,2076.0
Textile,Standard,Small,21.8,4.16,88.8,0.463,130.3,281.7,5361.0
Jewelry,Standard,Small,8.5,4.93,68.1,0.77,142.4,483.0,2482.0
BambooCane,Economy,Small,8.1,3.57,81.1,0.804,108.9,84.0,1377.0
Woodwork,Standard,Small,3.7,5.66,87.9,0.771,125.6,322.0,1421.0
Textile,Premium,Large,5.0,1.09,63.4,0.2,92.1,1008.0,2402.0
Leatherwork,Premium,Medium,2.2,2.81,93.1,0.8,142.3,810.0,1681.0
Painting,Economy,Medium,7.0,4.38,93.4,0.473,121.8,200.0,2142.0
Textile,Standard,Large,4.9,3.21,82.1,0.303,116.3,644.0,2293.0
BambooCane,Standard,Medium,6.6,3.29,66.2,0.076,90.5,172.5,1391.0
BambooCane,Economy,Small,11.4,2.92,95.0,0.921,92.4,84.0,1718.0
Woodwork,Economy,Small,6.1,1.6,91.1,0.409,119.2,224.0,1515.0
Metalware,Standard,Large,10.7,2.56,67.5,0.909,149.3,920.0,3280.0
Jewelry,Standard,Small,6.5,4.89,92.1,0.576,64.3,483.0,1491.0
Jewelry,Economy,Medium,1.6,3.95,83.5,0.802,105.0,480.0,838.0
Leatherwork,Economy,Small,6.8,1.23,72.7,0.68,149.6,252.0,1467.0
Textile,Premium,Medium,4.0,1.57,63.9,0.717,137.1,630.0,1432.0
Painting,Standard,Small,7.0,3.37,64.5,0.699,63.9,201.2,917.0
Pottery,Premium,Medium,5.9,4.35,70.9,0.355,76.6,216.0,1181.0
Metalware,Premium,Medium,3.6,6.79,86.2,0.586,87.7,900.0,2468.0
Metalware,Economy,Small,10.6,3.55,60.5,0.807,75.7,280.0,1440.0
Pottery,Economy,Small,10.7,6.55,81.3,0.288,106.8,67.2,2849.0
Leatherwork,Economy,Medium,12.9,6.01,44.9,0.146,149.0,360.0,4320.0
Jewelry,Economy,Small,7.7,2.45,83.0,0.372,118.9,336.0,2243.0
Painting,Economy,Small,8.6,1.96,90.9,0.383,114.9,140.0,1650.0
Leatherwork,Premium,Large,7.4,3.2,73.4,0.692,127.6,1296.0,2984.0
Pottery,Premium,Small,6.7,2.75,92.9,0.298,60.5,151.2,1100.0
Jewelry,Economy,Small,7.9,1.17,66.6,0.16,100.6,336.0,1593.0
Leatherwork,Economy,Medium,7.7,7.19,90.4,0.524,71.3,360.0,1879.0
BambooCane,Standard,Medium,16.0,4.52,68.1,0.278,67.2,172.5,2359.0
Metalware,Premium,Large,5.1,2.34,86.9,0.249,66.4,1440.0,3325.0
Painting,Standard,Large,8.2,3.53,74.3,0.598,142.6,460.0,2515.0
Textile,Premium,Small,4.5,4.53,48.7,0.783,105.6,441.0,1247.0
Jewelry,Premium,Medium,5.4,4.55,79.7,0.877,122.7,1080.0,2456.0
Textile,Standard,Small,3.1,6.67,100.0,0.58,120.0,281.7,1757.0
Painting,Standard,Medium,8.6,3.91,72.9,0.727,104.3,287.5,1858.0
Woodwork,Standard,Small,7.8,2.46,81.9,0.95,149.9,322.0,2032.0
Painting,Standard,Large,15.3,1.51,73.3,0.373,121.5,460.0,3328.0
Pottery,Economy,Small,20.6,1.37,75.4,0.113,110.1,67.2,3282.0
Jewelry,Standard,Large,13.3,1.75,67.1,0.588,143.9,1104.0,4558.0
Woodwork,Standard,Medium,13.3,1.57,70.2,0.783,85.7,460.0,1959.0
Woodwork,Standard,Medium,8.1,0.5,48.9,0.897,102.6,460.0,1344.0
BambooCane,Premium,Small,10.1,0.66,77.7,0.375,138.0,189.0,2285.0
Painting,Standard,Medium,10.1,2.24,51.6,0.359,135.2,287.5,2598.0
Leatherwork,Standard,Small,3.9,1.73,56.0,0.82,88.5,362.2,732.0
Painting,Standard,Small,9.1,5.59,68.0,0.74,77.6,201.2,1475.0
Painting,Economy,Small,13.9,5.09,84.4,0.159,108.4,140.0,3220.0
Pottery,Economy,Medium,18.7,3.25,99.4,0.934,88.1,96.0,2832.0
Woodwork,Standard,Medium,10.9,4.66,87.2,0.737,69.0,460.0,2188.0
Pottery,Standard,Large,14.0,5.57,68.3,0.673,137.6,220.8,3529.0
Leatherwork,Standard,Medium,12.1,4.88,87.3,0.302,77.0,517.5,3042.0
Painting,Economy,Medium,16.5,0.93,67.1,0.39,86.9,200.0,2377.0
Jewelry,Economy,Medium,4.1,3.83,52.2,0.297,61.4,480.0,1276.0
Pottery,Economy,Medium,13.5,5.38,57.8,0.53,129.5,96.0,2611.0
Pottery,Economy,Medium,9.4,6.32,57.7,0.418,129.0,96.0,2661.0
Jewelry,Standard,Medium,12.0,6.29,70.8,0.657,124.7,690.0,3547.0
Painting,Economy,Small,18.5,0.94,61.9,0.39,122.3,140.0,3136.0
Metalware,Standard,Large,18.6,3.77,75.1,0.714,129.1,920.0,5091.0
Woodwork,Standard,Medium,6.2,2.28,79.3,0.304,75.3,460.0,1483.0
Textile,Standard,Medium,9.0,1.75,75.8,0.348,83.4,402.5,1838.0
Woodwork,Economy,Large,9.0,2.5,91.3,0.804,132.6,512.0,2397.0
Metalware,Standard,Small,6.6,4.89,82.5,0.404,103.5,402.5,2092.0
Painting,Standard,Small,10.0,2.87,92.4,0.319,122.0,201.2,2700.0
Pottery,Standard,Large,1.2,1.91,81.1,0.537,148.4,220.8,654.0
Woodwork,Standard,Medium,2.5,2.81,62.1,0.49,64.0,460.0,782.0
Pottery,Premium,Small,11.5,0.61,98.0,0.275,96.3,151.2,2287.0
Woodwork,Standard,Medium,13.1,7.52,56.2,0.304,73.1,460.0,3461.0
Metalware,Standard,Large,9.0,8.46,52.3,0.551,117.5,920.0,3987.0
Jewelry,Standard,Medium,13.8,3.97,76.2,0.392,61.7,690.0,3161.0
BambooCane,Standard,Small,7.1,5.39,40.4,0.367,91.3,120.7,1273.0
Pottery,Economy,Medium,4.5,2.98,53.3,0.529,122.7,96.0,1020.0
BambooCane,Premium,Small,17.4,8.04,80.3,0.619,127.0,189.0,5024.0
Textile,Standard,Medium,8.4,7.25,77.3,0.243,63.8,402.5,2288.0
Jewelry,Economy,Medium,11.7,6.44,73.8,0.119,136.5,480.0,5273.0
Metalware,Economy,Medium,1.0,2.15,53.3,0.227,77.6,400.0,786.0
Textile,Standard,Small,12.2,1.6,46.3,0.674,106.7,281.7,1684.0
Pottery,Economy,Medium,14.7,7.23,52.4,0.535,110.5,96.0,3138.0
Painting,Economy,Medium,17.3,1.23,56.4,0.75,84.5,200.0,1794.0
Metalware,Standard,Large,12.6,7.76,63.3,0.643,127.1,920.0,4415.0
BambooCane,Economy,Large,7.2,4.53,74.1,0.141,71.4,192.0,1375.0
Jewelry,Standard,Large,7.6,7.22,63.6,0.16,76.9,1104.0,3702.0
BambooCane,Standard,Medium,1.5,4.26,79.0,0.95,144.2,172.5,630.0
Metalware,Premium,Small,3.3,2.45,37.4,0.625,129.8,630.0,1127.0
BambooCane,Standard,Medium,4.5,1.61,62.2,0.535,66.0,172.5,639.0
Painting,Economy,Large,2.3,1.53,98.4,0.866,131.6,320.0,820.0
Leatherwork,Standard,Small,1.9,5.65,89.0,0.292,121.6,362.2,1340.0
Leatherwork,Standard,Medium,3.3,5.47,100.0,0.785,73.7,517.5,1335.0
Jewelry,Economy,Small,5.6,3.53,48.6,0.576,62.5,336.0,942.0
BambooCane,Economy,Medium,6.2,8.01,52.0,0.227,127.6,120.0,2008.0
Painting,Premium,Medium,9.5,2.06,80.1,0.241,146.0,450.0,3282.0
Painting,Economy,Medium,7.4,4.55,50.3,0.27,121.7,200.0,1723.0
Jewelry,Economy,Small,5.2,4.69,72.4,0.439,138.3,336.0,2196.0
Textile,Economy,Medium,5.2,4.55,40.0,0.442,137.4,280.0,1427.0
Textile,Standard,Small,9.8,5.11,58.2,0.537,79.2,281.7,1802.0
Metalware,Economy,Large,12.7,6.21,79.3,0.267,65.0,640.0,3562.0
Metalware,Standard,Small,6.8,0.88,66.8,0.656,120.9,402.5,1638.0
Pottery,Economy,Medium,12.4,5.53,52.4,0.77,101.1,96.0,1875.0
Textile,Premium,Small,11.9,2.82,71.5,0.642,90.9,441.0,2236.0
Painting,Economy,Small,2.4,3.46,81.6,0.491,141.0,140.0,843.0
Metalware,Standard,Medium,14.1,3.77,73.0,0.372,103.9,575.0,3674.0
BambooCane,Standard,Medium,2.1,2.23,54.3,0.587,94.7,172.5,497.0
Jewelry,Economy,Medium,2.9,4.64,70.6,0.37,110.8,480.0,1545.0
Painting,Standard,Medium,8.3,1.05,69.5,0.149,74.5,287.5,1403.0
Woodwork,Standard,Large,4.8,4.54,82.3,0.468,72.8,736.0,2096.0
Painting,Standard,Medium,3.4,1.95,72.6,0.662,93.1,287.5,821.0
Jewelry,Economy,Medium,4.3,4.43,67.6,0.611,86.2,480.0,1228.0
Textile,Standard,Large,10.9,4.62,77.0,0.234,96.8,644.0,3334.0
Pottery,Standard,Medium,2.2,0.93,69.2,0.578,79.3,138.0,404.0
Metalware,Premium,Large,4.3,8.09,87.0,0.551,130.0,1440.0,4308.0
Leatherwork,Standard,Medium,2.5,3.0,72.1,0.282,66.0,517.5,1179.0
Leatherwork,Standard,Medium,13.4,0.73,76.6,0.756,91.4,517.5,1900.0
Leatherwork,Economy,Small,5.1,3.69,53.2,0.655,73.8,252.0,876.0
Jewelry,Premium,Medium,6.0,5.88,68.5,0.514,105.7,1080.0,3041.0
Jewelry,Standard,Small,9.1,0.5,82.3,0.667,138.8,483.0,2247.0
Leatherwork,Premium,Small,5.5,3.51,53.3,0.371,91.3,567.0,1786.0
Leatherwork,Economy,Medium,5.9,2.55,73.1,0.468,95.2,360.0,1433.0
BambooCane,Standard,Medium,10.7,2.57,70.4,0.35,71.0,172.5,1439.0
Painting,Standard,Medium,12.0,1.66,92.6,0.442,71.1,287.5,2162.0
Jewelry,Economy,Medium,11.8,4.03,60.0,0.557,120.5,480.0,2741.0
Woodwork,Standard,Small,8.7,3.59,67.1,0.457,112.1,322.0,1683.0
Painting,Premium,Small,2.4,6.28,58.9,0.481,107.1,315.0,1021.0
Textile,Economy,Large,7.1,6.29,90.8,0.73,113.0,448.0,1909.0
Pottery,Standard,Small,8.3,5.49,83.3,0.073,148.6,96.6,3344.0
Leatherwork,Standard,Small,5.5,1.46,85.2,0.348,106.0,362.2,1409.0
Woodwork,Economy,Medium,16.2,7.05,60.7,0.293,137.5,320.0,5332.0
Painting,Standard,Small,5.1,0.61,46.2,0.546,112.7,201.2,839.0
Pottery,Premium,Medium,3.1,3.27,82.7,0.648,83.3,216.0,807.0
Metalware,Standard,Small,4.6,4.02,73.4,0.496,94.4,402.5,1402.0
BambooCane,Economy,Medium,4.7,5.74,83.7,0.487,125.1,120.0,1360.0
Leatherwork,Standard,Large,14.6,4.82,82.4,0.507,77.3,828.0,3836.0
Painting,Economy,Large,7.6,9.3,60.2,0.33,68.0,320.0,2059.0
Leatherwork,Standard,Small,6.3,4.54,69.5,0.749,124.2,362.2,1753.0
Metalware,Premium,Large,13.2,0.5,99.7,0.33,134.4,1440.0,4144.0
Pottery,Economy,Small,8.8,8.43,55.8,0.615,114.3,67.2,2278.0
Jewelry,Standard,Medium,6.8,3.11,57.5,0.592,65.1,690.0,1769.0
Textile,Standard,Small,3.9,8.47,70.0,0.266,101.4,281.7,1629.0
Textile,Economy,Medium,20.3,6.19,80.1,0.491,103.7,280.0,4521.0
Pottery,Economy,Large,10.4,1.78,61.5,0.512,115.7,153.6,1596.0
Textile,Premium,Medium,8.3,6.61,75.9,0.196,62.4,630.0,2737.0
Jewelry,Standard,Large,2.5,4.98,68.9,0.809,62.0,1104.0,2000.0
Painting,Standard,Medium,3.3,4.63,68.6,0.653,131.6,287.5,1208.0
Pottery,Premium,Large,6.0,2.37,79.2,0.706,104.3,345.6,1433.0
Painting,Standard,Medium,6.7,4.61,61.7,0.215,98.5,287.5,1903.0
Textile,Standard,Small,12.1,2.62,63.8,0.412,92.2,281.7,2224.0
Painting,Premium,Small,11.6,7.87,88.8,0.259,88.7,315.0,3362.0
BambooCane,Economy,Small,5.0,6.24,91.7,0.679,84.2,84.0,1057.0
Textile,Economy,Medium,3.1,5.63,59.3,0.795,137.4,280.0,1018.0
Jewelry,Economy,Small,7.6,3.98,72.6,0.48,79.5,336.0,1634.0
Woodwork,Economy,Large,2.1,6.81,90.4,0.731,69.5,512.0,1359.0
Leatherwork,Premium,Small,6.4,5.94,85.3,0.818,141.8,567.0,2481.0
Jewelry,Economy,Medium,5.3,5.43,73.3,0.559,110.1,480.0,1947.0
Painting,Economy,Medium,5.8,1.22,77.7,0.346,136.4,200.0,1495.0
Textile,Standard,Medium,3.2,6.03,62.0,0.123,146.8,402.5,1839.0
Leatherwork,Premium,Medium,9.5,4.19,68.6,0.694,80.6,810.0,2837.0
BambooCane,Economy,Large,6.9,7.74,69.9,0.452,71.5,192.0,1483.0
Metalware,Economy,Large,15.0,4.12,92.8,0.214,126.6,640.0,5384.0
Painting,Economy,Small,13.2,4.61,64.0,0.571,145.2,140.0,3438.0
Leatherwork,Economy,Medium,10.7,3.57,73.5,0.241,145.5,360.0,3038.0
Textile,Premium,Large,9.4,3.3,80.5,0.863,73.7,1008.0,2448.0
Metalware,Economy,Medium,9.5,2.23,100.0,0.454,63.9,400.0,1686.0
BambooCane,Standard,Medium,11.2,5.13,74.5,0.554,108.0,172.5,2331.0
Leatherwork,Standard,Small,6.1,2.73,46.7,0.443,130.3,362.2,1777.0
Woodwork,Economy,Medium,11.8,4.84,77.7,0.424,99.9,320.0,2561.0
Textile,Premium,Large,17.7,2.14,66.0,0.302,75.5,1008.0,4210.0
Pottery,Standard,Large,21.0,3.54,64.8,0.37,64.5,220.8,2232.0
Woodwork,Standard,Small,4.5,1.77,77.0,0.277,103.9,322.0,1268.0
BambooCane,Economy,Medium,11.8,4.78,69.3,0.805,73.1,120.0,1367.0
Leatherwork,Premium,Medium,6.8,2.32,77.6,0.751,139.3,810.0,2662.0
Leatherwork,Economy,Medium,5.3,7.9,67.9,0.572,103.6,360.0,1660.0
Painting,Economy,Medium,10.2,4.82,71.0,0.366,69.4,200.0,1786.0
Painting,Economy,Medium,7.4,4.21,88.3,0.736,99.7,200.0,1569.0
Leatherwork,Standard,Large,5.4,3.05,63.0,0.138,83.1,828.0,2513.0
Woodwork,Standard,Large,7.6,2.49,95.2,0.474,110.2,736.0,2514.0
BambooCane,Economy,Medium,1.8,4.01,73.0,0.477,96.6,120.0,474.0
Textile,Economy,Large,9.6,7.28,68.1,0.647,125.1,448.0,2894.0
Textile,Economy,Medium,3.3,4.2,63.3,0.655,111.5,280.0,1026.0
Metalware,Economy,Small,7.5,5.45,68.4,0.812,66.1,280.0,1323.0
Pottery,Standard,Medium,9.1,7.95,50.1,0.899,66.1,138.0,1248.0
Jewelry,Premium,Small,6.3,9.04,87.7,0.571,147.9,756.0,3588.0
Painting,Economy,Medium,13.7,1.77,69.6,0.497,137.7,200.0,3274.0
Textile,Economy,Small,7.7,4.96,90.6,0.785,71.0,196.0,1214.0
Leatherwork,Premium,Medium,3.8,3.64,48.6,0.264,91.6,810.0,1950.0
Woodwork,Standard,Medium,2.7,5.14,69.4,0.697,122.7,460.0,1231.0
Textile,Premium,Large,13.6,3.98,45.0,0.493,120.6,1008.0,4191.0
BambooCane,Standard,Large,9.7,7.3,92.0,0.683,127.9,276.0,3126.0
Jewelry,Economy,Small,8.9,5.32,62.0,0.601,125.7,336.0,2548.0
Leatherwork,Premium,Medium,4.5,2.69,79.2,0.32,116.1,810.0,2346.0
Jewelry,Premium,Small,23.5,5.42,76.7,0.293,110.9,756.0,7218.0
BambooCane,Standard,Medium,5.8,2.24,55.1,0.34,99.3,172.5,1158.0
Pottery,Economy,Small,11.9,3.38,73.8,0.545,70.9,67.2,1512.0
Painting,Economy,Medium,9.4,2.34,63.9,0.336,63.6,200.0,1040.0
Metalware,Premium,Small,3.4,3.96,100.0,0.477,133.2,630.0,2012.0
BambooCane,Standard,Large,9.2,1.79,72.6,0.427,124.0,276.0,2024.0
Pottery,Standard,Large,2.1,6.08,92.9,0.37,123.0,220.8,929.0
Jewelry,Standard,Medium,11.6,4.18,70.1,0.277,68.3,690.0,2632.0
Painting,Standard,Small,11.7,2.67,79.1,0.552,92.6,201.2,2121.0
Textile,Economy,Medium,7.5,3.26,55.8,0.481,147.0,280.0,1926.0
Textile,Economy,Medium,8.9,2.29,58.8,0.293,142.6,280.0,2688.0
Painting,Economy,Medium,3.5,4.2,82.9,0.482,126.9,200.0,1188.0
Metalware,Premium,Medium,11.7,1.86,67.1,0.558,130.4,900.0,2916.0
Textile,Standard,Large,14.3,3.06,61.9,0.832,124.7,644.0,2906.0
Textile,Economy,Medium,8.8,1.42,67.4,0.56,128.8,280.0,2072.0
Pottery,Premium,Medium,12.8,6.4,74.8,0.675,72.4,216.0,2010.0
BambooCane,Standard,Medium,3.4,7.2,73.2,0.386,89.6,172.5,934.0
BambooCane,Standard,Large,7.9,6.06,56.1,0.63,146.6,276.0,2375.0
Textile,Standard,Small,6.8,2.18,69.5,0.205,80.3,281.7,1468.0
Pottery,Standard,Large,5.9,3.53,57.6,0.936,125.6,220.8,1105.0
Metalware,Standard,Large,12.2,5.88,66.0,0.47,74.3,920.0,3370.0
Jewelry,Premium,Medium,8.6,5.94,84.8,0.511,66.7,1080.0,3503.0
Leatherwork,Premium,Medium,7.0,3.79,79.9,0.779,93.1,810.0,2274.0
Painting,Standard,Small,7.2,5.6,50.5,0.255,136.7,201.2,2311.0
Painting,Economy,Small,8.4,5.78,64.9,0.827,105.3,140.0,1409.0
BambooCane,Premium,Medium,1.9,2.12,57.1,0.486,108.4,270.0,740.0
Leatherwork,Economy,Medium,20.8,6.16,96.9,0.394,107.2,360.0,6180.0
Metalware,Economy,Large,8.4,6.16,83.5,0.906,69.0,640.0,1857.0
Painting,Standard,Small,6.6,4.39,73.8,0.945,79.3,201.2,955.0
BambooCane,Premium,Small,2.6,3.87,65.9,0.885,87.4,189.0,569.0
Metalware,Economy,Medium,11.9,6.43,75.0,0.366,99.0,400.0,3062.0
Woodwork,Standard,Small,7.6,6.69,100.0,0.796,132.2,322.0,2310.0
Textile,Standard,Large,7.5,5.33,83.2,0.641,71.1,644.0,2120.0
BambooCane,Standard,Medium,3.7,1.94,87.4,0.869,104.9,172.5,792.0
Pottery,Standard,Small,12.4,3.26,83.1,0.585,149.0,96.6,3370.0
Jewelry,Premium,Medium,7.5,8.25,87.8,0.889,109.0,1080.0,3647.0
Leatherwork,Standard,Small,5.8,6.8,96.7,0.65,77.2,362.2,2014.0
Leatherwork,Standard,Large,15.9,7.29,66.7,0.808,106.1,828.0,3972.0
Textile,Standard,Small,2.4,5.21,61.2,0.49,142.5,281.7,1031.0
Jewelry,Standard,Small,4.7,4.61,56.7,0.13,95.9,483.0,1755.0
BambooCane,Standard,Medium,4.3,3.01,93.0,0.351,99.6,172.5,1242.0
Painting,Standard,Small,11.9,3.69,75.0,0.244,131.0,201.2,3398.0
Pottery,Economy,Medium,3.0,1.7,61.9,0.766,141.0,96.0,675.0
Painting,Economy,Large,16.0,6.53,56.9,0.795,145.3,320.0,3958.0
Textile,Premium,Small,1.9,3.12,78.1,0.261,102.2,441.0,960.0
Metalware,Economy,Medium,3.3,3.63,97.2,0.673,95.2,400.0,1083.0
Painting,Premium,Medium,7.7,7.92,63.0,0.619,129.1,450.0,2504.0
BambooCane,Economy,Large,7.7,6.11,89.8,0.389,110.4,192.0,2445.0
Jewelry,Standard,Medium,1.4,4.95,79.1,0.598,141.2,690.0,1663.0
Leatherwork,Standard,Medium,13.9,6.75,42.9,0.675,65.8,517.5,2264.0
BambooCane,Economy,Medium,5.2,0.5,77.6,0.589,117.8,120.0,977.0
BambooCane,Economy,Large,8.3,7.36,75.9,0.682,148.7,192.0,2518.0
Woodwork,Premium,Small,3.8,2.38,71.6,0.646,123.9,504.0,1353.0
BambooCane,Standard,Small,5.1,2.52,71.2,0.864,132.6,120.7,923.0
Jewelry,Standard,Small,2.5,4.22,84.9,0.478,116.2,483.0,1580.0
Pottery,Standard,Medium,7.5,8.29,49.9,0.169,133.7,138.0,2718.0
Painting,Premium,Small,8.1,3.61,60.3,0.353,139.6,315.0,2530.0
Metalware,Standard,Small,9.5,5.0,81.2,0.616,72.6,402.5,1929.0
Jewelry,Standard,Small,4.1,7.39,47.3,0.368,90.4,483.0,1523.0
Painting,Standard,Small,9.4,7.3,75.0,0.4,144.5,201.2,3199.0
Pottery,Premium,Medium,2.5,6.27,84.5,0.39,110.5,216.0,1066.0
Painting,Standard,Small,8.8,3.27,77.4,0.132,147.7,201.2,2645.0
Pottery,Economy,Small,4.1,1.41,63.4,0.431,136.3,67.2,820.0
Leatherwork,Economy,Small,7.0,1.25,56.4,0.682,92.6,252.0,1208.0
BambooCane,Economy,Medium,20.5,3.99,76.1,0.74,111.1,120.0,4024.0
Metalware,Economy,Large,6.0,2.86,29.0,0.739,99.5,640.0,1360.0
Jewelry,Economy,Small,9.5,4.52,65.4,0.327,65.2,336.0,1715.0
Leatherwork,Standard,Medium,10.0,0.97,74.2,0.311,84.4,517.5,1842.0
BambooCane,Standard,Large,3.4,6.29,74.1,0.513,140.5,276.0,1316.0
Jewelry,Standard,Medium,10.0,4.55,79.5,0.774,108.2,690.0,2588.0
Woodwork,Economy,Medium,10.6,2.1,59.5,0.132,126.2,320.0,2473.0
Woodwork,Standard,Medium,23.0,4.19,84.5,0.822,98.9,460.0,4050.0
Pottery,Standard,Medium,7.6,5.79,74.7,0.86,91.8,138.0,1398.0
Jewelry,Economy,Large,7.2,4.34,100.0,0.458,147.7,768.0,3899.0
Woodwork,Economy,Small,10.0,6.77,79.8,0.898,127.7,224.0,2128.0
Painting,Standard,Large,10.2,4.94,99.5,0.362,72.2,460.0,2452.0
Jewelry,Premium,Medium,9.4,0.5,66.1,0.502,73.7,1080.0,2032.0
Jewelry,Economy,Small,9.2,4.07,69.0,0.236,109.0,336.0,2482.0
Woodwork,Economy,Large,15.0,7.28,69.5,0.05,95.4,512.0,5284.0
Metalware,Standard,Medium,8.8,7.18,68.3,0.58,102.3,575.0,2386.0
Textile,Economy,Small,3.7,2.87,91.4,0.066,94.6,196.0,1056.0
Textile,Standard,Small,17.1,2.89,73.1,0.461,95.6,281.7,2901.0
Metalware,Standard,Medium,8.3,2.66,57.4,0.749,92.6,575.0,1584.0
Jewelry,Standard,Medium,12.1,2.65,63.0,0.801,93.5,690.0,2131.0
Leatherwork,Economy,Large,14.5,0.8,67.7,0.308,92.5,576.0,2866.0
Jewelry,Standard,Small,4.1,2.57,72.2,0.8,109.3,483.0,1246.0
Jewelry,Premium,Medium,14.1,4.26,91.6,0.327,85.8,1080.0,5119.0
Jewelry,Economy,Medium,6.2,5.05,71.2,0.691,62.5,480.0,1260.0
Leatherwork,Standard,Small,6.3,4.2,82.7,0.702,140.9,362.2,2030.0
Jewelry,Economy,Medium,6.0,2.94,57.7,0.706,63.4,480.0,1306.0
BambooCane,Economy,Medium,5.0,6.18,70.2,0.538,70.2,120.0,845.0
Textile,Economy,Medium,7.3,4.52,79.1,0.536,90.0,280.0,1727.0
Leatherwork,Standard,Medium,9.3,2.57,61.7,0.552,149.1,517.5,2491.0
BambooCane,Economy,Small,7.5,8.81,70.5,0.677,140.8,84.0,2157.0
Woodwork,Standard,Small,6.4,2.03,75.4,0.432,74.7,322.0,1353.0
Woodwork,Economy,Medium,16.9,5.16,53.5,0.57,61.4,320.0,2339.0
Painting,Economy,Small,7.6,2.54,70.3,0.179,104.6,140.0,1349.0
Leatherwork,Standard,Medium,29.8,3.03,87.8,0.427,112.4,517.5,8405.0
Leatherwork,Economy,Medium,6.4,1.83,50.2,0.547,142.2,360.0,1635.0
BambooCane,Economy,Medium,12.0,0.72,91.6,0.513,72.3,120.0,1361.0
Painting,Premium,Small,4.0,2.05,90.0,0.813,81.5,315.0,885.0
BambooCane,Standard,Large,10.0,4.78,71.7,0.387,103.7,276.0,2536.0
BambooCane,Economy,Medium,1.2,3.01,62.8,0.335,72.0,120.0,366.0
Woodwork,Standard,Medium,4.7,4.87,100.0,0.399,102.4,460.0,1680.0
Pottery,Standard,Small,9.5,2.87,72.0,0.807,138.6,96.6,1886.0
Pottery,Premium,Medium,3.7,0.6,91.2,0.587,99.0,216.0,867.0
Metalware,Standard,Medium,15.4,3.45,81.6,0.613,75.5,575.0,2667.0
Woodwork,Economy,Small,6.9,2.99,68.2,0.299,104.5,224.0,1565.0
Painting,Economy,Large,14.8,3.78,54.9,0.695,113.9,320.0,2602.0
Metalware,Standard,Medium,16.9,4.88,82.3,0.624,89.8,575.0,3741.0
Painting,Economy,Medium,6.2,1.7,72.0,0.094,97.2,200.0,1447.0
Pottery,Standard,Medium,12.9,3.01,66.4,0.655,144.5,138.0,2823.0
BambooCane,Standard,Small,9.7,3.62,83.3,0.213,133.3,120.7,2696.0
Metalware,Economy,Small,2.3,3.08,85.2,0.79,135.9,280.0,902.0
Woodwork,Standard,Small,7.5,4.48,83.9,0.165,133.1,322.0,2560.0
Jewelry,Standard,Large,3.5,3.75,81.8,0.556,81.7,1104.0,2225.0
Metalware,Economy,Large,5.2,3.37,58.2,0.362,139.7,640.0,1964.0
Leatherwork,Standard,Small,20.9,1.75,70.9,0.696,80.4,362.2,2401.0
Pottery,Premium,Large,4.8,5.88,100.0,0.05,140.2,345.6,2334.0
Pottery,Standard,Small,5.3,4.58,82.4,0.757,139.4,96.6,1293.0
Painting,Standard,Medium,19.2,0.71,89.2,0.714,99.5,287.5,2558.0
Pottery,Premium,Small,11.8,3.55,99.7,0.897,104.0,151.2,2148.0
Textile,Economy,Medium,25.8,4.05,91.3,0.582,86.8,280.0,4378.0
Jewelry,Premium,Medium,5.5,1.18,66.0,0.788,78.0,1080.0,1441.0
Leatherwork,Standard,Medium,12.2,2.28,82.9,0.858,125.0,517.5,2659.0
Painting,Economy,Medium,9.5,3.04,73.0,0.853,85.0,200.0,1455.0
Leatherwork,Economy,Small,7.2,5.2,94.7,0.646,104.6,252.0,1993.0
Painting,Standard,Large,10.6,2.15,93.8,0.669,132.3,460.0,3191.0
BambooCane,Economy,Medium,14.6,1.77,67.5,0.329,111.7,120.0,2982.0
Jewelry,Standard,Large,9.4,1.69,75.2,0.725,72.2,1104.0,2459.0
Painting,Standard,Medium,9.5,2.81,88.7,0.52,66.1,287.5,1450.0
Textile,Premium,Small,7.7,0.76,79.9,0.17,89.1,441.0,1664.0
Textile,Economy,Medium,5.7,6.27,80.3,0.574,71.6,280.0,1325.0
Textile,Standard,Medium,8.7,3.03,81.9,0.235,76.7,402.5,1860.0
BambooCane,Economy,Medium,6.8,7.74,79.2,0.491,128.1,120.0,2140.0
BambooCane,Economy,Medium,4.8,5.15,81.7,0.557,66.4,120.0,880.0
Jewelry,Standard,Small,6.4,4.97,77.3,0.378,92.7,483.0,2133.0
Painting,Economy,Small,14.7,3.15,89.1,0.769,114.3,140.0,2548.0
Painting,Standard,Medium,5.1,5.32,55.5,0.355,81.5,287.5,1350.0
Textile,Standard,Small,10.3,1.36,98.1,0.469,107.8,281.7,2458.0
Painting,Economy,Small,7.8,7.96,100.0,0.657,73.4,140.0,1519.0
Leatherwork,Standard,Medium,5.2,2.75,88.0,0.925,126.0,517.5,1612.0
Jewelry,Premium,Large,9.4,4.72,57.6,0.64,114.6,1728.0,4711.0
Textile,Premium,Small,12.8,4.39,74.1,0.515,135.7,441.0,3451.0
Painting,Standard,Small,8.7,6.05,55.0,0.05,148.2,201.2,3456.0
Woodwork,Standard,Medium,13.6,2.96,60.7,0.814,110.3,460.0,2871.0
Leatherwork,Premium,Medium,3.0,1.42,55.9,0.617,142.4,810.0,1696.0
Metalware,Economy,Large,14.0,3.68,56.5,0.337,116.6,640.0,3525.0
Metalware,Economy,Large,5.3,1.92,97.6,0.453,137.5,640.0,2122.0
Pottery,Economy,Small,9.7,3.25,67.1,0.474,112.5,67.2,1989.0
Jewelry,Standard,Medium,16.8,4.7,83.8,0.729,68.9,690.0,3019.0
Woodwork,Economy,Medium,3.0,4.34,64.8,0.644,140.5,320.0,1074.0
Woodwork,Standard,Medium,6.3,4.54,89.9,0.517,82.6,460.0,2126.0
Metalware,Standard,Small,3.2,3.33,59.8,0.427,148.0,402.5,1475.0
Painting,Standard,Small,4.3,4.14,83.6,0.472,95.5,201.2,1124.0
Woodwork,Economy,Small,5.6,3.67,81.6,0.695,123.5,224.0,1519.0
BambooCane,Standard,Large,2.6,3.84,100.0,0.763,127.1,276.0,1100.0
Jewelry,Economy,Large,5.1,2.63,85.3,0.512,106.3,768.0,2417.0
Painting,Standard,Medium,10.6,2.08,83.6,0.328,88.3,287.5,2267.0
Woodwork,Premium,Medium,7.3,4.16,72.0,0.306,100.7,720.0,2729.0
Woodwork,Standard,Medium,9.1,3.24,60.8,0.218,119.9,460.0,2697.0
BambooCane,Standard,Medium,9.5,8.1,64.2,0.476,145.2,172.5,3190.0
Jewelry,Standard,Medium,14.7,6.22,88.2,0.514,140.0,690.0,5515.0
Leatherwork,Standard,Medium,16.2,3.39,58.5,0.686,136.5,517.5,4291.0
Jewelry,Economy,Medium,8.5,2.93,67.0,0.655,135.6,480.0,2156.0
Metalware,Premium,Medium,6.3,7.37,59.1,0.777,127.1,900.0,2798.0
Woodwork,Economy,Small,17.6,4.04,66.1,0.794,68.0,224.0,2031.0
Woodwork,Premium,Medium,6.3,4.97,80.0,0.358,74.1,720.0,2557.0
Leatherwork,Economy,Medium,14.5,3.65,72.4,0.385,75.7,360.0,2334.0
BambooCane,Standard,Medium,12.6,1.01,88.8,0.345,134.0,172.5,2717.0
BambooCane,Standard,Large,7.4,6.74,65.3,0.842,131.5,276.0,2102.0
Woodwork,Standard,Medium,10.4,2.58,82.0,0.352,144.3,460.0,3389.0
Pottery,Economy,Large,18.0,3.22,53.0,0.665,147.7,153.6,3864.0
Jewelry,Standard,Large,11.0,0.5,78.9,0.188,77.1,1104.0,3136.0
Woodwork,Premium,Small,3.1,4.42,70.3,0.531,119.9,504.0,1563.0
Leatherwork,Economy,Large,9.3,1.87,66.7,0.731,135.1,576.0,2709.0
Jewelry,Economy,Large,2.1,4.99,62.9,0.708,146.2,768.0,1244.0
Textile,Standard,Large,8.8,4.3,71.2,0.372,85.0,644.0,2318.0
Pottery,Standard,Medium,11.4,4.05,82.5,0.299,126.3,138.0,3343.0
Jewelry,Standard,Medium,2.1,5.13,88.8,0.271,129.1,690.0,2180.0
Leatherwork,Economy,Medium,5.2,3.29,76.3,0.3,121.9,360.0,1828.0
Leatherwork,Premium,Large,7.5,3.18,66.0,0.538,91.7,1296.0,3293.0
Metalware,Economy,Medium,20.6,7.47,72.9,0.415,88.0,400.0,5166.0
Textile,Economy,Small,3.3,6.23,50.7,0.415,123.1,196.0,1284.0
Woodwork,Premium,Large,2.8,5.53,65.0,0.571,141.1,1152.0,3096.0
Leatherwork,Economy,Medium,6.3,2.65,66.8,0.826,116.8,360.0,1555.0
Metalware,Economy,Small,8.8,4.94,71.9,0.504,88.2,280.0,1901.0
Textile,Economy,Medium,6.0,4.0,44.3,0.462,93.8,280.0,1115.0
Painting,Premium,Small,6.4,5.54,63.8,0.714,109.9,315.0,1414.0
BambooCane,Standard,Large,13.0,1.94,100.0,0.125,66.9,276.0,2433.0
Woodwork,Economy,Medium,4.3,5.91,75.5,0.142,66.2,320.0,1259.0
Painting,Standard,Small,9.9,3.51,56.4,0.573,136.6,201.2,2416.0
Metalware,Standard,Medium,10.8,0.5,58.0,0.894,145.6,575.0,1881.0
Jewelry,Economy,Medium,7.0,5.58,84.5,0.833,64.3,480.0,1674.0
Painting,Economy,Medium,7.6,4.68,69.3,0.276,77.3,200.0,1352.0
Textile,Standard,Large,8.1,1.94,40.8,0.301,77.9,644.0,1812.0
Pottery,Standard,Small,6.8,7.21,59.4,0.547,139.4,96.6,1885.0
Woodwork,Economy,Medium,8.2,5.75,63.2,0.589,113.3,320.0,2020.0
Metalware,Standard,Small,9.6,0.5,44.5,0.683,129.6,402.5,1688.0
Textile,Standard,Small,7.7,1.73,66.4,0.668,68.0,281.7,1167.0
Jewelry,Economy,Small,5.8,3.31,92.4,0.305,122.3,336.0,2066.0
Woodwork,Economy,Medium,16.3,6.38,84.3,0.433,96.9,320.0,4056.0
Woodwork,Economy,Large,10.3,3.2,36.9,0.597,109.1,512.0,2051.0
Pottery,Premium,Small,6.3,3.88,68.3,0.185,110.6,151.2,1654.0
Textile,Economy,Small,9.7,9.11,88.7,0.629,94.9,196.0,2663.0
Metalware,Premium,Large,9.9,1.65,95.3,0.089,140.9,1440.0,5089.0
Painting,Standard,Medium,4.8,7.03,58.7,0.559,146.9,287.5,1596.0
Leatherwork,Standard,Small,4.9,1.36,57.3,0.931,133.4,362.2,926.0
Woodwork,Economy,Large,7.0,3.5,100.0,0.487,83.4,512.0,2069.0
Leatherwork,Standard,Medium,5.0,3.02,57.2,0.304,127.2,517.5,2047.0
Pottery,Standard,Small,15.6,5.49,63.4,0.824,65.1,96.6,1743.0
Leatherwork,Standard,Large,6.8,8.09,80.4,0.05,121.0,828.0,4468.0
Metalware,Standard,Small,19.6,4.99,81.0,0.367,103.5,402.5,4628.0
Pottery,Standard,Small,9.4,6.53,71.0,0.793,78.9,96.6,1389.0
Woodwork,Standard,Medium,5.3,4.53,65.2,0.846,128.9,460.0,1594.0
BambooCane,Economy,Medium,8.1,7.17,65.4,0.05,97.2,120.0,2312.0
Pottery,Standard,Medium,19.3,3.16,56.1,0.579,71.9,138.0,1867.0
Leatherwork,Standard,Large,11.4,2.66,68.0,0.406,141.7,828.0,3642.0
Woodwork,Standard,Small,12.8,2.7,57.4,0.445,121.5,322.0,2800.0
Woodwork,Standard,Small,2.0,1.83,61.2,0.346,102.1,322.0,786.0
Woodwork,Economy,Medium,9.2,3.24,65.5,0.497,90.3,320.0,1801.0
Woodwork,Economy,Large,8.9,0.93,94.3,0.251,63.4,512.0,1616.0
Jewelry,Premium,Medium,2.6,5.5,70.7,0.729,60.6,1080.0,1872.0
Leatherwork,Standard,Medium,3.9,2.0,79.0,0.485,118.7,517.5,1428.0
Painting,Standard,Large,8.7,2.74,67.1,0.529,131.5,460.0,2398.0
Textile,Standard,Small,11.9,1.69,84.1,0.679,82.7,281.7,2068.0
Textile,Economy,Small,7.1,1.81,51.9,0.95,92.0,196.0,855.0
Painting,Standard,Medium,11.0,6.85,88.5,0.061,66.0,287.5,2774.0
Metalware,Standard,Large,7.8,2.91,82.3,0.651,68.3,920.0,2065.0
Pottery,Premium,Medium,3.9,0.99,57.9,0.422,109.1,216.0,816.0
BambooCane,Premium,Large,13.7,5.87,70.1,0.652,67.8,432.0,2106.0
Painting,Standard,Medium,17.5,5.95,59.9,0.887,111.9,287.5,3458.0
Pottery,Economy,Large,3.3,4.4,69.6,0.14,149.6,153.6,1209.0
BambooCane,Economy,Large,3.9,2.88,55.3,0.309,113.0,192.0,1059.0
Jewelry,Standard,Small,14.7,3.23,85.7,0.58,73.4,483.0,2701.0
Woodwork,Premium,Large,9.6,6.86,81.7,0.343,67.8,1152.0,4026.0
Pottery,Standard,Large,5.8,3.44,45.4,0.203,114.8,220.8,1379.0
Woodwork,Premium,Medium,15.9,4.06,93.1,0.738,122.8,720.0,4244.0
Metalware,Economy,Medium,2.0,1.89,100.0,0.95,149.4,400.0,868.0
BambooCane,Standard,Small,3.8,1.78,84.5,0.764,121.0,120.7,676.0
Woodwork,Standard,Small,9.8,3.26,58.0,0.651,63.6,322.0,1279.0
Woodwork,Economy,Small,7.0,6.11,95.9,0.44,146.9,224.0,2762.0
Metalware,Standard,Large,7.5,3.55,76.5,0.637,81.8,920.0,2638.0
Metalware,Economy,Large,6.5,2.6,52.9,0.277,63.1,640.0,1367.0
Woodwork,Economy,Medium,5.2,2.56,82.1,0.447,78.0,320.0,1365.0
Leatherwork,Standard,Small,16.7,8.89,81.7,0.732,130.6,362.2,5793.0
Pottery,Standard,Small,16.1,7.02,92.7,0.38,122.3,96.6,5531.0
Leatherwork,Economy,Small,12.9,0.91,73.8,0.483,94.8,252.0,2209.0
BambooCane,Standard,Small,4.8,7.36,78.6,0.228,71.0,120.7,1159.0
Leatherwork,Premium,Medium,9.4,2.77,91.3,0.317,145.4,810.0,3920.0
Painting,Economy,Medium,18.1,4.31,44.3,0.736,123.0,200.0,2746.0
Jewelry,Standard,Medium,13.6,3.58,45.1,0.769,114.1,690.0,2512.0
Pottery,Economy,Medium,13.5,2.97,61.6,0.518,71.0,96.0,1724.0
BambooCane,Premium,Medium,4.0,0.71,71.6,0.293,92.3,270.0,1034.0
Textile,Standard,Medium,5.6,5.12,94.9,0.147,77.6,402.5,2176.0
Textile,Economy,Small,2.4,1.07,67.5,0.495,62.0,196.0,386.0
Woodwork,Standard,Large,4.7,6.52,90.1,0.57,73.8,736.0,2322.0
Painting,Premium,Large,11.2,2.74,58.1,0.377,139.6,720.0,3004.0
BambooCane,Standard,Medium,7.9,1.58,75.9,0.775,119.6,172.5,1317.0
Painting,Economy,Medium,12.0,6.3,83.5,0.512,137.7,200.0,3669.0
Pottery,Premium,Medium,7.6,5.78,57.9,0.658,138.8,216.0,2231.0
Painting,Standard,Small,10.2,4.11,57.2,0.281,113.8,201.2,2005.0
BambooCane,Economy,Medium,13.4,2.89,42.7,0.779,93.4,120.0,1538.0
Painting,Standard,Small,10.2,6.51,45.1,0.624,122.5,201.2,2340.0
Woodwork,Standard,Medium,10.2,7.35,83.8,0.574,121.5,460.0,3537.0
Woodwork,Standard,Small,7.3,8.25,95.7,0.778,62.5,322.0,1789.0
Jewelry,Standard,Small,10.1,5.43,82.7,0.297,111.6,483.0,3367.0
Jewelry,Economy,Large,5.2,5.41,88.3,0.769,85.0,768.0,2386.0
BambooCane,Premium,Small,10.6,3.01,79.1,0.302,68.9,189.0,1944.0
Leatherwork,Standard,Large,3.9,2.88,96.3,0.491,64.6,828.0,2039.0
Leatherwork,Economy,Small,5.6,5.6,53.7,0.315,87.7,252.0,1289.0
Leatherwork,Economy,Large,11.0,3.0,76.1,0.335,81.6,576.0,2272.0
BambooCane,Premium,Medium,18.5,6.5,71.5,0.103,126.6,270.0,6755.0
Leatherwork,Economy,Medium,14.6,5.59,71.8,0.142,62.4,360.0,2421.0
Textile,Premium,Small,6.4,3.04,72.0,0.605,131.8,441.0,1785.0
Painting,Economy,Large,2.7,5.83,76.6,0.173,70.2,320.0,1019.0
Woodwork,Premium,Large,13.2,5.96,100.0,0.812,136.1,1152.0,5652.0
Leatherwork,Standard,Small,6.4,1.31,40.9,0.853,84.5,362.2,920.0
BambooCane,Economy,Medium,8.7,1.94,81.8,0.676,66.5,120.0,860.0
Leatherwork,Standard,Large,8.8,1.54,64.5,0.459,70.6,828.0,1866.0
Painting,Standard,Medium,9.3,3.2,61.2,0.254,124.7,287.5,2825.0
Metalware,Standard,Small,6.0,6.07,57.3,0.207,117.0,402.5,2296.0
BambooCane,Standard,Large,10.5,6.52,73.4,0.289,63.8,276.0,2160.0
Painting,Standard,Large,7.7,6.74,98.5,0.343,93.8,460.0,3189.0
Pottery,Standard,Medium,13.5,3.25,48.1,0.477,115.5,138.0,2105.0
Textile,Standard,Medium,5.2,0.99,73.6,0.485,92.1,402.5,1315.0
Pottery,Economy,Small,4.0,5.34,64.8,0.667,73.6,67.2,587.0
BambooCane,Standard,Medium,10.7,5.59,76.3,0.19,137.6,172.5,4057.0
Textile,Economy,Small,10.7,6.31,87.7,0.902,145.6,196.0,3047.0
Metalware,Economy,Medium,8.8,5.24,70.8,0.831,146.1,400.0,2569.0
Painting,Economy,Small,10.0,6.7,80.3,0.556,112.5,140.0,2352.0
Textile,Premium,Small,7.9,6.8,74.7,0.255,99.6,441.0,2933.0
Pottery,Standard,Large,1.0,2.58,77.2,0.381,84.8,220.8,588.0
Textile,Standard,Medium,13.3,0.96,71.1,0.72,121.5,402.5,2902.0
Woodwork,Standard,Medium,6.8,4.0,79.7,0.399,109.1,460.0,1682.0
BambooCane,Economy,Small,4.9,2.5,86.9,0.254,91.7,84.0,995.0
Jewelry,Economy,Small,19.3,4.83,70.5,0.305,86.8,336.0,3535.0
Metalware,Standard,Small,13.2,0.5,74.9,0.881,72.1,402.5,1559.0
Woodwork,Standard,Large,5.4,3.31,87.0,0.889,117.1,736.0,1815.0
Pottery,Economy,Medium,16.7,4.17,82.2,0.613,129.2,96.0,3574.0
Leatherwork,Premium,Medium,6.0,7.98,62.7,0.305,112.6,810.0,3061.0
Metalware,Standard,Medium,16.7,5.41,75.8,0.779,88.9,575.0,3101.0
Metalware,Standard,Large,10.0,3.93,82.8,0.554,113.9,920.0,3851.0
Woodwork,Premium,Small,24.5,4.53,62.5,0.946,120.5,504.0,4430.0
BambooCane,Economy,Medium,9.9,4.32,53.4,0.765,123.9,120.0,1798.0
Leatherwork,Premium,Large,12.9,4.08,65.4,0.608,70.8,1296.0,3442.0
Jewelry,Economy,Small,13.3,2.74,100.0,0.655,74.5,336.0,2031.0
Metalware,Economy,Medium,5.1,0.5,58.1,0.643,113.9,400.0,1054.0
Leatherwork,Standard,Small,3.3,5.86,94.7,0.238,136.1,362.2,1837.0
Jewelry,Standard,Medium,2.2,2.42,91.0,0.425,129.6,690.0,1575.0
BambooCane,Standard,Medium,4.8,3.03,71.7,0.734,81.8,172.5,719.0
Painting,Premium,Small,3.5,4.97,72.8,0.19,88.1,315.0,1250.0
BambooCane,Standard,Medium,9.9,1.35,71.2,0.288,101.1,172.5,1879.0
Pottery,Standard,Small,3.7,3.55,63.3,0.733,97.3,96.6,654.0
Textile,Economy,Medium,9.5,1.29,79.2,0.466,139.2,280.0,2223.0
Leatherwork,Standard,Medium,22.9,5.02,93.7,0.814,124.4,517.5,6417.0
Leatherwork,Economy,Small,11.7,0.5,75.0,0.909,94.9,252.0,1448.0
BambooCane,Standard,Small,5.8,3.19,60.3,0.722,101.9,120.7,956.0
Pottery,Economy,Medium,9.4,6.77,90.1,0.224,112.8,96.0,2759.0
Painting,Economy,Medium,8.4,3.95,56.6,0.778,70.3,200.0,1076.0
Painting,Premium,Small,3.1,6.55,87.2,0.05,86.7,315.0,1447.0
Pottery,Standard,Large,10.7,3.31,98.8,0.71,66.6,220.8,1733.0
Metalware,Economy,Small,19.1,3.02,45.0,0.698,89.5,280.0,2906.0
Jewelry,Premium,Small,9.1,5.35,54.3,0.288,60.3,756.0,2316.0
BambooCane,Premium,Medium,4.4,4.18,88.3,0.595,129.9,270.0,1629.0
Jewelry,Standard,Medium,7.3,5.67,100.0,0.631,137.3,690.0,3515.0
Leatherwork,Standard,Medium,3.5,1.15,61.1,0.708,65.6,517.5,767.0
Woodwork,Premium,Medium,4.8,0.97,81.4,0.568,112.5,720.0,1646.0
Metalware,Economy,Small,11.7,2.82,81.8,0.328,131.4,280.0,3084.0
Metalware,Economy,Medium,18.7,5.43,71.9,0.708,128.6,400.0,4441.0
Metalware,Standard,Medium,10.1,5.93,57.2,0.333,122.1,575.0,3594.0
Pottery,Standard,Large,7.2,2.6,66.4,0.424,131.3,220.8,1828.0
Textile,Standard,Small,8.6,6.28,83.9,0.539,95.4,281.7,2270.0
Woodwork,Premium,Medium,14.6,9.38,60.5,0.125,81.3,720.0,4949.0
Painting,Economy,Medium,9.2,3.56,61.6,0.451,124.4,200.0,2168.0
Pottery,Premium,Medium,8.7,2.31,70.1,0.642,78.5,216.0,1075.0
Metalware,Economy,Medium,3.7,5.16,43.4,0.465,62.7,400.0,998.0
Painting,Economy,Medium,12.3,3.17,68.6,0.627,64.6,200.0,1468.0
Jewelry,Standard,Large,28.2,5.46,59.9,0.809,132.4,1104.0,7430.0
BambooCane,Economy,Medium,3.3,6.52,64.7,0.439,119.1,120.0,1092.0
Jewelry,Standard,Medium,4.4,3.47,67.0,0.73,61.9,690.0,1339.0
Leatherwork,Standard,Large,14.0,6.57,95.5,0.339,62.1,828.0,4108.0
BambooCane,Standard,Medium,5.6,1.65,76.7,0.631,126.6,172.5,1222.0
Painting,Standard,Medium,43.2,3.89,51.9,0.213,107.5,287.5,7621.0
BambooCane,Standard,Small,11.6,1.67,81.6,0.447,131.7,120.7,2436.0
Painting,Standard,Small,11.0,2.07,85.8,0.427,82.0,201.2,1950.0
BambooCane,Standard,Small,8.5,1.93,82.1,0.358,77.5,120.7,1304.0
Woodwork,Economy,Small,5.0,6.41,77.9,0.567,63.7,224.0,1082.0
BambooCane,Standard,Small,10.4,5.54,64.7,0.214,90.1,120.7,1737.0
Pottery,Premium,Small,18.6,2.3,62.1,0.934,75.5,151.2,1799.0
Leatherwork,Economy,Small,13.7,3.18,80.0,0.906,115.9,252.0,2540.0
Pottery,Premium,Medium,3.0,3.89,96.8,0.41,69.5,216.0,797.0
Pottery,Standard,Large,19.9,1.92,44.3,0.95,75.8,220.8,1685.0
BambooCane,Premium,Medium,4.7,5.85,66.4,0.479,93.6,270.0,1266.0
Pottery,Premium,Small,14.4,7.51,77.7,0.486,130.6,151.2,3973.0
Metalware,Economy,Large,11.4,2.09,56.5,0.612,74.6,640.0,2051.0
Metalware,Standard,Medium,12.7,4.57,50.2,0.22,101.8,575.0,3196.0
Painting,Premium,Small,1.5,7.41,90.5,0.571,127.7,315.0,1018.0
Leatherwork,Standard,Large,4.8,7.33,77.1,0.342,108.6,828.0,3145.0
Painting,Economy,Medium,7.5,0.5,59.6,0.802,72.0,200.0,726.0
Pottery,Economy,Medium,4.1,6.43,82.4,0.889,83.5,96.0,686.0
Textile,Premium,Large,19.1,2.68,84.8,0.429,86.4,1008.0,4400.0
BambooCane,Standard,Small,5.4,4.19,79.3,0.762,149.5,120.7,1406.0
Woodwork,Economy,Medium,8.6,1.91,58.2,0.094,112.7,320.0,2313.0
BambooCane,Economy,Large,11.2,3.62,88.5,0.646,83.3,192.0,2051.0
Leatherwork,Economy,Medium,4.0,5.12,93.2,0.314,60.8,360.0,1431.0
Leatherwork,Economy,Medium,4.9,2.59,62.7,0.444,139.5,360.0,1528.0
Pottery,Standard,Large,9.9,7.09,57.8,0.245,122.9,220.8,2729.0
Leatherwork,Premium,Small,2.6,1.41,75.5,0.602,105.0,567.0,1222.0
Textile,Economy,Medium,2.9,4.33,80.4,0.866,77.3,280.0,753.0
Jewelry,Economy,Medium,10.9,2.75,84.8,0.544,111.0,480.0,2371.0
Textile,Economy,Large,16.4,6.3,42.4,0.577,119.6,448.0,3417.0
Painting,Economy,Large,3.1,8.25,75.2,0.829,112.0,320.0,1136.0
Pottery,Economy,Small,6.6,3.28,69.1,0.324,119.4,67.2,1414.0
Painting,Economy,Small,16.3,5.48,60.9,0.759,139.2,140.0,3904.0
BambooCane,Standard,Large,17.3,4.87,86.9,0.338,65.8,276.0,2927.0
Jewelry,Economy,Small,8.2,1.88,81.5,0.333,120.8,336.0,2493.0
Metalware,Economy,Medium,19.7,8.84,82.9,0.236,69.3,400.0,3783.0
Pottery,Premium,Medium,8.1,3.3,56.8,0.403,103.0,216.0,1799.0
Leatherwork,Economy,Small,14.7,1.65,68.2,0.569,94.7,252.0,2249.0
Metalware,Premium,Small,4.2,6.1,93.0,0.439,66.0,630.0,2009.0
Pottery,Standard,Medium,6.4,6.95,44.3,0.521,70.8,138.0,1017.0
Jewelry,Economy,Medium,13.8,1.28,69.8,0.384,131.4,480.0,3236.0
Textile,Premium,Medium,2.5,2.29,97.4,0.403,144.4,630.0,1621.0
Textile,Premium,Small,2.3,1.06,70.4,0.402,114.2,441.0,1005.0
Painting,Economy,Medium,23.5,3.83,72.5,0.751,129.0,200.0,4718.0
Metalware,Standard,Medium,12.2,6.52,64.3,0.386,85.5,575.0,3724.0
BambooCane,Standard,Small,5.3,2.88,68.5,0.477,142.3,120.7,1430.0
Textile,Economy,Large,11.0,5.42,67.2,0.638,69.3,448.0,1999.0
Textile,Economy,Large,15.0,2.94,65.0,0.348,119.0,448.0,3682.0
Jewelry,Standard,Medium,8.9,1.6,67.0,0.573,84.3,690.0,1925.0
